{"type": "FeatureCollection", "features": [{"type": "Feature", "geometry": {"type": "LineString", "coordinates": [[33.7336721, 35.259988], [33.7335778, 35.2597932], [33.7334335, 35.2596738], [33.7333566, 35.2594995], [33.7332951, 35.2593016], [33.7332739, 35.2590613], [33.7333047, 35.2586985], [33.7333042, 35.2585902], [33.7331667, 35.2584512]]}, "properties": {"feature_type": "road", "highway": "tertiary", "landuse": ""}}, {"type": "Feature", "geometry": {"type": "LineString", "coordinates": [[33.7282062, 35.2562802], [33.7285519, 35.2565707], [33.7289047, 35.2568765], [33.7298603, 35.2577132], [33.7300336, 35.2578649], [33.7309874, 35.2586193], [33.7312441, 35.2588378], [33.7316033, 35.2593251], [33.7316623, 35.2594051], [33.7319235, 35.2597575], [33.7320103, 35.2598632]]}, "properties": {"feature_type": "road", "highway": "tertiary", "landuse": ""}}, {"type": "Feature", "geometry": {"type": "LineString", "coordinates": [[33.5823179, 35.3411149], [33.5820154, 35.340999], [33.581668, 35.3408475], [33.5816207, 35.3408253], [33.5812797, 35.3407149], [33.581056, 35.3406423], [33.5807128, 35.3405625], [33.580578, 35.3405549], [33.580503, 35.3405431], [33.5802894, 35.3404835], [33.5800367, 35.3404421], [33.5799632, 35.34044], [33.5799118, 35.3404238], [33.5796827, 35.3403656], [33.57944, 35.3403396], [33.5792107, 35.3403393], [33.5790226, 35.3403548], [33.578853, 35.3403665], [33.5786556, 35.3404097], [33.5784819, 35.3404963], [33.5781584, 35.3407332], [33.5780027, 35.3408909], [33.5778631, 35.3410595], [33.5777917, 35.3411827], [33.5777444, 35.341424], [33.5777321, 35.3415244], [33.5777387, 35.3416553], [33.577784, 35.3417716], [33.5779217, 35.3419544], [33.5780782, 35.3421591], [33.57821, 35.3423436], [33.5783776, 35.3424878], [33.5788536, 35.3428531], [33.5789669, 35.3429641], [33.5790533, 35.3431057], [33.5791478, 35.3434035], [33.5792039, 35.3435123], [33.5793824, 35.3437227], [33.5794468, 35.3437716], [33.5794685, 35.3438222], [33.5794647, 35.3438801], [33.5794295, 35.3439164], [33.5793668, 35.3439436], [33.5793049, 35.3439392], [33.5792415, 35.3439253], [33.5791232, 35.3438964], [33.5789494, 35.343813], [33.5782789, 35.3434766], [33.5781035, 35.3433988], [33.5780032, 35.3433594], [33.577955, 35.3433579], [33.5779109, 35.3433746], [33.5778747, 35.3434012], [33.577853, 35.3434385], [33.5778475, 35.3434891], [33.5778548, 35.3435952], [33.5778754, 35.3436995], [33.5779409, 35.3439734], [33.5780121, 35.3441446], [33.578096, 35.3442312], [33.5781839, 35.3442813], [33.5785525, 35.3444752], [33.5789828, 35.3446624], [33.5791363, 35.344736], [33.5791729, 35.3447981], [33.5791724, 35.3448527], [33.5791373, 35.3448883], [33.5790912, 35.3449028], [33.5790208, 35.344914], [33.5788959, 35.3449327], [33.5787624, 35.344959], [33.5785194, 35.3449707]]}, "properties": {"feature_type": "road", "highway": "tertiary", "landuse": ""}}, {"type": "Feature", "geometry": {"type": "LineString", "coordinates": [[33.597621, 35.3512024], [33.5976287, 35.3513692]]}, "properties": {"feature_type": "road", "highway": "unclassified", "landuse": ""}}, {"type": "Feature", "geometry": {"type": "LineString", "coordinates": [[33.5745172, 35.3457047], [33.5748034, 35.3454755], [33.574923, 35.3454034], [33.5750998, 35.3453226], [33.5752698, 35.3452652], [33.5757984, 35.3450989], [33.5761314, 35.3449997], [33.5766642, 35.3448805], [33.5768662, 35.3448584], [33.5770897, 35.3448308], [33.5773582, 35.3448325], [33.5776086, 35.3448526], [33.5779662, 35.3449031], [33.5782741, 35.3449563], [33.5784233, 35.3449701], [33.5785194, 35.3449707]]}, "properties": {"feature_type": "road", "highway": "tertiary", "landuse": ""}}, {"type": "Feature", "geometry": {"type": "LineString", "coordinates": [[33.5799118, 35.3404238], [33.579917, 35.3403686], [33.5799439, 35.3403005], [33.5800095, 35.3402084], [33.5800884, 35.340125], [33.5801637, 35.34002], [33.5801847, 35.3399175], [33.5802321, 35.3398503], [33.5802832, 35.3397441], [33.5802982, 35.3396157], [33.5802832, 35.3394074], [33.5802966, 35.3390291], [33.5803547, 35.3387601], [33.5804632, 35.3381157], [33.5805908, 35.3378054], [33.5806399, 35.3377274], [33.5806816, 35.3375941], [33.5807549, 35.3372307], [33.5808549, 35.3370207], [33.5810778, 35.3366903], [33.5815216, 35.3360323], [33.5816297, 35.3357768], [33.5817169, 35.3356001], [33.5818811, 35.3353058], [33.5819308, 35.3352161], [33.5820079, 35.3351302], [33.5821497, 35.3350083]]}, "properties": {"feature_type": "road", "highway": "residential", "landuse": ""}}, {"type": "Feature", "geometry": {"type": "LineString", "coordinates": [[33.5803547, 35.3387601], [33.5804238, 35.3387283], [33.5804908, 35.3386833], [33.5806167, 35.3385922], [33.5808091, 35.3385107], [33.5810029, 35.3384482], [33.5811379, 35.3383759], [33.5812917, 35.33818], [33.581405, 35.3380417], [33.581555, 35.3377933], [33.581797, 35.3374961]]}, "properties": {"feature_type": "road", "highway": "residential", "landuse": ""}}, {"type": "Feature", "geometry": {"type": "LineString", "coordinates": [[33.5802526, 35.3365089], [33.580073, 35.336689], [33.5799204, 35.3369266], [33.5798219, 35.3371918], [33.579841, 35.3374487], [33.5798871, 35.3374885], [33.5799515, 35.3375201], [33.5801335, 35.3375424], [33.5802204, 35.3375737], [33.5802654, 35.337605], [33.5803138, 35.3376486], [33.5803813, 35.3377137], [33.58047, 35.3377641], [33.5805451, 35.3377897], [33.5805908, 35.3378054]]}, "properties": {"feature_type": "road", "highway": "residential", "landuse": ""}}, {"type": "Feature", "geometry": {"type": "LineString", "coordinates": [[33.5823143, 35.3345458], [33.5824323, 35.3345391], [33.5828173, 35.3346375], [33.5832173, 35.3347008], [33.5839556, 35.3347925], [33.5840077, 35.334751]]}, "properties": {"feature_type": "road", "highway": "residential", "landuse": ""}}, {"type": "Feature", "geometry": {"type": "LineString", "coordinates": [[33.5845521, 35.3375489], [33.5844591, 35.3375417], [33.5841072, 35.3375485], [33.5839803, 35.3375572], [33.583986, 35.3374851], [33.5840636, 35.3365925], [33.5840885, 35.3361547], [33.5841297, 35.3358702], [33.584169, 35.3357289]]}, "properties": {"feature_type": "road", "highway": "residential", "landuse": ""}}, {"type": "Feature", "geometry": {"type": "LineString", "coordinates": [[33.5841338, 35.3342251], [33.5840985, 35.3343432], [33.5840445, 35.3345048], [33.5840077, 35.334751], [33.5841033, 35.3354889]]}, "properties": {"feature_type": "road", "highway": "residential", "landuse": ""}}, {"type": "Feature", "geometry": {"type": "LineString", "coordinates": [[33.5841412, 35.3356688], [33.584169, 35.3357289], [33.5843121, 35.3360358], [33.5844284, 35.3363339], [33.5844671, 35.3365127], [33.5844577, 35.3366322], [33.5844168, 35.3367485], [33.5843464, 35.3368517], [33.5843176, 35.3369372], [33.5843263, 35.3370184], [33.5843482, 35.33709], [33.5844279, 35.3372232], [33.5844952, 35.3373651], [33.5845521, 35.3375489], [33.5845706, 35.3376875], [33.5845567, 35.337878], [33.5845539, 35.3379158], [33.5844386, 35.3384956], [33.5843773, 35.3388041], [33.5842874, 35.3393756], [33.5843173, 35.3398941], [33.5843176, 35.3400371], [33.5843075, 35.3402177], [33.5841871, 35.3404436], [33.5840689, 35.3406158], [33.5840454, 35.3406973], [33.5840457, 35.3407813], [33.5840467, 35.3408975], [33.5840291, 35.3409557], [33.5840045, 35.3410053], [33.5839646, 35.341037], [33.5839203, 35.3410549], [33.5838845, 35.3410579], [33.5837969, 35.3410532], [33.5833342, 35.3409492], [33.5831787, 35.3409377], [33.5830801, 35.3409492], [33.5826569, 35.3410329], [33.5823975, 35.3411139], [33.5823179, 35.3411149]]}, "properties": {"feature_type": "road", "highway": "tertiary", "landuse": ""}}, {"type": "Feature", "geometry": {"type": "LineString", "coordinates": [[33.5841338, 35.3342251], [33.5841021, 35.3341661], [33.5840071, 35.3341244], [33.5833447, 35.3339178], [33.5830123, 35.3338059], [33.5828679, 35.3337607], [33.5827351, 35.333696], [33.582681, 35.3336615], [33.5823143, 35.3345458], [33.5821539, 35.3349858], [33.5821497, 35.3350083], [33.5821044, 35.3351632], [33.5820942, 35.3351925], [33.5818958, 35.3359516], [33.5818985, 35.3360307], [33.5818956, 35.3365731], [33.5818398, 35.3369385], [33.5818056, 35.3371625], [33.581797, 35.3374961], [33.5817856, 35.3375991], [33.5818356, 35.3380758], [33.5818448, 35.3381585], [33.5818484, 35.3381972], [33.5819515, 35.3381592], [33.5820741, 35.3381028], [33.5821967, 35.3380463], [33.5823593, 35.3379534], [33.5824761, 35.3378046], [33.5826008, 35.3375426], [33.5826373, 35.3374622], [33.5827441, 35.3372537], [33.5828263, 35.3369592], [33.582931, 35.3367381], [33.5830638, 35.3365756], [33.5833357, 35.3362124], [33.5836173, 35.3358843], [33.5836802, 35.335813], [33.5837601, 35.3357659], [33.5839991, 35.3356636]]}, "properties": {"feature_type": "road", "highway": "residential", "landuse": ""}}, {"type": "Feature", "geometry": {"type": "LineString", "coordinates": [[33.5790226, 35.3403548], [33.5790465, 35.3405162], [33.5790589, 35.3405798], [33.579123, 35.3406892], [33.5791892, 35.3407408], [33.5793678, 35.3407935], [33.5795577, 35.3408996], [33.5795989, 35.3409015], [33.579815, 35.3407513], [33.5798685, 35.3407125], [33.579938, 35.3406188], [33.5799793, 35.3404911], [33.5799632, 35.34044]]}, "properties": {"feature_type": "road", "highway": "residential", "landuse": ""}}, {"type": "Feature", "geometry": {"type": "LineString", "coordinates": [[33.579815, 35.3407513], [33.5798809, 35.3408108], [33.5799864, 35.3408764], [33.5800737, 35.3409239], [33.5801476, 35.340962], [33.5802414, 35.3410089], [33.5804296, 35.3410816], [33.580572, 35.3411484], [33.5806477, 35.3411959], [33.5806794, 35.3412127], [33.5807403, 35.3412458], [33.5809936, 35.3413794], [33.5811771, 35.3414937], [33.581401, 35.3416022], [33.5816203, 35.3416625], [33.581497, 35.3418605], [33.5814912, 35.3419143], [33.5815182, 35.3419568], [33.5815705, 35.3419912], [33.5816205, 35.3420065], [33.5816097, 35.342049], [33.581602, 35.3420833], [33.5815931, 35.3421135], [33.5815826, 35.3421785], [33.5815538, 35.342242], [33.5815574, 35.3423057], [33.5815468, 35.3423497], [33.5815609, 35.3423802], [33.5816098, 35.3423959], [33.5816449, 35.3423977], [33.5817073, 35.3424133], [33.5817738, 35.3424226], [33.5818813, 35.3424429], [33.5819605, 35.3424552], [33.5820893, 35.3424883], [33.5821557, 35.3425021], [33.5822009, 35.3425337], [33.5822431, 35.3425507], [33.5822711, 35.3425893], [33.5823099, 35.342657], [33.5823507, 35.3427387], [33.5824131, 35.34279], [33.5824811, 35.342829], [33.582554, 35.3428757], [33.5826145, 35.3429265], [33.5827552, 35.3429746], [33.5828098, 35.3429887], [33.5829376, 35.3430186], [33.5830472, 35.343045], [33.583087, 35.3430578], [33.5831134, 35.343076], [33.5831486, 35.3431047], [33.583272, 35.3432993]]}, "properties": {"feature_type": "road", "highway": "residential", "landuse": ""}}, {"type": "Feature", "geometry": {"type": "LineString", "coordinates": [[33.5794647, 35.3438801], [33.5795367, 35.3438466], [33.5799678, 35.3433654], [33.5800264, 35.3433278], [33.5801259, 35.3433059], [33.5802834, 35.3432745], [33.5805252, 35.3431411], [33.5806093, 35.3429724], [33.5806157, 35.3428155], [33.5807361, 35.3425449], [33.5807676, 35.3424175], [33.580735, 35.3417681], [33.5806864, 35.3416173], [33.5805899, 35.3414648], [33.5806184, 35.3413324], [33.5806794, 35.3412127]]}, "properties": {"feature_type": "road", "highway": "residential", "landuse": ""}}, {"type": "Feature", "geometry": {"type": "LineString", "coordinates": [[33.5826906, 35.3438108], [33.5827168, 35.3437467], [33.582723, 35.3436791], [33.5827361, 35.3436308], [33.5827446, 35.3435915], [33.5827505, 35.3435584], [33.5827633, 35.3435226], [33.5827719, 35.3434893], [33.5827747, 35.3434621], [33.5827703, 35.3434328], [33.5827436, 35.3434053], [33.5826906, 35.3433863], [33.5826169, 35.3433663], [33.5825481, 35.3433571], [33.5824722, 35.3433315], [33.5823814, 35.3432874], [33.5821845, 35.3432032], [33.5819923, 35.3431143]]}, "properties": {"feature_type": "road", "highway": "residential", "landuse": ""}}, {"type": "Feature", "geometry": {"type": "LineString", "coordinates": [[33.582554, 35.3428757], [33.5824864, 35.3429455], [33.5824395, 35.3429815], [33.5823933, 35.3430125], [33.582375, 35.3430171], [33.5823431, 35.3430307], [33.582304, 35.3430403], [33.5822582, 35.3430511], [33.582206, 35.3430533], [33.5821456, 35.3430575], [33.5820916, 35.3430646], [33.58205, 35.3430682], [33.5820176, 35.3430897], [33.5819923, 35.3431143]]}, "properties": {"feature_type": "road", "highway": "residential", "landuse": ""}}, {"type": "Feature", "geometry": {"type": "LineString", "coordinates": [[33.5817952, 35.3435046], [33.5818161, 35.343448], [33.5818523, 35.3433716], [33.5818941, 35.3432936], [33.5819391, 35.3432188], [33.5819923, 35.3431143]]}, "properties": {"feature_type": "road", "highway": "residential", "landuse": ""}}, {"type": "Feature", "geometry": {"type": "LineString", "coordinates": [[33.5852581, 35.3428005], [33.5848137, 35.3427501], [33.5846241, 35.3426968], [33.5841917, 35.3425133], [33.5838895, 35.3423851], [33.5835731, 35.3422896], [33.5834948, 35.3422473], [33.5833444, 35.3421502], [33.5830656, 35.3420264], [33.5829118, 35.3419781], [33.582544, 35.3418322], [33.5823169, 35.3417915], [33.5822289, 35.3417195], [33.582221, 35.3416908], [33.5822322, 35.3415973], [33.5822248, 35.341516], [33.5822121, 35.3413756], [33.582231, 35.3412924], [33.5822908, 35.341175], [33.5823179, 35.3411149]]}, "properties": {"feature_type": "road", "highway": "residential", "landuse": ""}}, {"type": "Feature", "geometry": {"type": "LineString", "coordinates": [[33.5832354, 35.341697], [33.5830656, 35.3420264]]}, "properties": {"feature_type": "road", "highway": "residential", "landuse": ""}}, {"type": "Feature", "geometry": {"type": "LineString", "coordinates": [[33.5829118, 35.3419781], [33.5827996, 35.3422238], [33.5827045, 35.3424737], [33.5826434, 35.3426483], [33.5825895, 35.3428144], [33.582554, 35.3428757]]}, "properties": {"feature_type": "road", "highway": "residential", "landuse": ""}}, {"type": "Feature", "geometry": {"type": "LineString", "coordinates": [[33.5859258, 35.3436114], [33.5858391, 35.34358], [33.5857044, 35.3434872], [33.5855832, 35.343348], [33.5855249, 35.3433017], [33.5853363, 35.3432583], [33.5852406, 35.3432194], [33.5852017, 35.343146], [33.5852581, 35.3428005]]}, "properties": {"feature_type": "road", "highway": "residential", "landuse": ""}}, {"type": "Feature", "geometry": {"type": "LineString", "coordinates": [[33.5852581, 35.3428005], [33.5854253, 35.3428344], [33.5857352, 35.3428479], [33.5859368, 35.3428688], [33.5862543, 35.3429236], [33.5863882, 35.3429499], [33.5866447, 35.3430633], [33.5868275, 35.3431395], [33.5874088, 35.3433749]]}, "properties": {"feature_type": "road", "highway": "residential", "landuse": ""}}, {"type": "Feature", "geometry": {"type": "LineString", "coordinates": [[33.5862543, 35.3429236], [33.5861444, 35.342803], [33.5857675, 35.3425499], [33.5855873, 35.3424053], [33.5854114, 35.3422086], [33.5853533, 35.3421772], [33.585283, 35.3421546], [33.5851849, 35.3421372], [33.5851488, 35.3421179], [33.5851335, 35.3421081], [33.5851166, 35.3420771], [33.5850785, 35.3419473], [33.5850535, 35.3419168], [33.5850213, 35.3418982], [33.5849696, 35.34188], [33.5848388, 35.3418388], [33.5847784, 35.3418043], [33.584451, 35.3415479], [33.584164, 35.3413946], [33.5840046, 35.3413183], [33.5839115, 35.3412839], [33.583834, 35.3412578]]}, "properties": {"feature_type": "road", "highway": "residential", "landuse": ""}}, {"type": "Feature", "geometry": {"type": "LineString", "coordinates": [[33.6271738, 35.3526721], [33.6271564, 35.3525837], [33.6270896, 35.3525073], [33.626913, 35.3524691], [33.626703, 35.3524166], [33.6265263, 35.3522734], [33.6264691, 35.3521063], [33.6264595, 35.3520013], [33.6264597, 35.3519576], [33.6264617, 35.3514751], [33.6264643, 35.3508366], [33.6264164, 35.3506947], [33.6260849, 35.3497134], [33.6260278, 35.3495443], [33.6256222, 35.3479771], [33.6256291, 35.3478946], [33.6256429, 35.3478121], [33.6257185, 35.3477228], [33.6258216, 35.3476747], [33.6259453, 35.3476747], [33.6260553, 35.3476815], [33.6262959, 35.3476403], [33.6264059, 35.3475578], [33.6264471, 35.3474753], [33.6264402, 35.3473791], [33.6263784, 35.3472897], [33.6260141, 35.3467879], [33.6259797, 35.3466711], [33.6259934, 35.3465336], [33.6260759, 35.3464168], [33.6262134, 35.3461899], [33.6264952, 35.3459356], [33.6266533, 35.3457294], [33.6266739, 35.3455438], [33.6266671, 35.3453651], [33.6266327, 35.345262], [33.6264091, 35.3448196], [33.6263051, 35.3445344], [33.6262893, 35.3443485], [33.6263114, 35.3442293], [33.6263204, 35.3441805], [33.6263875, 35.3439878], [33.6264792, 35.3437879], [33.626618, 35.3436504], [33.6268389, 35.3435298], [33.6275682, 35.3432414], [33.6277779, 35.3431316], [33.6279325, 35.3429933], [33.6279858, 35.3428661], [33.6279838, 35.3427185], [33.6278874, 35.3424453], [33.6278488, 35.3423053], [33.6278508, 35.3421529], [33.6278982, 35.3420151], [33.6279927, 35.3418645], [33.6282068, 35.341667], [33.6283443, 35.3415639], [33.6283993, 35.3414676], [33.6284267, 35.3412683], [33.6284061, 35.3410827], [33.6283649, 35.3409218], [33.6283526, 35.3407906], [33.6283752, 35.3406868], [33.6284551, 35.3405863], [33.6286879, 35.3403712], [33.6287317, 35.3403433], [33.6288858, 35.3402451], [33.6290944, 35.3401241], [33.6292635, 35.3400645], [33.6295506, 35.3400057], [33.6298295, 35.3399711], [33.6299156, 35.3399332], [33.6299636, 35.3398702], [33.6299569, 35.3397945], [33.6299179, 35.3396971], [33.6297949, 35.3396187], [33.6296738, 35.3395777], [33.629584, 35.3395254], [33.629522, 35.3394251], [33.6294823, 35.3392592]]}, "properties": {"feature_type": "road", "highway": "unclassified", "landuse": ""}}, {"type": "Feature", "geometry": {"type": "LineString", "coordinates": [[33.6022776, 35.2545825], [33.6022492, 35.2546381], [33.6022264, 35.254718], [33.6022344, 35.2548034], [33.602272, 35.2548921], [33.6024101, 35.2550564], [33.6025604, 35.2552505], [33.6025751, 35.2553313], [33.6025509, 35.2554364], [33.6024863, 35.2556456], [33.6024532, 35.25583], [33.6024973, 35.2560037], [33.6025402, 35.2564155], [33.6025295, 35.2567484], [33.6024839, 35.2569521]]}, "properties": {"feature_type": "road", "highway": "tertiary", "landuse": ""}}, {"type": "Feature", "geometry": {"type": "LineString", "coordinates": [[33.6044114, 35.3053831], [33.6047145, 35.305546], [33.6048987, 35.3057239], [33.6050626, 35.3059321], [33.6052957, 35.3065402], [33.605343, 35.3067649], [33.6054066, 35.3072925], [33.6054807, 35.307423], [33.6056054, 35.3075248], [33.6057594, 35.3075527], [33.6059437, 35.3075367], [33.6064028, 35.307398], [33.6066245, 35.3073776], [33.6068587, 35.3074215], [33.6070236, 35.3075113], [33.607125, 35.3076409], [33.6072589, 35.3080485], [33.6073098, 35.3081181], [33.6074119, 35.3081618], [33.6077463, 35.3082198], [33.6078672, 35.3082595], [33.6080772, 35.3083366], [33.608282, 35.3084496], [33.6084367, 35.3085606], [33.6087426, 35.3087346], [33.6088622, 35.3088589], [33.6089085, 35.308991], [33.6088898, 35.3093912], [33.6089395, 35.3094849], [33.6090147, 35.309516], [33.6091031, 35.3095265], [33.6093106, 35.3094752], [33.6094562, 35.3094847], [33.60959, 35.3095421], [33.6099768, 35.3098785], [33.6100125, 35.3100008], [33.609987, 35.3102636], [33.6100231, 35.3103587], [33.6100934, 35.3103969], [33.6101998, 35.310423], [33.6103057, 35.3104095], [33.6106086, 35.3102371], [33.6107482, 35.3101393], [33.6108999, 35.3101014], [33.611066, 35.3101109], [33.6114729, 35.3102597], [33.6117667, 35.3103691], [33.611986, 35.3105359], [33.6121073, 35.3106888], [33.6121946, 35.3108573], [33.6122074, 35.3110779], [33.6121776, 35.311368], [33.6122329, 35.3114306], [33.6123266, 35.3114601], [33.6129525, 35.311474], [33.613127, 35.31154], [33.6132739, 35.311679], [33.6133527, 35.3118405], [33.6134113, 35.3122517], [33.6133621, 35.3124758], [33.6133761, 35.3125788], [33.613424, 35.3126688], [33.6135698, 35.3128099], [33.6136741, 35.3129489], [33.613721, 35.3129784], [33.6137986, 35.3130009], [33.6138806, 35.3129958], [33.614068, 35.312864], [33.6142951, 35.312514], [33.6143761, 35.3124302], [33.6145045, 35.3123778], [33.6146296, 35.3123999], [33.6147309, 35.3124743], [33.6154406, 35.3134675], [33.6155418, 35.3137676], [33.6156839, 35.3142837], [33.6158526, 35.3144461], [33.6166194, 35.3148142], [33.6171168, 35.3151055], [33.6172351, 35.3152296], [33.6173263, 35.3154447], [33.6174304, 35.3155304], [33.618034, 35.3157986], [33.61833, 35.3159189], [33.6188527, 35.316095], [33.6191005, 35.3162581], [33.6192492, 35.3164732], [33.6193438, 35.3169061], [33.6193103, 35.3172], [33.6193206, 35.3173459], [33.6194173, 35.3174684], [33.6203635, 35.3182505], [33.6206022, 35.3185219], [33.6207846, 35.3188327], [33.6212781, 35.3197125], [33.6216268, 35.3201589], [33.6216804, 35.3202902], [33.6216885, 35.3204193], [33.6215314, 35.3212988], [33.6215197, 35.3215606], [33.6215809, 35.3217508], [33.6217698, 35.3219584], [33.6220169, 35.3220789], [33.6225999, 35.3222553], [33.623102, 35.3224875], [33.6236051, 35.3227112], [33.6238021, 35.3228046], [33.6238956, 35.3228931], [33.6239469, 35.3230149], [33.6239161, 35.3231184], [33.623815, 35.3231484]]}, "properties": {"feature_type": "road", "highway": "tertiary", "landuse": ""}}, {"type": "Feature", "geometry": {"type": "LineString", "coordinates": [[33.6168837, 35.3249032], [33.6169413, 35.3249966], [33.6170067, 35.3250352], [33.6171594, 35.3250493], [33.6173377, 35.3250472], [33.617574, 35.3250194], [33.6180165, 35.3249144], [33.6181238, 35.3249297], [33.6182177, 35.3249932], [33.6184333, 35.3253832], [33.6188451, 35.326001], [33.6189761, 35.3261314], [33.6193523, 35.3263806], [33.6197195, 35.3266401], [33.6207215, 35.3274819], [33.6210826, 35.3278584], [33.621145, 35.3279945], [33.6211349, 35.3280193], [33.621112, 35.3280338], [33.6210791, 35.3280303], [33.6210527, 35.3280156], [33.6209194, 35.3278628], [33.6207229, 35.327722], [33.6203662, 35.3275535], [33.6199681, 35.3274703], [33.6196715, 35.327466], [33.6195964, 35.3274441], [33.6195356, 35.3273863], [33.6194274, 35.3272034], [33.6193453, 35.3270885], [33.6191699, 35.3269868], [33.6190438, 35.3269561], [33.6189419, 35.3269771], [33.6188304, 35.327179]]}, "properties": {"feature_type": "road", "highway": "unclassified", "landuse": ""}}, {"type": "Feature", "geometry": {"type": "LineString", "coordinates": [[33.767558, 35.4040777], [33.765535, 35.4032155], [33.7622909, 35.4018901], [33.7614718, 35.4015242], [33.761305, 35.4014332], [33.7609682, 35.4012183], [33.760662, 35.400926], [33.7604347, 35.4004971], [33.7603045, 35.4000993], [33.7602012, 35.3994565], [33.7599564, 35.398019], [33.7598842, 35.3978621], [33.7597588, 35.3975897], [33.7595441, 35.3973086], [33.7592513, 35.3970222], [33.7588251, 35.3967406], [33.7582816, 35.3965061], [33.7554005, 35.3955034], [33.7520562, 35.3943606], [33.7503003, 35.3937605], [33.7496404, 35.393593], [33.7495075, 35.3935608], [33.7478414, 35.393165]]}, "properties": {"feature_type": "road", "highway": "primary", "landuse": ""}}, {"type": "Feature", "geometry": {"type": "LineString", "coordinates": [[33.7095369, 35.366469], [33.7085235, 35.366719], [33.708318, 35.3668409], [33.7080285, 35.3671989], [33.7077343, 35.3673702], [33.7074478, 35.367656], [33.7073747, 35.3678996], [33.7073887, 35.3681166], [33.7076736, 35.3691144], [33.707753, 35.3698455], [33.7080565, 35.3713916], [33.7082433, 35.3722674], [33.7082922, 35.3725055], [33.7083922, 35.3729145], [33.7085037, 35.3736007], [33.7086094, 35.3738112], [33.7088181, 35.3739494], [33.7099003, 35.374561], [33.7103355, 35.3748465], [33.7110003, 35.3752826], [33.7113167, 35.3755517], [33.7120799, 35.3769444], [33.7125587, 35.3772885], [33.7129309, 35.377533], [33.7148586, 35.378696], [33.7155275, 35.3793138], [33.7161139, 35.3800651], [33.7165624, 35.3806397], [33.7172177, 35.3814572], [33.7177971, 35.3821972], [33.7184031, 35.3829465], [33.7185082, 35.3830651], [33.7186698, 35.383109], [33.7188719, 35.3830826], [33.7192967, 35.3829407], [33.7196013, 35.3828823], [33.7197259, 35.3828762], [33.7198552, 35.3829508], [33.7199872, 35.3831222], [33.719936, 35.383355], [33.7197878, 35.383869], [33.7197959, 35.3839766], [33.7198983, 35.3841435], [33.7202458, 35.3844466], [33.7212669, 35.3853537], [33.7222906, 35.3862433], [33.7231446, 35.3870142], [33.7234787, 35.387258], [33.7255207, 35.3883888], [33.7281754, 35.3900973], [33.7283326, 35.3901985], [33.7284397, 35.3903121], [33.7287704, 35.390663], [33.7288933, 35.3906942], [33.7290059, 35.3906504], [33.7290467, 35.3905346], [33.729047, 35.3902526], [33.7291108, 35.3899944], [33.7291511, 35.3898044], [33.7291302, 35.3895193], [33.7291837, 35.3894092], [33.7292776, 35.3893145], [33.7295461, 35.389355], [33.7300826, 35.3894027], [33.730225, 35.3893926], [33.730357, 35.3893635], [33.7305812, 35.3891803], [33.7306593, 35.3891752], [33.73071, 35.3892059], [33.7306804, 35.3894218], [33.7306262, 35.3896403], [33.7305226, 35.3900304], [33.7305498, 35.3902216], [33.7306463, 35.3904256], [33.7307829, 35.3906205], [33.7309861, 35.3908455], [33.7315314, 35.3910508], [33.7319654, 35.3912044], [33.7329638, 35.3915792], [33.7335164, 35.3917589], [33.7337139, 35.3918231], [33.7339497, 35.391904], [33.7341335, 35.3919109], [33.7342566, 35.3918191], [33.7344451, 35.3916733], [33.7346127, 35.3916189], [33.7349175, 35.3914028], [33.7350133, 35.3913949], [33.7351021, 35.3914371], [33.7351536, 35.3915036], [33.7351575, 35.3915698], [33.7351675, 35.3917433], [33.7352193, 35.3920755], [33.735264, 35.3921543], [33.7353678, 35.3921977], [33.735509, 35.3921778], [33.7355877, 35.3921451], [33.7358699, 35.3919477], [33.7365489, 35.3914935], [33.7366257, 35.3914437], [33.7372, 35.3910711], [33.7375245, 35.3908605], [33.7382619, 35.3903869]]}, "properties": {"feature_type": "road", "highway": "unclassified", "landuse": ""}}, {"type": "Feature", "geometry": {"type": "LineString", "coordinates": [[33.7999802, 35.3503066], [33.7998408, 35.3499696], [33.7997094, 35.3498099], [33.7995994, 35.3497312], [33.7995163, 35.3497071], [33.7994331, 35.3497312], [33.7993392, 35.3497639], [33.7992137, 35.3498278], [33.7990452, 35.3499032], [33.7988431, 35.3499783], [33.7986284, 35.3500287], [33.7985158, 35.3500155], [33.7984487, 35.3499543], [33.7984058, 35.3498624], [33.7984166, 35.3497421], [33.7984487, 35.3496371], [33.7984867, 35.3495451], [33.7985641, 35.3492214], [33.7987089, 35.3489589], [33.7987357, 35.3488933], [33.798725, 35.3488276], [33.7986848, 35.3487336], [33.7986302, 35.3486256], [33.7984078, 35.3481166], [33.7983361, 35.3479372], [33.7983126, 35.347757], [33.7983368, 35.3475951], [33.7984982, 35.3473314]]}, "properties": {"feature_type": "road", "highway": "tertiary", "landuse": ""}}, {"type": "Feature", "geometry": {"type": "LineString", "coordinates": [[33.6858162, 35.2552751], [33.6854978, 35.2550641], [33.6851531, 35.2549084], [33.685042, 35.2548678], [33.6849931, 35.2548342], [33.6849726, 35.2547856], [33.6849723, 35.2547216], [33.6850002, 35.2546301], [33.6850954, 35.2544902], [33.6856694, 35.2541792], [33.685838, 35.253906], [33.6860203, 35.2537705], [33.6861563, 35.2535639], [33.6865616, 35.2531974], [33.6868173, 35.2528375], [33.686839, 35.2526132], [33.6862813, 35.2524021], [33.6858734, 35.2522333], [33.6858162, 35.2519534], [33.6857646, 35.2518646], [33.6852042, 35.2513848], [33.6851063, 35.2512626], [33.6849975, 35.2510449], [33.6848587, 35.2504074], [33.6848315, 35.2497787], [33.684856, 35.2492522], [33.6847282, 35.2486635], [33.6846792, 35.248437], [33.6847472, 35.2472951], [33.684603, 35.2462999], [33.6842168, 35.2444582], [33.6841107, 35.2437851], [33.6839856, 35.243243], [33.6837897, 35.2426854], [33.6836183, 35.2423588], [33.6832783, 35.2419189], [33.6829607, 35.2414092], [33.682756, 35.2409947], [33.6824949, 35.2401616], [33.6824246, 35.2399317], [33.682397, 35.2398417], [33.6822882, 35.2393951], [33.6822909, 35.2390352], [33.6824378, 35.2384953], [33.6824754, 35.2383613], [33.6826228, 35.2378355], [33.6827343, 35.2375378], [33.6829301, 35.237109], [33.6833382, 35.2364224], [33.683787, 35.2356692], [33.6840209, 35.2352893], [33.6844725, 35.2347427], [33.6851607, 35.2339829], [33.6865888, 35.2326075], [33.6868783, 35.2323213], [33.6878836, 35.2313277], [33.6888139, 35.2302412], [33.689279, 35.2297168], [33.6901957, 35.2289235], [33.6919829, 35.2275081], [33.6930084, 35.226786], [33.6936803, 35.226306], [33.6939414, 35.2260549], [33.6945508, 35.2253172], [33.6950485, 35.2246883], [33.6954865, 35.2242061], [33.6959652, 35.2237772], [33.6965011, 35.2232573], [33.6967813, 35.2227795], [33.6968956, 35.222484], [33.6969309, 35.222264], [33.6969228, 35.2215862], [33.69692, 35.2211151], [33.6969309, 35.2208884], [33.697013, 35.2206307], [33.6972262, 35.2200743], [33.6974618, 35.2195799], [33.6975088, 35.2194181], [33.6975311, 35.2193118], [33.6976095, 35.2191317], [33.6976953, 35.2190063], [33.6978519, 35.2189696], [33.6980051, 35.218927], [33.6983713, 35.2185474], [33.6986256, 35.2181624], [33.6987455, 35.2178624], [33.6988, 35.2172233], [33.6987135, 35.2170658], [33.6986482, 35.216558], [33.6983789, 35.2158013], [33.6983286, 35.2156813], [33.6983191, 35.2152602], [33.6983657, 35.2150214], [33.6985054, 35.2147813]]}, "properties": {"feature_type": "road", "highway": "tertiary", "landuse": ""}}, {"type": "Feature", "geometry": {"type": "LineString", "coordinates": [[33.7342156, 35.2551937], [33.7343425, 35.2547299], [33.7344486, 35.2542656], [33.7345574, 35.2539191], [33.7346717, 35.2537058], [33.7351232, 35.2530083], [33.7354007, 35.2524641], [33.7356074, 35.2519043], [33.7364425, 35.2497074], [33.7366547, 35.2491942], [33.7367988, 35.2489743], [33.7371307, 35.2485589], [33.7373701, 35.2483479], [33.7378597, 35.2479813], [33.7388172, 35.2473393], [33.7391708, 35.2470972], [33.7395626, 35.2467817], [33.7398999, 35.246444], [33.7402943, 35.2459597], [33.74123, 35.2443691], [33.7415472, 35.2438801], [33.7416897, 35.2437004], [33.7422447, 35.2430562], [33.742699, 35.2425655], [33.7429502, 35.2423428], [33.7437344, 35.2416476], [33.743806, 35.2416015], [33.7438719, 35.2415856]]}, "properties": {"feature_type": "road", "highway": "tertiary", "landuse": ""}}, {"type": "Feature", "geometry": {"type": "LineString", "coordinates": [[33.7970432, 35.2641127], [33.7966628, 35.2638816], [33.7953508, 35.2631337], [33.7942712, 35.2624734], [33.7930535, 35.2619084], [33.7925472, 35.2617243], [33.7920344, 35.2615798], [33.789895, 35.2610952], [33.7894911, 35.2610235], [33.7887829, 35.2609625], [33.7885873, 35.2609482], [33.7881309, 35.2609103], [33.787992, 35.2609088], [33.7878585, 35.2609359], [33.7875716, 35.2610404], [33.7874769, 35.2610598], [33.7869376, 35.2612923], [33.7864778, 35.2614548], [33.7863895, 35.2614623], [33.7862883, 35.2614766], [33.7861186, 35.2614594], [33.785853, 35.2614131], [33.7852584, 35.2613682]]}, "properties": {"feature_type": "road", "highway": "tertiary", "landuse": ""}}, {"type": "Feature", "geometry": {"type": "LineString", "coordinates": [[33.7995191, 35.3464081], [33.7997692, 35.346532]]}, "properties": {"feature_type": "road", "highway": "residential", "landuse": ""}}, {"type": "Feature", "geometry": {"type": "LineString", "coordinates": [[33.7999097, 35.3457265], [33.8002518, 35.3458681]]}, "properties": {"feature_type": "road", "highway": "residential", "landuse": ""}}, {"type": "Feature", "geometry": {"type": "LineString", "coordinates": [[33.7989888, 35.3454234], [33.7989837, 35.3453908], [33.7990399, 35.3451191], [33.7992233, 35.3446794], [33.799257, 35.3442275], [33.7991896, 35.3438641]]}, "properties": {"feature_type": "road", "highway": "residential", "landuse": ""}}, {"type": "Feature", "geometry": {"type": "LineString", "coordinates": [[33.7988585, 35.3470438], [33.7993526, 35.347189], [33.7997167, 35.3473466], [33.7997684, 35.3474078], [33.7997916, 35.3475045], [33.7995393, 35.3478551], [33.799405, 35.3480757], [33.7992793, 35.3481968], [33.799184, 35.3482405], [33.7990469, 35.348223], [33.7989475, 35.3482369], [33.7988055, 35.3482698], [33.798701, 35.3482449], [33.7984078, 35.3481166]]}, "properties": {"feature_type": "road", "highway": "residential", "landuse": ""}}, {"type": "Feature", "geometry": {"type": "LineString", "coordinates": [[33.7989637, 35.346915], [33.7988421, 35.3468267], [33.7987867, 35.3467536], [33.7987724, 35.3466096], [33.7987548, 35.3464313], [33.7987955, 35.3462146], [33.7989888, 35.3454234], [33.7993386, 35.34537], [33.7996306, 35.3453944], [33.7997729, 35.3454433], [33.7999928, 35.3455413]]}, "properties": {"feature_type": "road", "highway": "residential", "landuse": ""}}, {"type": "Feature", "geometry": {"type": "LineString", "coordinates": [[33.8172966, 35.3263653], [33.8172595, 35.3266627], [33.8169276, 35.3272379], [33.8168396, 35.3274172], [33.8168882, 35.3277187], [33.8169737, 35.3279196], [33.8171196, 35.3280459], [33.8172792, 35.3280478], [33.8176952, 35.3279953], [33.8182611, 35.3278863], [33.8185304, 35.3278796], [33.8186823, 35.3279169], [33.8190121, 35.3280594], [33.8194778, 35.32824], [33.8198769, 35.3282997], [33.8201129, 35.3283873], [33.8202298, 35.3284994], [33.8202244, 35.3286958], [33.8201868, 35.3291428], [33.8202417, 35.3292713], [33.820419, 35.3293016], [33.8206368, 35.3292522], [33.8208376, 35.3291909], [33.8210303, 35.3291751], [33.8212985, 35.329232], [33.821497, 35.3293064], [33.8216291, 35.3293759], [33.8219261, 35.3295865], [33.8221146, 35.3297983], [33.8221782, 35.3299628], [33.8222587, 35.3300504], [33.822386, 35.3300837], [33.8225176, 35.3300872], [33.8238572, 35.3302235], [33.8242328, 35.3304092], [33.8244851, 35.3305525], [33.8248014, 35.3306674], [33.8251725, 35.3307681], [33.8254755, 35.3307653], [33.8258797, 35.3307068], [33.8261844, 35.3307156], [33.8272126, 35.3311001], [33.8277304, 35.3313064], [33.8280693, 35.3315195], [33.8284814, 35.331779], [33.8287992, 35.3319708], [33.8292241, 35.3320685], [33.829565, 35.3321248], [33.8298917, 35.3321835], [33.8303912, 35.3324005], [33.8306594, 35.3325668], [33.8310968, 35.3329641], [33.8325624, 35.3348775], [33.8328963, 35.3351882], [33.8331388, 35.3354338], [33.8333738, 35.3358402], [33.8335857, 35.3361435], [33.8345347, 35.3371551], [33.8345961, 35.3370991], [33.8349262, 35.3365073], [33.8352486, 35.3362673], [33.8354551, 35.3361375], [33.8355916, 35.3358226], [33.8358194, 35.3356029], [33.8361404, 35.3354262], [33.836404, 35.3351871], [33.8370506, 35.3347549], [33.8374722, 35.3346368], [33.8377231, 35.3346457], [33.8384891, 35.3348065], [33.8389823, 35.3348556], [33.839204, 35.3348684], [33.8393578, 35.3349059], [33.839449, 35.3350131], [33.8394919, 35.3352232], [33.8395563, 35.3352473], [33.8396448, 35.3352494], [33.8398574, 35.3352067], [33.8401778, 35.3351355], [33.8406134, 35.3350453], [33.8407257, 35.3350263], [33.8409108, 35.335035], [33.8410583, 35.3350678], [33.8412176, 35.3351202], [33.8418335, 35.3353304], [33.8421473, 35.3354551], [33.8423991, 35.3355629], [33.8425952, 35.3355974], [33.8428058, 35.3355876], [33.8430962, 35.335536], [33.8435067, 35.3353539], [33.8439226, 35.3353205], [33.8442379, 35.335302], [33.8445317, 35.3352134], [33.8448886, 35.3352026], [33.8449885, 35.3353204], [33.8448842, 35.3357518], [33.8448696, 35.3363369], [33.8444135, 35.3376248], [33.8444796, 35.3379867], [33.8450651, 35.3382197], [33.8455934, 35.338243], [33.8470785, 35.338674], [33.8484585, 35.3389122], [33.8490379, 35.3390785], [33.8492846, 35.3391092], [33.8493866, 35.3390873], [33.8497406, 35.3389954], [33.8499176, 35.3390041], [33.8503629, 35.3390917], [33.8514947, 35.3394981], [33.8518059, 35.3395468], [33.8520527, 35.3395096], [33.8524014, 35.3394198], [33.8524926, 35.339363], [33.8525677, 35.3392667], [33.8525757, 35.3388772], [33.8526589, 35.3387875], [33.8528359, 35.338735], [33.854067, 35.3387744], [33.8544023, 35.3388116], [33.8556629, 35.3392514], [33.8567573, 35.3398334], [33.8583491, 35.3407795], [33.8589808, 35.3410433], [33.8595816, 35.341179], [33.8602409, 35.3409294], [33.8605743, 35.3408655], [33.8609683, 35.3408595], [33.861317, 35.3409099], [33.8621861, 35.3410783], [33.8628325, 35.341168], [33.8633314, 35.3413146], [33.8635352, 35.3413321], [33.8637552, 35.3412927], [33.8639617, 35.3411943], [33.8641602, 35.3409864], [33.8643184, 35.340842], [33.8644767, 35.3407479], [33.8647824, 35.3406276], [33.8650292, 35.3405642], [33.8658285, 35.340492], [33.8660247, 35.3404446], [33.8661504, 35.3403541], [33.8661933, 35.3402316], [33.8662147, 35.3400762], [33.8663086, 35.3399931], [33.8666137, 35.3398767], [33.8666761, 35.3398159], [33.8666949, 35.3397152], [33.8666788, 35.3394811], [33.8667351, 35.3393192], [33.8673601, 35.3386059], [33.8677624, 35.3382821]]}, "properties": {"feature_type": "road", "highway": "tertiary", "landuse": ""}}, {"type": "Feature", "geometry": {"type": "LineString", "coordinates": [[33.8155317, 35.3268205], [33.8153923, 35.3267548], [33.8151672, 35.3267143], [33.8144642, 35.3268249], [33.8143616, 35.3268492]]}, "properties": {"feature_type": "road", "highway": "tertiary", "landuse": ""}}, {"type": "Feature", "geometry": {"type": "LineString", "coordinates": [[33.7428482, 35.3362926], [33.7427049, 35.3363377], [33.7424208, 35.3362044], [33.742021, 35.3359419], [33.7416741, 35.3358311], [33.7413849, 35.3358435], [33.7409399, 35.3360137], [33.7407639, 35.3360629], [33.7402661, 35.3359563], [33.7400449, 35.3359419], [33.7399217, 35.3359255], [33.7395069, 35.3357183], [33.7392253, 35.3356691], [33.7388205, 35.3356609], [33.7385288, 35.3357212], [33.7380975, 35.33585], [33.7379125, 35.3358972], [33.7376369, 35.3359255], [33.7373612, 35.33593], [33.7371183, 35.335911], [33.7368721, 35.3358512], [33.7366357, 35.3357676], [33.7363717, 35.335745], [33.736075, 35.3357778], [33.7358613, 35.3358537], [33.7356476, 35.3359583], [33.7354063, 35.3360445], [33.7349311, 35.336147], [33.7343578, 35.3362244], [33.7341869, 35.3362475], [33.7338802, 35.3363172], [33.7338355, 35.3363395], [33.733679, 35.3364177], [33.7335533, 35.3365757], [33.7334527, 35.3367849], [33.7333773, 35.3373755], [33.7332944, 35.3375068], [33.7331787, 35.3375335], [33.7330913, 35.33749], [33.7330304, 35.3374104], [33.7327764, 35.3371048], [33.732525, 35.3366269], [33.7324119, 35.3365244], [33.7319644, 35.3363152], [33.73163, 35.3361757], [33.7314515, 35.3361491]]}, "properties": {"feature_type": "road", "highway": "tertiary", "landuse": ""}}, {"type": "Feature", "geometry": {"type": "LineString", "coordinates": [[33.7503966, 35.3337767], [33.7505782, 35.3338357], [33.7507595, 35.333872], [33.7509017, 35.3338894], [33.7510617, 35.333901], [33.7513035, 35.3337922], [33.7514173, 35.3337298], [33.7515574, 35.3336724], [33.7516928, 35.3335572], [33.7516591, 35.3333353], [33.7516359, 35.3331341]]}, "properties": {"feature_type": "road", "highway": "residential", "landuse": ""}}, {"type": "Feature", "geometry": {"type": "LineString", "coordinates": [[33.7580284, 35.3336338], [33.7581657, 35.3335389], [33.7583255, 35.3334557], [33.758488, 35.3334049], [33.7587005, 35.3333799], [33.7589113, 35.3334001], [33.7591201, 35.333439], [33.7592697, 35.3334508], [33.7593797, 35.3334377], [33.7594367, 35.3334065], [33.7594601, 35.3333376], [33.7594947, 35.3331346], [33.7595674, 35.3330047], [33.7597013, 35.3327921], [33.7598926, 35.3324273], [33.7599631, 35.3323458], [33.7600632, 35.3322598], [33.7603901, 35.3320627], [33.7607, 35.3318474], [33.7608057, 35.3317591], [33.7611267, 35.3315664], [33.7613348, 35.3314719], [33.7615387, 35.3314432], [33.7618712, 35.3314548], [33.762204, 35.3315077], [33.7624703, 35.3315548], [33.76288, 35.3314771], [33.7631176, 35.3313981], [33.7634694, 35.3312183], [33.7638835, 35.3309214], [33.7642353, 35.3307081], [33.7644384, 35.3305702], [33.7649226, 35.3303813], [33.7654894, 35.3300101], [33.7660064, 35.3297405], [33.7663622, 35.3293607], [33.7666479, 35.3289869], [33.7668491, 35.3286431], [33.7668614, 35.3284317], [33.7668671, 35.3281164], [33.7668991, 35.3276666], [33.7668597, 35.3271305], [33.7668861, 35.3270101], [33.7669301, 35.326908], [33.767831, 35.3266515], [33.7681393, 35.326537], [33.7682529, 35.3264461], [33.7683443, 35.3260319], [33.7684346, 35.3257868], [33.7686264, 35.3254636], [33.7689674, 35.3251954], [33.7692516, 35.3249718]]}, "properties": {"feature_type": "road", "highway": "unclassified", "landuse": ""}}, {"type": "Feature", "geometry": {"type": "LineString", "coordinates": [[33.7562412, 35.3339427], [33.7557199, 35.33381], [33.7554132, 35.3336616], [33.7553012, 35.3336445], [33.7547304, 35.3336459], [33.754445, 35.3336412], [33.7539843, 35.333584], [33.7536926, 35.3335476], [33.7534334, 35.333481], [33.7532704, 35.3334811], [33.7531508, 35.3334966], [33.7528875, 35.3335899], [33.7525191, 35.3337341], [33.7522356, 35.3338538], [33.752149, 35.3338823], [33.7520612, 35.3338878], [33.7519805, 35.3338515], [33.7519506, 35.3337848], [33.75196, 35.3336872], [33.7520056, 35.3334926], [33.7520285, 35.3332391], [33.7520066, 35.3331873], [33.7519569, 35.3331563]]}, "properties": {"feature_type": "road", "highway": "residential", "landuse": ""}}, {"type": "Feature", "geometry": {"type": "LineString", "coordinates": [[33.7361748, 35.2922388], [33.7369807, 35.2926458], [33.7372065, 35.2928083], [33.7376172, 35.2932664]]}, "properties": {"feature_type": "road", "highway": "tertiary", "landuse": ""}}, {"type": "Feature", "geometry": {"type": "LineString", "coordinates": [[33.751275, 35.3330841], [33.7516359, 35.3331341], [33.7519569, 35.3331563]]}, "properties": {"feature_type": "road", "highway": "residential", "landuse": ""}}, {"type": "Feature", "geometry": {"type": "LineString", "coordinates": [[33.7534334, 35.333481], [33.7535836, 35.3331295], [33.7537227, 35.3329776]]}, "properties": {"feature_type": "road", "highway": "residential", "landuse": ""}}, {"type": "Feature", "geometry": {"type": "LineString", "coordinates": [[33.7536926, 35.3335476], [33.7536921, 35.3336052], [33.7536791, 35.3338451]]}, "properties": {"feature_type": "road", "highway": "residential", "landuse": ""}}, {"type": "Feature", "geometry": {"type": "LineString", "coordinates": [[33.7511203, 35.3326551], [33.7511844, 35.3328886], [33.7512177, 35.3330176], [33.751275, 35.3330841]]}, "properties": {"feature_type": "road", "highway": "residential", "landuse": ""}}, {"type": "Feature", "geometry": {"type": "LineString", "coordinates": [[33.7487028, 35.3340881], [33.748716, 35.3340059], [33.7487115, 35.3338072], [33.7487715, 35.3336915], [33.7489357, 35.3335438], [33.7491417, 35.333348], [33.7492747, 35.3332049], [33.7493536, 35.333151], [33.749488, 35.333123], [33.7497692, 35.3329738], [33.7501039, 35.3328996], [33.7504329, 35.3328668], [33.7510258, 35.3326847], [33.7511203, 35.3326551]]}, "properties": {"feature_type": "road", "highway": "tertiary", "landuse": ""}}, {"type": "Feature", "geometry": {"type": "LineString", "coordinates": [[33.7530595, 35.3738899], [33.7533358, 35.3736721], [33.7534496, 35.373511]]}, "properties": {"feature_type": "road", "highway": "residential", "landuse": ""}}, {"type": "Feature", "geometry": {"type": "LineString", "coordinates": [[33.7533471, 35.3716415], [33.7530377, 35.371425], [33.752932, 35.371305], [33.7528373, 35.3711407], [33.7528134, 35.3709765], [33.7527649, 35.370812], [33.7526657, 35.3707423], [33.752528, 35.3706456], [33.752225, 35.370521], [33.7520801, 35.3704601], [33.7519992, 35.3703157], [33.7518427, 35.3700507], [33.7517727, 35.3699268], [33.7517216, 35.3698044], [33.7517345, 35.3696635], [33.7517352, 35.3695196], [33.7516979, 35.369454], [33.7516711, 35.3694282], [33.751631, 35.369406], [33.7515849, 35.3694123], [33.7515386, 35.3694417], [33.7514396, 35.3695345], [33.7513541, 35.3696147], [33.7510695, 35.3695653], [33.7505898, 35.3694775], [33.7503851, 35.3694182], [33.7502743, 35.3692959], [33.7501146, 35.3690766], [33.7500062, 35.3689977], [33.7498856, 35.3689425], [33.7495648, 35.3688302], [33.7493443, 35.3686856], [33.749074, 35.3684715], [33.7489898, 35.3684222], [33.7489169, 35.3683966], [33.7488592, 35.3684276], [33.7488031, 35.368658]]}, "properties": {"feature_type": "road", "highway": "unclassified", "landuse": ""}}, {"type": "Feature", "geometry": {"type": "LineString", "coordinates": [[33.7674941, 35.4041569], [33.7673129, 35.4041262], [33.7671225, 35.4040942], [33.7669052, 35.4040344], [33.7666071, 35.4039394], [33.7657205, 35.4036638], [33.7654739, 35.4035954], [33.7651309, 35.4035394], [33.7648299, 35.403514], [33.764518, 35.4035042], [33.764248, 35.4035142], [33.7639646, 35.4035342], [33.763825, 35.4035648], [33.7636955, 35.4036248], [33.7635552, 35.4037312], [33.7634489, 35.4038451], [33.7633502, 35.4039273], [33.7632242, 35.4040251], [33.763064, 35.4041098], [33.7627409, 35.4041935], [33.7625116, 35.4042232], [33.7621319, 35.4042288], [33.761689, 35.404209], [33.7612748, 35.4041793], [33.761019, 35.404159], [33.7607594, 35.4041377], [33.760489, 35.404109], [33.7603425, 35.4040943], [33.7601867, 35.4040693], [33.760039, 35.404049], [33.7599952, 35.4040408], [33.7599046, 35.4040238], [33.7588455, 35.4038258], [33.7586598, 35.4037915], [33.758499, 35.403759], [33.7574166, 35.4036196], [33.7572275, 35.4035971], [33.7568494, 35.403563], [33.7566852, 35.4035527], [33.7561897, 35.4035015], [33.7556502, 35.4034083], [33.7553844, 35.4033355], [33.7548916, 35.4031599], [33.754719, 35.403099], [33.7545728, 35.4030455], [33.753489, 35.402649], [33.753339, 35.402609], [33.752889, 35.402529], [33.7519462, 35.4023296], [33.7517552, 35.4022886], [33.751499, 35.402229], [33.7508128, 35.402084], [33.750539, 35.402029], [33.749989, 35.401929], [33.7497231, 35.4018729], [33.749589, 35.401849], [33.7494401, 35.4018176], [33.7493198, 35.4017923], [33.7491893, 35.4017656], [33.748689, 35.401659], [33.748332, 35.4015696], [33.7482004, 35.401539], [33.748069, 35.401509], [33.7476001, 35.4014018], [33.747441, 35.4013655], [33.7473321, 35.4013386], [33.747089, 35.401279], [33.746739, 35.401199], [33.7466002, 35.4011663], [33.746365, 35.4011132], [33.7462479, 35.4010802], [33.746019, 35.401029], [33.7453179, 35.4008677], [33.745131, 35.4008258], [33.7449723, 35.4007897], [33.744849, 35.400759], [33.7447588, 35.4007357], [33.744639, 35.400709], [33.744412, 35.4006604], [33.743702, 35.4005063], [33.7436183, 35.400487], [33.743499, 35.400459], [33.7431515, 35.4003923], [33.742939, 35.400349], [33.7426441, 35.4002791], [33.7422706, 35.400193], [33.742149, 35.4001658], [33.7420523, 35.4001277], [33.7420164, 35.4001101], [33.7419896, 35.4000896], [33.7419751, 35.4000364], [33.7420446, 35.3998937], [33.7430134, 35.3979587], [33.7432187, 35.3975438], [33.74328, 35.3974368], [33.7433733, 35.3973473], [33.7435246, 35.3971484], [33.7437451, 35.3969271], [33.7439938, 35.3966957], [33.7443259, 35.3963684], [33.7444454, 35.3962411], [33.7446445, 35.396037], [33.7449681, 35.3956903], [33.7451284, 35.3954463], [33.7454829, 35.3948437], [33.7456059, 35.3946664], [33.7457297, 35.3944838], [33.7459475, 35.3942955], [33.7461572, 35.3940482], [33.7463732, 35.3937634], [33.7467114, 35.3933137], [33.746741, 35.3932754]]}, "properties": {"feature_type": "road", "highway": "unclassified", "landuse": ""}}, {"type": "Feature", "geometry": {"type": "LineString", "coordinates": [[33.747415, 35.3925836], [33.7480667, 35.3918856], [33.7481329, 35.3918176], [33.7487879, 35.3909821], [33.7488163, 35.3909305], [33.7492726, 35.3902926], [33.7496028, 35.3898391], [33.7497915, 35.3896013], [33.7498793, 35.3895593], [33.7500129, 35.3895144], [33.7502372, 35.3895089], [33.7503331, 35.3894944], [33.7504405, 35.3894561], [33.7507837, 35.3892358], [33.7509642, 35.3891112], [33.7510991, 35.3889773], [33.7510764, 35.3887942], [33.7510016, 35.3886205], [33.7509434, 35.3884342], [33.7509756, 35.3882731], [33.751026, 35.3881273], [33.7511361, 35.3878552], [33.7512596, 35.3876808], [33.7513481, 35.3875557], [33.7516177, 35.3873045], [33.7517623, 35.38714], [33.7518049, 35.3870332], [33.7518178, 35.386933], [33.7517927, 35.3866592], [33.7517337, 35.3862987], [33.7517171, 35.3860642], [33.7517218, 35.3859395], [33.7517563, 35.3857616], [33.751811, 35.3854957], [33.7518176, 35.3852498], [33.7518216, 35.3847161], [33.7518011, 35.3838542], [33.7518024, 35.3837275], [33.7518353, 35.3836267], [33.7518583, 35.3834787], [33.7518782, 35.3833417], [33.7518471, 35.3831665], [33.75173, 35.3828267], [33.7516918, 35.3826406], [33.7516925, 35.3825179], [33.7517193, 35.382422], [33.7518463, 35.3820541], [33.7519024, 35.3818461], [33.7519357, 35.3816078], [33.7519363, 35.3813828], [33.751838, 35.3799774], [33.7518184, 35.3798265], [33.7517704, 35.3796065], [33.7516937, 35.3793654], [33.7515167, 35.3788371], [33.7514722, 35.3787718], [33.7514171, 35.3787186], [33.7511969, 35.3785606], [33.7511487, 35.3785094], [33.7511134, 35.3784448], [33.7511282, 35.3783508], [33.7511961, 35.3781621], [33.7513358, 35.3778411], [33.7514248, 35.3776034], [33.7514413, 35.377498], [33.7514547, 35.377368], [33.7514892, 35.37728], [33.7515589, 35.3771296], [33.7520444, 35.3759065], [33.7520707, 35.3758222], [33.7520776, 35.3757787], [33.7520613, 35.3757223], [33.7520222, 35.3756947]]}, "properties": {"feature_type": "road", "highway": "tertiary", "landuse": ""}}, {"type": "Feature", "geometry": {"type": "LineString", "coordinates": [[33.767558, 35.4040777], [33.7679661, 35.404243], [33.7683515, 35.4043992], [33.7690242, 35.4046317], [33.7726518, 35.4056173], [33.7739291, 35.4059088], [33.7761006, 35.40636], [33.7769861, 35.4065126], [33.7792582, 35.4068778], [33.7812959, 35.4071736], [33.782106, 35.4072757], [33.7830057, 35.4073458], [33.7831744, 35.4073601], [33.785035, 35.4075162], [33.7863118, 35.4076003], [33.7872817, 35.4076995], [33.7876669, 35.407749], [33.7879001, 35.4077876], [33.7885624, 35.407903], [33.7900443, 35.4082516], [33.7914401, 35.4086207], [33.7919177, 35.4087263], [33.7923797, 35.4088122], [33.7928911, 35.4088804], [33.7962032, 35.4092747], [33.7966271, 35.4093252], [33.7980589, 35.4094824], [33.7986036, 35.409554], [33.7990236, 35.409624], [33.7996403, 35.4097677], [33.8002371, 35.4099318]]}, "properties": {"feature_type": "road", "highway": "primary", "landuse": ""}}, {"type": "Feature", "geometry": {"type": "LineString", "coordinates": [[33.6605327, 35.2649035], [33.6602794, 35.2651555], [33.6600601, 35.2655605], [33.6596663, 35.2661254], [33.6595773, 35.2663179], [33.659496, 35.2665722], [33.6594108, 35.2668729], [33.6592147, 35.2673081], [33.6588245, 35.268058], [33.6586702, 35.2684717], [33.6585209, 35.269141], [33.658148, 35.2709404], [33.6580627, 35.2714886], [33.6578705, 35.2731868], [33.6577858, 35.2741662], [33.6577781, 35.2759735], [33.6578845, 35.2773014], [33.6579602, 35.2776724], [33.6585838, 35.279332], [33.6586196, 35.279524], [33.6586126, 35.2797072], [33.6582249, 35.2812104], [33.6580832, 35.2819219], [33.6578804, 35.282488], [33.6576491, 35.2828787], [33.6576068, 35.2829502], [33.6572127, 35.2834574], [33.6567589, 35.2842201], [33.6566756, 35.2845161], [33.6567056, 35.284812], [33.6568725, 35.2853462], [33.6568789, 35.2855427], [33.6568405, 35.2857806], [33.6567231, 35.2860661], [33.6560363, 35.2871028], [33.6557288, 35.2874649], [33.6553476, 35.2877684], [33.6549876, 35.2879562], [33.6539718, 35.2883969], [33.6534301, 35.2886469], [33.6526088, 35.2891719], [33.6523026, 35.2894733], [33.6517471, 35.2901813], [33.6511899, 35.2905896], [33.6509527, 35.2908064], [33.6504526, 35.291483], [33.6498291, 35.2921596], [33.6493599, 35.2928532], [33.6489497, 35.2935994], [33.6486681, 35.2938763], [33.6483061, 35.294162], [33.6477345, 35.2944752], [33.647195, 35.2946745], [33.6464069, 35.2949092], [33.6461336, 35.2950242], [33.6459354, 35.2951829], [33.6456614, 35.2955158], [33.6454039, 35.2957601], [33.6451196, 35.2959255], [33.6448354, 35.2960362], [33.6446379, 35.2961301], [33.6443947, 35.2962797], [33.644128, 35.2964941], [33.6435209, 35.2971414], [33.6430531, 35.2977037], [33.642964, 35.2978107], [33.6427996, 35.2979689], [33.6413447, 35.2988861], [33.6410237, 35.2991288], [33.6407034, 35.2994544], [33.6404684, 35.2997147], [33.6402622, 35.3000059], [33.6394251, 35.3010427], [33.6384617, 35.3020083], [33.6382188, 35.3023674], [33.6379512, 35.3028974], [33.6375147, 35.3035753], [33.6364897, 35.3046954], [33.6361307, 35.3052488], [33.6360667, 35.30543], [33.636038, 35.305729], [33.6360221, 35.3066807], [33.6360599, 35.3068817], [33.6362878, 35.3075861], [33.6364174, 35.3077647], [33.6365685, 35.3078996], [33.6367527, 35.3080161], [33.6368835, 35.30811], [33.6369391, 35.3082258], [33.6369486, 35.3082968], [33.6369419, 35.3083635], [33.6368883, 35.3087858], [33.6368232, 35.3093501], [33.6368135, 35.3100238], [33.6367708, 35.3103739], [33.6366746, 35.3107721], [33.6366644, 35.3109316], [33.636667, 35.3110727], [33.6367344, 35.3112073], [33.6369227, 35.3113131], [33.6373308, 35.311466], [33.6379164, 35.3116153], [33.6382725, 35.3117165], [33.6386179, 35.3118921], [33.6390332, 35.3120823], [33.6392178, 35.31215], [33.6393984, 35.3121664], [33.6397238, 35.3121346], [33.639934, 35.3121199], [33.6401171, 35.3121655], [33.6404058, 35.3122861], [33.6407401, 35.3124612], [33.6409697, 35.3126254], [33.6412281, 35.3128622], [33.6415021, 35.313252], [33.6419862, 35.3139866], [33.6421576, 35.3141355], [33.6426853, 35.3146296], [33.6431812, 35.3151664], [33.6437141, 35.3155221], [33.6440194, 35.3157152], [33.6443618, 35.3158078], [33.6450094, 35.3160935], [33.6456206, 35.316345], [33.6460821, 35.3165266], [33.6464696, 35.3166378], [33.6472323, 35.3167344], [33.6480344, 35.3168562], [33.6495709, 35.3172913], [33.6510255, 35.317736], [33.6519727, 35.3180206], [33.6526439, 35.3181781], [33.6529135, 35.318272], [33.6531549, 35.3184352], [33.654041, 35.3190793], [33.6548038, 35.3196532], [33.6558755, 35.3206155], [33.6560399, 35.3206829], [33.6562795, 35.3206934], [33.6565713, 35.3206634], [33.6568014, 35.320583], [33.6576506, 35.3199535], [33.6582572, 35.3195488], [33.6586465, 35.3193345], [33.6590404, 35.3192797], [33.6592839, 35.3193113], [33.6595587, 35.3193687], [33.6602799, 35.3196016], [33.6607866, 35.3197984], [33.6611645, 35.3198771], [33.6626067, 35.3200431], [33.664206, 35.3205324], [33.6650771, 35.3208121], [33.6658197, 35.3211383], [33.6664766, 35.32115], [33.6669764, 35.3210334], [33.6675333, 35.32115], [33.6684187, 35.32115], [33.6695896, 35.3212082], [33.6703322, 35.3209985], [33.6707749, 35.3209752], [33.6712033, 35.32115], [33.67165, 35.3210991], [33.672074, 35.3211349], [33.6724457, 35.3211327], [33.672927, 35.3209511], [33.6735224, 35.3207786], [33.673937, 35.32074], [33.6742124, 35.3207831], [33.6744044, 35.3208739], [33.6745853, 35.3209988], [33.6747077, 35.3211645], [33.6748051, 35.3215232], [33.6748969, 35.3216412], [33.6751056, 35.3218183], [33.6752057, 35.3219318], [33.675253, 35.3220862], [33.675313, 35.3223816], [33.6754812, 35.3228035], [33.6754673, 35.3229965], [33.6753782, 35.3235708], [33.6755146, 35.3239114], [33.6757733, 35.3244289], [33.6759375, 35.3247513], [33.6761935, 35.3250464], [33.6764244, 35.3252802], [33.6768, 35.3255231], [33.6769475, 35.3256411], [33.676992, 35.325766], [33.6769196, 35.3259067], [33.6766804, 35.3261178], [33.6766247, 35.3262563], [33.6767026, 35.326388], [33.6769085, 35.3265537], [33.6771728, 35.3267012], [33.6775484, 35.3268284], [33.678091, 35.3269487], [33.6784722, 35.3270781], [33.6791147, 35.3274064], [33.6794098, 35.3277454], [33.6797493, 35.3279792], [33.680072, 35.3282811], [33.6803475, 35.328667], [33.680497, 35.3289918], [33.6806363, 35.3291983]]}, "properties": {"feature_type": "road", "highway": "tertiary", "landuse": ""}}, {"type": "Feature", "geometry": {"type": "LineString", "coordinates": [[33.652342, 35.2598712], [33.6524858, 35.2600341], [33.6529702, 35.2602356], [33.6542589, 35.2605714], [33.6553556, 35.2608027], [33.6569549, 35.2610415], [33.6580735, 35.2613785], [33.6588614, 35.2617894], [33.6591383, 35.2619339], [33.6597274, 35.2622412], [33.6599353, 35.2623635], [33.6600768, 35.2624499]]}, "properties": {"feature_type": "road", "highway": "tertiary", "landuse": ""}}, {"type": "Feature", "geometry": {"type": "LineString", "coordinates": [[33.6883683, 35.3327866], [33.6884455, 35.332908], [33.6885161, 35.3330397], [33.6885383, 35.3331218], [33.6885523, 35.3333302], [33.6885626, 35.3334203], [33.6887184, 35.3335667], [33.6888367, 35.3336348], [33.6888854, 35.3336496], [33.6889577, 35.3336076], [33.6891143, 35.3334539], [33.6892374, 35.3333175], [33.689291, 35.3332463], [33.6893665, 35.3331223]]}, "properties": {"feature_type": "road", "highway": "residential", "landuse": ""}}, {"type": "Feature", "geometry": {"type": "LineString", "coordinates": [[33.7200482, 35.3315637], [33.7192364, 35.3315508], [33.7164549, 35.3314464], [33.7160876, 35.3313738], [33.7134945, 35.3305952], [33.7119113, 35.3301276], [33.7112881, 35.3300368], [33.7102892, 35.3299665], [33.7098635, 35.3298916], [33.7091123, 35.3296464], [33.7087284, 35.3295806], [33.7081719, 35.329567], [33.7079632, 35.3295306], [33.7074541, 35.3293377], [33.7064858, 35.3290085], [33.7061185, 35.328979], [33.7057431, 35.3290569], [33.7056483, 35.3290766], [33.7053256, 35.3290948], [33.7048971, 35.3290608], [33.7042359, 35.3290737], [33.7031731, 35.3290397], [33.7027752, 35.3289693], [33.7019405, 35.328706], [33.7013868, 35.328647], [33.7000068, 35.3285993], [33.6997035, 35.328597], [33.6995477, 35.3286583], [33.6991805, 35.3288853], [33.6986157, 35.3291827], [33.6983152, 35.3292553], [33.6977531, 35.3292667], [33.6974693, 35.3293575], [33.6964538, 35.3298092], [33.6961783, 35.3298228], [33.6959363, 35.3297751], [33.6954299, 35.3296412], [33.6947204, 35.32948], [33.6938301, 35.3293529], [33.6928841, 35.3292712], [33.6922135, 35.3295845], [33.6916459, 35.3298659], [33.6912125, 35.3302337], [33.6909393, 35.3305274], [33.6908231, 35.3306778], [33.6906803, 35.3308381], [33.6903711, 35.3310486], [33.690213, 35.3312143], [33.6899932, 35.3315343], [33.6896779, 35.3321492]]}, "properties": {"feature_type": "road", "highway": "tertiary", "landuse": ""}}, {"type": "Feature", "geometry": {"type": "LineString", "coordinates": [[33.6362878, 35.3075861], [33.6357165, 35.3086006], [33.6356441, 35.3086753], [33.6355547, 35.3087222], [33.6352585, 35.3088462], [33.6349948, 35.3090002], [33.6343672, 35.3094582], [33.6343341, 35.3095157], [33.6343198, 35.3095802], [33.6342476, 35.3098723], [33.6342241, 35.3102493], [33.6341688, 35.3103934], [33.6340623, 35.3104786], [33.6339814, 35.3105289], [33.6334343, 35.3107722], [33.6332406, 35.3108764], [33.6331086, 35.3108886], [33.6328138, 35.3108732], [33.6322507, 35.3108086], [33.6317376, 35.310654], [33.6316252, 35.3106341], [33.6313715, 35.3106367], [33.6309137, 35.3107253], [33.6302495, 35.3109216], [33.6294533, 35.311064], [33.6292447, 35.3111283], [33.6288764, 35.311302], [33.6282548, 35.3117033], [33.6279035, 35.3119135], [33.6277673, 35.3120229], [33.6275815, 35.3122085], [33.6274863, 35.3122748], [33.6273593, 35.3123058], [33.6268987, 35.3123478], [33.6266877, 35.3124003], [33.6264729, 35.3125094], [33.626271, 35.3125702], [33.62589, 35.3125937], [33.625417, 35.3125615], [33.6252236, 35.3125833], [33.6250771, 35.3126596], [33.6247735, 35.3130038], [33.6247549, 35.3131035], [33.6247975, 35.3131747], [33.6248848, 35.3132181], [33.6250171, 35.3132232], [33.6253443, 35.3132539], [33.6255294, 35.3133283], [33.6258942, 35.3136019], [33.6259409, 35.3137017], [33.6259559, 35.3141206], [33.6258926, 35.3141974], [33.6256903, 35.3142957], [33.6256289, 35.3143808], [33.6255938, 35.3147203], [33.6256214, 35.3148038], [33.6257574, 35.3150376], [33.6257654, 35.3151799], [33.6256973, 35.3153047], [33.6254436, 35.3154579], [33.6253041, 35.3156023], [33.6252397, 35.3157249], [33.6252049, 35.3160882], [33.6251727, 35.3161998], [33.6250466, 35.3164077], [33.6249447, 35.3167119], [33.6248159, 35.316863], [33.6241239, 35.3174495], [33.6239067, 35.3176727], [33.6234989, 35.318221], [33.6234052, 35.3184381], [33.6234052, 35.3185493], [33.6234584, 35.3188394], [33.6234371, 35.3188863], [33.6233993, 35.3189073], [33.6233541, 35.3189071], [33.6233158, 35.318888], [33.6231932, 35.3186992], [33.6230242, 35.3184584], [33.6230001, 35.3183643], [33.623043, 35.3181411], [33.6230403, 35.3178106], [33.6229182, 35.3176171], [33.6226433, 35.3174801], [33.6218414, 35.3172591], [33.6216992, 35.3171956], [33.6214364, 35.3170118], [33.6207202, 35.3168104], [33.6206063, 35.3167253], [33.6203769, 35.3163683], [33.6202244, 35.3162521], [33.6196849, 35.316016], [33.6193094, 35.3159065], [33.6186951, 35.315819], [33.6185496, 35.3157756], [33.61833, 35.3156653], [33.6182138, 35.3156604], [33.618034, 35.3157986]]}, "properties": {"feature_type": "road", "highway": "tertiary", "landuse": ""}}, {"type": "Feature", "geometry": {"type": "LineString", "coordinates": [[33.6899219, 35.3330684], [33.6897502, 35.333099], [33.6895306, 35.3331053], [33.6893665, 35.3331223], [33.6890817, 35.3330525], [33.6887257, 35.3329239], [33.6885413, 35.3328583], [33.6883683, 35.3327866], [33.688384, 35.3324586], [33.6883843, 35.332313], [33.6883669, 35.3322186], [33.6883071, 35.3320271], [33.688262, 35.3317163], [33.6882552, 35.3312649], [33.6882611, 35.3310052]]}, "properties": {"feature_type": "road", "highway": "residential", "landuse": ""}}, {"type": "Feature", "geometry": {"type": "LineString", "coordinates": [[33.6896509, 35.3324867], [33.689328, 35.3325423], [33.6890255, 35.332595], [33.6887333, 35.3326653], [33.6883683, 35.3327866], [33.6881878, 35.3329273], [33.6880696, 35.3330238], [33.6879221, 35.3331566], [33.6878206, 35.3332984], [33.6877829, 35.3333736], [33.687758, 35.3334233], [33.6877719, 35.3335447], [33.6878818, 35.3338591], [33.6879541, 35.3340917], [33.6879583, 35.3342098], [33.6879499, 35.3343198], [33.6879249, 35.3344572]]}, "properties": {"feature_type": "road", "highway": "residential", "landuse": ""}}, {"type": "Feature", "geometry": {"type": "LineString", "coordinates": [[33.6791147, 35.3274064], [33.6789023, 35.3274594], [33.6787095, 35.3274642], [33.6785521, 35.3273422], [33.6784143, 35.3273486], [33.6782412, 35.3274594], [33.6781428, 35.3276793], [33.6779874, 35.3281047], [33.6779048, 35.3284353], [33.67771, 35.3287611], [33.6774936, 35.329034], [33.6774214, 35.3291609]]}, "properties": {"feature_type": "road", "highway": "residential", "landuse": ""}}, {"type": "Feature", "geometry": {"type": "LineString", "coordinates": [[33.6900138, 35.3331466], [33.6903776, 35.3331315], [33.6908313, 35.3329508], [33.6910643, 35.332833], [33.6913574, 35.3327238], [33.6919909, 35.3325682], [33.6921837, 35.3324863], [33.6923017, 35.3323611], [33.6923942, 35.3321573], [33.6924193, 35.3320775], [33.6924336, 35.3320321], [33.6923883, 35.3318973], [33.6922112, 35.3315425], [33.6921227, 35.3314398], [33.6917469, 35.3311333], [33.6914656, 35.3308957], [33.6910308, 35.3308155], [33.6908231, 35.3306778]]}, "properties": {"feature_type": "road", "highway": "residential", "landuse": ""}}, {"type": "Feature", "geometry": {"type": "LineString", "coordinates": [[33.6912125, 35.3302337], [33.6909233, 35.3302799], [33.6906619, 35.3303215], [33.6904907, 35.3303669], [33.6901086, 35.3304876], [33.6898091, 35.3305667], [33.6895878, 35.3306332], [33.689393, 35.3306472], [33.6892151, 35.3306325], [33.6890872, 35.3306214], [33.6886127, 35.3309253], [33.6883776, 35.3310002], [33.6882611, 35.3310052], [33.6880562, 35.3310059], [33.6878904, 35.3310838], [33.6877029, 35.3311954], [33.6876417, 35.3312465], [33.6875109, 35.3312681], [33.68712, 35.3312204], [33.6868334, 35.3311466], [33.6866262, 35.3311311]]}, "properties": {"feature_type": "road", "highway": "residential", "landuse": ""}}, {"type": "Feature", "geometry": {"type": "LineString", "coordinates": [[33.6028529, 35.2570781], [33.6026709, 35.2573467], [33.6026287, 35.2576371], [33.6027036, 35.2580039]]}, "properties": {"feature_type": "road", "highway": "residential", "landuse": ""}}, {"type": "Feature", "geometry": {"type": "LineString", "coordinates": [[33.6007988, 35.2544776], [33.600688, 35.2543664], [33.6003325, 35.2540459], [33.6003094, 35.253993], [33.6003185, 35.253696], [33.6004178, 35.2533617]]}, "properties": {"feature_type": "road", "highway": "residential", "landuse": ""}}, {"type": "Feature", "geometry": {"type": "LineString", "coordinates": [[33.6050766, 35.251182], [33.6054563, 35.2508268], [33.6061483, 35.2501987], [33.606804, 35.2497075], [33.6074923, 35.2491701], [33.6081258, 35.2488485]]}, "properties": {"feature_type": "road", "highway": "residential", "landuse": ""}}, {"type": "Feature", "geometry": {"type": "LineString", "coordinates": [[33.601559, 35.2532927], [33.6012304, 35.2529687], [33.6009929, 35.2526977], [33.6007925, 35.2523496], [33.6006431, 35.252179], [33.600511, 35.2521822], [33.6003789, 35.2522214], [33.6001569, 35.252401], [33.5999314, 35.2528482], [33.5997194, 35.2534288]]}, "properties": {"feature_type": "road", "highway": "residential", "landuse": ""}}, {"type": "Feature", "geometry": {"type": "LineString", "coordinates": [[33.6008498, 35.2546475], [33.6010265, 35.254936], [33.6010989, 35.2550438], [33.6011649, 35.2551029], [33.6012501, 35.2551603], [33.6013778, 35.2552176], [33.6014906, 35.2552994], [33.6015075, 35.2553223], [33.6015545, 35.2553863], [33.6017046, 35.2555718], [33.6019101, 35.2557068], [33.6021419, 35.25578], [33.6024532, 35.25583]]}, "properties": {"feature_type": "road", "highway": "residential", "landuse": ""}}, {"type": "Feature", "geometry": {"type": "LineString", "coordinates": [[33.6035272, 35.2520641], [33.6031738, 35.251907], [33.6030243, 35.2518692], [33.602797, 35.2518537]]}, "properties": {"feature_type": "road", "highway": "residential", "landuse": ""}}, {"type": "Feature", "geometry": {"type": "LineString", "coordinates": [[33.5984293, 35.2551846], [33.5987002, 35.2552297], [33.5988952, 35.2552922], [33.5989619, 35.2553805], [33.5991678, 35.255476], [33.5994392, 35.2555257], [33.5999726, 35.2555677], [33.6003064, 35.2555882]]}, "properties": {"feature_type": "road", "highway": "residential", "landuse": ""}}, {"type": "Feature", "geometry": {"type": "LineString", "coordinates": [[33.6017046, 35.2555718], [33.6012787, 35.2558057], [33.6010285, 35.2559977]]}, "properties": {"feature_type": "road", "highway": "residential", "landuse": ""}}, {"type": "Feature", "geometry": {"type": "LineString", "coordinates": [[33.6013712, 35.2565785], [33.6014833, 35.2565252], [33.6016049, 35.2563914], [33.6017734, 35.2563494], [33.6021945, 35.2564067], [33.6025402, 35.2564155], [33.6027935, 35.256405], [33.602868, 35.256398], [33.6029446, 35.2563719], [33.6029872, 35.256332], [33.6030532, 35.2562624], [33.6032831, 35.2562085], [33.6033832, 35.2561633], [33.6034683, 35.2561216], [33.6035025, 35.2561136], [33.6036025, 35.2560903], [33.6037877, 35.2560764], [33.6039124, 35.2560942], [33.6039934, 35.2561233], [33.6041851, 35.2563032], [33.6045523, 35.2566002], [33.6048395, 35.2566222], [33.6051606, 35.2566415], [33.6052924, 35.2566084], [33.6053633, 35.2565505], [33.6054005, 35.2564567], [33.6054174, 35.2562607], [33.6054208, 35.2560013]]}, "properties": {"feature_type": "road", "highway": "residential", "landuse": ""}}, {"type": "Feature", "geometry": {"type": "LineString", "coordinates": [[33.602896, 35.2541343], [33.6033908, 35.2539939], [33.6035996, 35.2539347], [33.6040957, 35.2537907], [33.6045235, 35.2536476]]}, "properties": {"feature_type": "road", "highway": "residential", "landuse": ""}}, {"type": "Feature", "geometry": {"type": "LineString", "coordinates": [[33.6011171, 35.2587719], [33.6010665, 35.2589388], [33.6009972, 35.2590795], [33.600938, 35.2591099], [33.6008772, 35.2590988], [33.6008164, 35.2590506], [33.600693, 35.2587581], [33.6004326, 35.2583843], [33.6002402, 35.2579316], [33.6001321, 35.2575246], [33.6001255, 35.2572397], [33.6001328, 35.2567416], [33.6001172, 35.2565498], [33.5992829, 35.2563264], [33.5988021, 35.256082], [33.5985948, 35.2559767], [33.5983995, 35.2556331], [33.5983633, 35.2555549], [33.5983441, 35.2554454], [33.5984293, 35.2551846], [33.5987298, 35.2543213], [33.5988113, 35.2541418]]}, "properties": {"feature_type": "road", "highway": "residential", "landuse": ""}}, {"type": "Feature", "geometry": {"type": "LineString", "coordinates": [[33.6022524, 35.2544922], [33.6021278, 35.2544507], [33.601938, 35.2544289], [33.6015926, 35.2544471], [33.6013426, 35.2544602], [33.6010014, 35.2544747], [33.600889, 35.2544763], [33.6007988, 35.2544776], [33.6002453, 35.2544242], [33.5995829, 35.2543194], [33.5993937, 35.2542794], [33.59929, 35.2542543], [33.5989628, 35.2541897], [33.5988113, 35.2541418], [33.5984853, 35.2539419], [33.5984378, 35.2538912], [33.5984293, 35.2538286], [33.5984442, 35.2537887], [33.5984635, 35.2537625], [33.5984889, 35.2537278], [33.598787, 35.2535905], [33.5990807, 35.2534757], [33.5994682, 35.2534757], [33.5997194, 35.2534288], [33.5999845, 35.2533704], [33.6004178, 35.2533617], [33.6009949, 35.2533153], [33.601559, 35.2532927], [33.6017637, 35.25336]]}, "properties": {"feature_type": "road", "highway": "residential", "landuse": ""}}, {"type": "Feature", "geometry": {"type": "LineString", "coordinates": [[33.6031524, 35.252674], [33.6035545, 35.2525535], [33.6038495, 35.252381], [33.6042828, 35.2519658], [33.6046512, 35.2516877], [33.6047826, 35.2515553]]}, "properties": {"feature_type": "road", "highway": "residential", "landuse": ""}}, {"type": "Feature", "geometry": {"type": "LineString", "coordinates": [[33.601938, 35.2544289], [33.6019152, 35.2542734], [33.601879, 35.2541004], [33.6018214, 35.2539897], [33.6017194, 35.2537926], [33.6017168, 35.2536754], [33.6017637, 35.25336], [33.6018026, 35.2532505], [33.6018361, 35.2531684], [33.6019742, 35.2529143], [33.6020212, 35.2528114], [33.6020574, 35.2526953], [33.6021242, 35.2522676], [33.6021918, 35.2519254], [33.6023031, 35.2515018], [33.6024935, 35.2507785], [33.6025349, 35.2503791], [33.6025295, 35.2502491]]}, "properties": {"feature_type": "road", "highway": "residential", "landuse": ""}}, {"type": "Feature", "geometry": {"type": "LineString", "coordinates": [[33.5993937, 35.2542794], [33.5993941, 35.254422], [33.5994068, 35.2546115], [33.5995562, 35.2548455], [33.5999586, 35.2553231], [33.6002169, 35.255518], [33.6003064, 35.2555882], [33.6005837, 35.2557223], [33.6010285, 35.2559977], [33.6010991, 35.2561415], [33.6011159, 35.2562972], [33.6010861, 35.2564902]]}, "properties": {"feature_type": "road", "highway": "residential", "landuse": ""}}, {"type": "Feature", "geometry": {"type": "LineString", "coordinates": [[33.6025604, 35.2552505], [33.6029513, 35.2554375], [33.6033072, 35.2555568], [33.6033798, 35.2555679], [33.6037322, 35.2556218], [33.6041127, 35.2557159], [33.6041567, 35.2557176], [33.6042014, 35.2557193], [33.6043059, 35.2557234], [33.6047906, 35.2558513], [33.6054208, 35.2560013], [33.6055142, 35.2559547], [33.6055962, 35.2559411], [33.6056601, 35.2559305], [33.6064157, 35.2559655], [33.6066915, 35.2559825], [33.6070595, 35.2559441]]}, "properties": {"feature_type": "road", "highway": "residential", "landuse": ""}}, {"type": "Feature", "geometry": {"type": "LineString", "coordinates": [[33.6002069, 35.2564641], [33.6004113, 35.2565284], [33.6005539, 35.2565267], [33.6006859, 35.256518], [33.6010861, 35.2564902], [33.6012054, 35.2565041], [33.6013712, 35.2565785], [33.6015013, 35.2566762], [33.6015736, 35.2567231], [33.601678, 35.2567666], [33.6020335, 35.2568813], [33.6022889, 35.2569491], [33.6024839, 35.2569521], [33.6026163, 35.2569779], [33.6027233, 35.2570171], [33.6028529, 35.2570781], [33.6029785, 35.2571338], [33.6031042, 35.2571555], [33.6032485, 35.2571538], [33.6040361, 35.2570423], [33.6044157, 35.2570435], [33.6047672, 35.2571037], [33.6051513, 35.2572027], [33.6054541, 35.2573118], [33.6055016, 35.2573372], [33.6057399, 35.2574645], [33.6060047, 35.2576538], [33.6062409, 35.2578686], [33.6064205, 35.2580655], [33.6065896, 35.2583146], [33.6067547, 35.2586026], [33.6069536, 35.2589429], [33.6074046, 35.2595652], [33.6076533, 35.2598832], [33.6087301, 35.2610617], [33.6090327, 35.2614095], [33.6092322, 35.2616796], [33.6094131, 35.2620114], [33.6095603, 35.2623582], [33.6096867, 35.2627542], [33.6098765, 35.2635687], [33.6100444, 35.2641847], [33.6102548, 35.2647537], [33.6107203, 35.2658972], [33.6108859, 35.2664111], [33.6110685, 35.2672969], [33.6111358, 35.2675801], [33.6111755, 35.2678259], [33.6111764, 35.2680829], [33.6111017, 35.2683414], [33.6109985, 35.2685686], [33.6108759, 35.2688119], [33.6107391, 35.2690345], [33.6105771, 35.269264], [33.6103993, 35.2695134], [33.6102583, 35.2697579], [33.6098906, 35.2706944], [33.6095882, 35.2716918], [33.6091665, 35.2733689], [33.6090968, 35.2737427], [33.6090195, 35.2740989], [33.6089165, 35.2744636], [33.6087733, 35.2748454], [33.608655, 35.2751534], [33.6085762, 35.2753854], [33.608513, 35.2756595], [33.6084304, 35.2763223], [33.6083476, 35.2769303], [33.6081702, 35.2775983], [33.6080468, 35.2780594], [33.6079525, 35.2784956], [33.6079135, 35.2788448], [33.6079037, 35.2791367], [33.6079301, 35.2793921], [33.6080361, 35.2797856], [33.6081982, 35.2801636], [33.6084612, 35.2807964], [33.6085518, 35.2810735], [33.6086176, 35.2813209], [33.6086817, 35.2815607], [33.6087392, 35.2818007], [33.6087426, 35.2820268], [33.6087147, 35.2822374], [33.6086472, 35.2824615], [33.6084441, 35.2827953], [33.608257, 35.2831127], [33.6081033, 35.283424], [33.6078859, 35.283755], [33.6073885, 35.2844813], [33.6068307, 35.2854289], [33.6066658, 35.2857583], [33.6065797, 35.2860049], [33.6065432, 35.2861765], [33.6065063, 35.2866725], [33.6064496, 35.2870887], [33.6064152, 35.2873433], [33.606403, 35.2875564], [33.6064274, 35.2877594], [33.6065035, 35.2879648], [33.6067348, 35.2884469], [33.6071121, 35.289072], [33.6074633, 35.2897401], [33.6079001, 35.2905911], [33.6080964, 35.2909601], [33.6082563, 35.2911713], [33.6084602, 35.2913867], [33.6086248, 35.2915151], [33.6088324, 35.2916587], [33.6090053, 35.2917721], [33.6091264, 35.2918864], [33.6092153, 35.2920411], [33.6092648, 35.2922174], [33.6092971, 35.2924178], [33.6095088, 35.2929935], [33.6100907, 35.2942459], [33.6101391, 35.2944041], [33.6101192, 35.2945282], [33.6100448, 35.2946509], [33.6084798, 35.296196], [33.6081022, 35.2967856], [33.6078163, 35.297254], [33.6077801, 35.2973894], [33.6077817, 35.2975126], [33.6078208, 35.2978491], [33.6078044, 35.2979636], [33.6077417, 35.2980581], [33.607269, 35.2985789], [33.6068156, 35.2992857], [33.6065488, 35.2995124], [33.6054153, 35.3000592], [33.6040283, 35.3007127], [33.6036759, 35.3013214], [33.6034281, 35.3019469], [33.6034673, 35.3030337], [33.603358, 35.3035936], [33.6032772, 35.3037026], [33.6031656, 35.3037865], [33.6029407, 35.3039475], [33.6028866, 35.3041092], [33.6032328, 35.3042396], [33.6038641, 35.3044969], [33.6039413, 35.3045794], [33.6040099, 35.3046173], [33.6040531, 35.3047099], [33.6041951, 35.3049877], [33.6042753, 35.3052901], [33.6044114, 35.3053831]]}, "properties": {"feature_type": "road", "highway": "tertiary", "landuse": ""}}, {"type": "Feature", "geometry": {"type": "LineString", "coordinates": [[33.6045523, 35.2566002], [33.6042247, 35.2567648], [33.6038268, 35.2568537], [33.6033699, 35.256891], [33.6030277, 35.2569199], [33.6026616, 35.2567977], [33.6025295, 35.2567484]]}, "properties": {"feature_type": "road", "highway": "residential", "landuse": ""}}, {"type": "Feature", "geometry": {"type": "LineString", "coordinates": [[33.6030532, 35.2562624], [33.6028917, 35.2559863], [33.6028576, 35.2559523], [33.6024973, 35.2560037]]}, "properties": {"feature_type": "road", "highway": "residential", "landuse": ""}}, {"type": "Feature", "geometry": {"type": "LineString", "coordinates": [[33.5994068, 35.2546115], [33.5992146, 35.2547698], [33.5991403, 35.2550073], [33.5990721, 35.255097], [33.5988952, 35.2552922]]}, "properties": {"feature_type": "road", "highway": "residential", "landuse": ""}}, {"type": "Feature", "geometry": {"type": "LineString", "coordinates": [[33.6004178, 35.2533617], [33.6005951, 35.2527995], [33.6007925, 35.2523496]]}, "properties": {"feature_type": "road", "highway": "residential", "landuse": ""}}, {"type": "Feature", "geometry": {"type": "LineString", "coordinates": [[33.6022889, 35.2569491], [33.6022144, 35.2572759], [33.6021016, 35.257714], [33.6020377, 35.2578948], [33.6019909, 35.2579434], [33.6019377, 35.2579712], [33.6018653, 35.258013], [33.601712, 35.2581659], [33.6015715, 35.2582355], [33.6014012, 35.2582859]]}, "properties": {"feature_type": "road", "highway": "residential", "landuse": ""}}, {"type": "Feature", "geometry": {"type": "LineString", "coordinates": [[33.6034642, 35.2440503], [33.6031521, 35.2448502], [33.6028031, 35.2458045], [33.6026104, 35.2465495], [33.6024954, 35.2471267], [33.6023635, 35.2483332], [33.6023507, 35.2486427], [33.6023635, 35.2488965], [33.602406, 35.2493694], [33.6024827, 35.2499049], [33.6025295, 35.2502491]]}, "properties": {"feature_type": "road", "highway": "residential", "landuse": ""}}, {"type": "Feature", "geometry": {"type": "LineString", "coordinates": [[33.6041567, 35.2557176], [33.6039934, 35.2561233]]}, "properties": {"feature_type": "road", "highway": "residential", "landuse": ""}}, {"type": "Feature", "geometry": {"type": "LineString", "coordinates": [[33.6043819, 35.2512565], [33.6046725, 35.2514485], [33.6047826, 35.2515553], [33.6052357, 35.2518347], [33.6053672, 35.2519409]]}, "properties": {"feature_type": "road", "highway": "residential", "landuse": ""}}, {"type": "Feature", "geometry": {"type": "LineString", "coordinates": [[33.6877122, 35.2820533], [33.6877413, 35.2817233]]}, "properties": {"feature_type": "road", "highway": "tertiary", "landuse": ""}}, {"type": "Feature", "geometry": {"type": "LineString", "coordinates": [[33.7326106, 35.2596559], [33.7327918, 35.2596784], [33.7332108, 35.2596761], [33.7334335, 35.2596738]]}, "properties": {"feature_type": "road", "highway": "residential", "landuse": ""}}, {"type": "Feature", "geometry": {"type": "LineString", "coordinates": [[33.7319563, 35.2603189], [33.7319359, 35.2603955], [33.7318104, 35.2607209], [33.7317935, 35.2610552], [33.7318685, 35.2612122], [33.7319012, 35.2614368], [33.7318782, 35.2615797], [33.7317531, 35.2618719], [33.7317262, 35.262043], [33.7317281, 35.2623634]]}, "properties": {"feature_type": "road", "highway": "residential", "landuse": ""}}, {"type": "Feature", "geometry": {"type": "LineString", "coordinates": [[33.7300398, 35.2600067], [33.7299032, 35.2604056], [33.7298763, 35.2607024], [33.7299148, 35.2608359], [33.7300189, 35.2609541], [33.7301836, 35.2610065], [33.7304606, 35.2609813], [33.7307299, 35.2610049], [33.7308876, 35.2610709], [33.7310357, 35.2611384], [33.7312627, 35.2612122], [33.7314896, 35.2611981], [33.7317935, 35.2610552]]}, "properties": {"feature_type": "road", "highway": "residential", "landuse": ""}}, {"type": "Feature", "geometry": {"type": "LineString", "coordinates": [[33.7210462, 35.2582393], [33.7210652, 35.2583569], [33.7212119, 35.2584133], [33.722095, 35.2586115], [33.7225124, 35.2586775], [33.7235511, 35.2587057], [33.7240127, 35.258723], [33.7244436, 35.258778], [33.724809, 35.2588738], [33.7251649, 35.2589366], [33.725329, 35.2589696], [33.725698, 35.2590437], [33.7261045, 35.2591253], [33.7262132, 35.2591471], [33.7263805, 35.2591832], [33.726653, 35.2592476], [33.726736, 35.2592672], [33.7269306, 35.2593387], [33.7272929, 35.2595937], [33.7277885, 35.2599355], [33.7279404, 35.2599622], [33.7286848, 35.2598664], [33.7289908, 35.2599096], [33.7291407, 35.2599308], [33.7294965, 35.2599355], [33.7298773, 35.2599622], [33.7299312, 35.259977], [33.7300398, 35.2600067], [33.7302947, 35.2600674], [33.7308314, 35.2601004], [33.7311564, 35.2600989], [33.7312677, 35.2600854], [33.731897, 35.2599862], [33.7319974, 35.2599461]]}, "properties": {"feature_type": "road", "highway": "tertiary", "landuse": ""}}, {"type": "Feature", "geometry": {"type": "LineString", "coordinates": [[33.7335703, 35.2600069], [33.7333778, 35.260467], [33.7331912, 35.2606272], [33.7331715, 35.2607138], [33.7331873, 35.2610057], [33.7332547, 35.2610528], [33.7333681, 35.2610669], [33.7337528, 35.261001], [33.7339163, 35.2608895], [33.7341568, 35.2608439], [33.7343818, 35.2608895]]}, "properties": {"feature_type": "road", "highway": "residential", "landuse": ""}}, {"type": "Feature", "geometry": {"type": "LineString", "coordinates": [[33.724809, 35.2588738], [33.7247617, 35.2591109], [33.7245614, 35.2595431], [33.7244363, 35.259773], [33.7241574, 35.260304], [33.7238569, 35.2608858]]}, "properties": {"feature_type": "road", "highway": "residential", "landuse": ""}}, {"type": "Feature", "geometry": {"type": "LineString", "coordinates": [[33.732094, 35.2598793], [33.7321704, 35.2598428], [33.7324028, 35.2597408], [33.7326106, 35.2596559], [33.7326394, 35.2595083], [33.7326948, 35.2592049], [33.7327048, 35.2591502], [33.7327606, 35.258811], [33.7328012, 35.2587062], [33.7328324, 35.2586352], [33.7329732, 35.258655], [33.7333047, 35.2586985], [33.7335877, 35.2587293], [33.7339512, 35.2587701], [33.7342234, 35.2588004], [33.7346661, 35.2588635], [33.7350284, 35.2589696], [33.7349687, 35.2591769], [33.7347783, 35.2595115], [33.7347264, 35.2596591], [33.7347396, 35.2598717], [33.7346701, 35.2599961], [33.7344434, 35.2606398], [33.7343818, 35.2608895], [33.7343318, 35.2612099], [33.7343068, 35.2616905], [33.7343106, 35.2620328], [33.7342414, 35.262592], [33.7341298, 35.2631809], [33.7341895, 35.2633631], [33.7340798, 35.2639426], [33.7332995, 35.2665228]]}, "properties": {"feature_type": "road", "highway": "residential", "landuse": ""}}, {"type": "Feature", "geometry": {"type": "LineString", "coordinates": [[33.7238569, 35.2608858], [33.7235005, 35.2606921], [33.7232488, 35.2604965], [33.7230326, 35.2600653], [33.7227129, 35.2594592], [33.7224436, 35.2592171], [33.7222749, 35.2590572], [33.7221389, 35.2587662], [33.722095, 35.2586115]]}, "properties": {"feature_type": "road", "highway": "residential", "landuse": ""}}, {"type": "Feature", "geometry": {"type": "LineString", "coordinates": [[33.7328324, 35.2586352], [33.7323108, 35.2585304], [33.7320292, 35.2584582], [33.7318715, 35.2584382], [33.7315505, 35.2584438], [33.7311969, 35.2585238], [33.7309874, 35.2586193], [33.7308215, 35.258617], [33.7304869, 35.2586548], [33.7298939, 35.2586259], [33.7291268, 35.2585371], [33.7290934, 35.2585279], [33.7283516, 35.2583239], [33.7274219, 35.2581618], [33.7270649, 35.2581106], [33.726306, 35.2580329], [33.7259687, 35.2580329], [33.7256287, 35.2580773], [33.7252206, 35.2583283], [33.7244436, 35.258778]]}, "properties": {"feature_type": "road", "highway": "residential", "landuse": ""}}, {"type": "Feature", "geometry": {"type": "LineString", "coordinates": [[33.7322061, 35.2575492], [33.7322087, 35.2581228], [33.7321366, 35.2582816], [33.7320292, 35.2584582]]}, "properties": {"feature_type": "road", "highway": "residential", "landuse": ""}}, {"type": "Feature", "geometry": {"type": "LineString", "coordinates": [[33.7341298, 35.2631809], [33.7338151, 35.2628582], [33.7336231, 35.2625955], [33.7335146, 35.2624153], [33.7333771, 35.2622323], [33.7330511, 35.2620454], [33.732801, 35.2618891], [33.7326558, 35.2617266], [33.7326346, 35.2616229], [33.7326452, 35.2613295], [33.7326442, 35.2609133], [33.7325558, 35.2606486], [33.7325419, 35.2604795], [33.7321393, 35.2603723], [33.7319563, 35.2603189], [33.7319568, 35.2602198], [33.7319417, 35.2601196], [33.731897, 35.2599862]]}, "properties": {"feature_type": "road", "highway": "residential", "landuse": ""}}, {"type": "Feature", "geometry": {"type": "LineString", "coordinates": [[33.7310939, 35.2603077], [33.7312049, 35.2604866], [33.7312492, 35.2606405], [33.7310145, 35.2609499], [33.7308876, 35.2610709], [33.730801, 35.2612091], [33.7307856, 35.2615012], [33.7307741, 35.2617478], [33.7306818, 35.2619472], [33.7307202, 35.2620886]]}, "properties": {"feature_type": "road", "highway": "residential", "landuse": ""}}, {"type": "Feature", "geometry": {"type": "LineString", "coordinates": [[33.7275867, 35.2600551], [33.7270602, 35.2599987], [33.7267005, 35.2600159], [33.7264927, 35.2599688], [33.7261619, 35.2597788], [33.7259541, 35.2596588]]}, "properties": {"feature_type": "road", "highway": "residential", "landuse": ""}}, {"type": "Feature", "geometry": {"type": "LineString", "coordinates": [[33.7241574, 35.260304], [33.7244158, 35.2603629], [33.72544, 35.2604895], [33.7266164, 35.2606505], [33.726815, 35.260736], [33.7269526, 35.2607298], [33.7270829, 35.2606594], [33.7272761, 35.2604628], [33.7274488, 35.260334], [33.7275127, 35.2602196], [33.7275867, 35.2600551], [33.7277885, 35.2599355]]}, "properties": {"feature_type": "road", "highway": "residential", "landuse": ""}}, {"type": "Feature", "geometry": {"type": "LineString", "coordinates": [[33.7311564, 35.2600989], [33.7310939, 35.2603077], [33.7307729, 35.2605253], [33.7304556, 35.2606855], [33.7301209, 35.2608536], [33.7300189, 35.2609541], [33.7299555, 35.2610719], [33.7298936, 35.2612476], [33.7298901, 35.26132], [33.7299574, 35.261708], [33.7297227, 35.2620064], [33.7295535, 35.2621948], [33.7293303, 35.2625404], [33.7290967, 35.2629336], [33.7282282, 35.2641653]]}, "properties": {"feature_type": "road", "highway": "residential", "landuse": ""}}, {"type": "Feature", "geometry": {"type": "LineString", "coordinates": [[33.7262132, 35.2591471], [33.7259541, 35.2596588], [33.7258118, 35.2598809], [33.7254291, 35.2598149], [33.725229, 35.2596783], [33.7251213, 35.2596296], [33.7247962, 35.2595793], [33.7245614, 35.2595431]]}, "properties": {"feature_type": "road", "highway": "residential", "landuse": ""}}, {"type": "Feature", "geometry": {"type": "LineString", "coordinates": [[33.7298936, 35.2612476], [33.7297378, 35.2612334], [33.7295358, 35.2612774], [33.7291357, 35.2614109], [33.7287337, 35.2614455], [33.7283183, 35.2615099]]}, "properties": {"feature_type": "road", "highway": "residential", "landuse": ""}}, {"type": "Feature", "geometry": {"type": "LineString", "coordinates": [[33.6869656, 35.2831286], [33.6868839, 35.2833935], [33.6867391, 35.283538], [33.6866399, 35.283637], [33.6857113, 35.2836204]]}, "properties": {"feature_type": "road", "highway": "residential", "landuse": ""}}, {"type": "Feature", "geometry": {"type": "LineString", "coordinates": [[33.6867391, 35.283538], [33.6871353, 35.2836818], [33.6876449, 35.2837305], [33.6879269, 35.2834118], [33.6880292, 35.2832258], [33.6880479, 35.2831663]]}, "properties": {"feature_type": "road", "highway": "residential", "landuse": ""}}, {"type": "Feature", "geometry": {"type": "LineString", "coordinates": [[33.6877413, 35.2817233], [33.689305, 35.2819108]]}, "properties": {"feature_type": "road", "highway": "tertiary", "landuse": ""}}, {"type": "Feature", "geometry": {"type": "LineString", "coordinates": [[33.6877122, 35.2820533], [33.6874696, 35.2820239], [33.6871764, 35.2819804], [33.6869832, 35.281926], [33.6867165, 35.2817162], [33.6863458, 35.2811457], [33.6848843, 35.2802379], [33.6840477, 35.2796587], [33.6827239, 35.2782581], [33.6810718, 35.2770045], [33.6798963, 35.2765031], [33.6792609, 35.275846], [33.6778735, 35.2750852], [33.6764756, 35.2746615], [33.6752048, 35.2740909], [33.6743152, 35.2733733], [33.6735739, 35.2721628], [33.6732138, 35.2716008], [33.6711169, 35.2701482], [33.670598, 35.2698802], [33.6702167, 35.2693355], [33.6687659, 35.2679953], [33.6667855, 35.2672084], [33.6653981, 35.2667156], [33.6643073, 35.2661103], [33.6638625, 35.265678], [33.6638625, 35.2648738], [33.6635766, 35.2646057], [33.6627985, 35.264568], [33.662655, 35.2641774], [33.6626382, 35.2640535], [33.6626637, 35.2639197], [33.6627255, 35.2637532], [33.6627749, 35.26363], [33.6628663, 35.2634023]]}, "properties": {"feature_type": "road", "highway": "tertiary", "landuse": ""}}, {"type": "Feature", "geometry": {"type": "LineString", "coordinates": [[33.6880292, 35.2832258], [33.6881384, 35.283549], [33.6882956, 35.2838544], [33.6885396, 35.28412], [33.688967, 35.2843068]]}, "properties": {"feature_type": "road", "highway": "residential", "landuse": ""}}, {"type": "Feature", "geometry": {"type": "LineString", "coordinates": [[33.6919982, 35.2808641], [33.6905694, 35.281373], [33.689938, 35.2815937], [33.6893989, 35.2818527], [33.689305, 35.2819108]]}, "properties": {"feature_type": "road", "highway": "tertiary", "landuse": ""}}, {"type": "Feature", "geometry": {"type": "LineString", "coordinates": [[33.6179099, 35.2230821], [33.6178159, 35.2233967], [33.6176296, 35.2240192], [33.6176445, 35.2243167], [33.6177001, 35.2244868], [33.6178584, 35.224702], [33.61807, 35.2248783], [33.6187193, 35.2252814], [33.6191251, 35.2255677], [33.6192907, 35.2256845], [33.6202431, 35.2262009], [33.6214812, 35.2265969], [33.6229445, 35.2273214], [33.6244423, 35.2282762], [33.6252735, 35.2287783], [33.626122, 35.2289834], [33.6295766, 35.2297826], [33.6320441, 35.2306949], [33.633845, 35.2317345], [33.6358883, 35.2330358], [33.6361394, 35.2334106], [33.6365723, 35.2343158], [33.6373169, 35.2349311], [33.6383472, 35.2364091], [33.6391177, 35.2374274], [33.6403558, 35.2386932], [33.6424684, 35.2404823], [33.6435766, 35.2409631], [33.6454901, 35.2418188], [33.6461836, 35.2421104], [33.6466924, 35.242312], [33.6470106, 35.2424382], [33.6471027, 35.2424747], [33.6471443, 35.2425109], [33.6472233, 35.2425797], [33.6472989, 35.2427312], [33.6476385, 35.2436237], [33.6477112, 35.2438147], [33.647783, 35.2439784], [33.647943, 35.2443433], [33.648079, 35.2445791], [33.6482027, 35.2447438], [33.6482927, 35.2448653], [33.6483391, 35.2449834], [33.6483691, 35.2451236], [33.648401, 35.2453065], [33.6483904, 35.2454778], [33.6483503, 35.2457256], [33.6483553, 35.2459357], [33.6484233, 35.2461226], [33.6485377, 35.2463296], [33.6486549, 35.2465632], [33.6494035, 35.2477372], [33.6504078, 35.2492008], [33.6510052, 35.2498513], [33.6527455, 35.2524532], [33.6537152, 35.2540723], [33.6547282, 35.2548924], [33.6566243, 35.2563489], [33.6577499, 35.2572962], [33.6578666, 35.2574848], [33.6579183, 35.2578194], [33.6577976, 35.2581654], [33.6577263, 35.2587597], [33.6578419, 35.259261], [33.6579572, 35.2595612]]}, "properties": {"feature_type": "road", "highway": "tertiary", "landuse": ""}}, {"type": "Feature", "geometry": {"type": "LineString", "coordinates": [[33.63648, 35.255639], [33.6367234, 35.2552817], [33.6372506, 35.2547243], [33.6377508, 35.2540841], [33.638136, 35.2534659], [33.6384131, 35.2530603], [33.6388761, 35.2526684], [33.6392039, 35.2523014], [33.6394134, 35.2520337], [33.6396331, 35.2517936], [33.640042, 35.2511865], [33.6403191, 35.2508857], [33.6407483, 35.2505352], [33.6408496, 35.2504386], [33.6408834, 35.2502675], [33.640853, 35.2499998], [33.6408496, 35.2498011], [33.6409206, 35.2496051], [33.6409747, 35.2493954], [33.641191, 35.2490394], [33.641245, 35.2488462], [33.6412416, 35.2485564], [33.6413058, 35.2483991], [33.6416134, 35.2477864], [33.6419074, 35.2474194], [33.6422588, 35.2471462], [33.6425934, 35.2469397], [33.6427046, 35.2468439], [33.642836, 35.2466818], [33.6429986, 35.2464361], [33.6433726, 35.2460842], [33.6435177, 35.2457882], [33.6437093, 35.2454601], [33.6438487, 35.2454088], [33.6439902, 35.2453703], [33.6444335, 35.2448216], [33.6444431, 35.2448035], [33.6447036, 35.2443113], [33.6448724, 35.2441437], [33.6450154, 35.2439341]]}, "properties": {"feature_type": "road", "highway": "residential", "landuse": ""}}, {"type": "Feature", "geometry": {"type": "LineString", "coordinates": [[33.646758, 35.2446634], [33.6464375, 35.2454233], [33.6467571, 35.2460434], [33.6469517, 35.2462706], [33.6472702, 35.2468753], [33.6474531, 35.2473036], [33.6475329, 35.2475907], [33.6477064, 35.2482786], [33.6476851, 35.2488509]]}, "properties": {"feature_type": "road", "highway": "residential", "landuse": ""}}, {"type": "Feature", "geometry": {"type": "LineString", "coordinates": [[33.8251892, 35.2702426], [33.8253268, 35.2702129], [33.8256475, 35.2702068], [33.8257729, 35.2698348], [33.825807, 35.2697301], [33.825647, 35.2696664], [33.825446, 35.2695353], [33.8253384, 35.2693439]]}, "properties": {"feature_type": "road", "highway": "residential", "landuse": ""}}, {"type": "Feature", "geometry": {"type": "LineString", "coordinates": [[33.8252581, 35.2689674], [33.8254457, 35.2688908], [33.8255479, 35.2688404], [33.8256248, 35.2687861], [33.8257565, 35.2685318], [33.8259221, 35.2682369], [33.8260493, 35.2682466], [33.8266331, 35.2683357]]}, "properties": {"feature_type": "road", "highway": "residential", "landuse": ""}}, {"type": "Feature", "geometry": {"type": "LineString", "coordinates": [[33.8251455, 35.2704615], [33.8251795, 35.2703144], [33.8251892, 35.2702426], [33.8251963, 35.269822], [33.8252888, 35.2695578], [33.8253384, 35.2693439], [33.8253012, 35.2690774], [33.8252581, 35.2689674]]}, "properties": {"feature_type": "road", "highway": "residential", "landuse": ""}}, {"type": "Feature", "geometry": {"type": "LineString", "coordinates": [[33.825133, 35.2687796], [33.8249262, 35.2686232], [33.8246845, 35.2685028], [33.8243561, 35.2684432], [33.8238426, 35.2683371]]}, "properties": {"feature_type": "road", "highway": "residential", "landuse": ""}}, {"type": "Feature", "geometry": {"type": "LineString", "coordinates": [[33.8285074, 35.2682616], [33.8279411, 35.2680362], [33.8272545, 35.2678224], [33.8267036, 35.267735], [33.8260274, 35.2676984], [33.825998, 35.2677215], [33.825939, 35.2678614], [33.8258629, 35.2679835], [33.8257603, 35.268077], [33.8255862, 35.2681243], [33.8253779, 35.2681095], [33.8252373, 35.2682123], [33.8251957, 35.2685564], [33.825133, 35.2687796], [33.8251945, 35.2688711], [33.8252581, 35.2689674]]}, "properties": {"feature_type": "road", "highway": "residential", "landuse": ""}}, {"type": "Feature", "geometry": {"type": "LineString", "coordinates": [[33.6996202, 35.2565876], [33.6994361, 35.2564596], [33.6992796, 35.2563902], [33.6991393, 35.2563427], [33.6989728, 35.2563051], [33.6987552, 35.2562827], [33.6982641, 35.2562385], [33.6975339, 35.2561544], [33.6972277, 35.2560969], [33.6969296, 35.2560218], [33.6965694, 35.2559024], [33.6948965, 35.2553027], [33.6937231, 35.2548822], [33.6935659, 35.2548258], [33.6932315, 35.2547241], [33.6929645, 35.2546621], [33.692721, 35.2546196], [33.6924775, 35.2545946], [33.6921979, 35.2545848], [33.6918915, 35.2546034], [33.6913825, 35.2546462], [33.6902631, 35.2547382], [33.6893575, 35.2548211], [33.6891954, 35.2548386], [33.6889013, 35.2548704], [33.6882932, 35.2550236], [33.6880121, 35.2550679], [33.6875619, 35.2551388], [33.6872959, 35.2551589], [33.6860909, 35.2552498], [33.6858162, 35.2552751]]}, "properties": {"feature_type": "road", "highway": "tertiary", "landuse": ""}}, {"type": "Feature", "geometry": {"type": "LineString", "coordinates": [[33.6599353, 35.2623635], [33.6607474, 35.2607996]]}, "properties": {"feature_type": "road", "highway": "residential", "landuse": ""}}, {"type": "Feature", "geometry": {"type": "LineString", "coordinates": [[33.7848312, 35.2594609], [33.7848513, 35.2593854], [33.784858, 35.2593317], [33.7848593, 35.2592693], [33.7848124, 35.2590174], [33.7847333, 35.2585608], [33.7846997, 35.258206], [33.7846971, 35.258149], [33.7846689, 35.2580811], [33.7846394, 35.2580231], [33.7845428, 35.2579355], [33.7844972, 35.2578676], [33.7844583, 35.2577876], [33.784288, 35.2570843], [33.7842434, 35.2569], [33.7839757, 35.2561397]]}, "properties": {"feature_type": "road", "highway": "residential", "landuse": ""}}, {"type": "Feature", "geometry": {"type": "LineString", "coordinates": [[33.7883213, 35.2598393], [33.7884498, 35.2602128], [33.7884645, 35.2603022], [33.7885873, 35.2609482]]}, "properties": {"feature_type": "road", "highway": "residential", "landuse": ""}}, {"type": "Feature", "geometry": {"type": "LineString", "coordinates": [[33.7857167, 35.2582476], [33.7861441, 35.2577836], [33.7866107, 35.2573881], [33.7870124, 35.2571614], [33.787674, 35.2568913], [33.7887195, 35.2565006], [33.7903719, 35.2557974]]}, "properties": {"feature_type": "road", "highway": "residential", "landuse": ""}}, {"type": "Feature", "geometry": {"type": "LineString", "coordinates": [[33.7842434, 35.2569], [33.7854927, 35.2568434]]}, "properties": {"feature_type": "road", "highway": "residential", "landuse": ""}}, {"type": "Feature", "geometry": {"type": "LineString", "coordinates": [[33.7875092, 35.2597409], [33.7873325, 35.2597044], [33.7872836, 35.2597026], [33.7872335, 35.2597191], [33.7872016, 35.2597426], [33.7871452, 35.2598208], [33.7869908, 35.2601329], [33.7869046, 35.2601789], [33.7867818, 35.2602175], [33.7865544, 35.2603102], [33.7864629, 35.2603823], [33.7864384, 35.2604518], [33.7864437, 35.2605162]]}, "properties": {"feature_type": "road", "highway": "residential", "landuse": ""}}, {"type": "Feature", "geometry": {"type": "LineString", "coordinates": [[33.7841982, 35.2601015], [33.7840573, 35.2599449], [33.7839594, 35.2598508], [33.7838481, 35.2597894], [33.7836483, 35.2597675], [33.7832633, 35.259784], [33.7831373, 35.2597894], [33.7826706, 35.2597544], [33.7824923, 35.2597128], [33.7823313, 35.2596285], [33.7822348, 35.2595168], [33.7821838, 35.2593996], [33.7821999, 35.2592539], [33.7823139, 35.2589648]]}, "properties": {"feature_type": "road", "highway": "residential", "landuse": ""}}, {"type": "Feature", "geometry": {"type": "LineString", "coordinates": [[33.7894911, 35.2610235], [33.7896297, 35.2607894], [33.7896988, 35.2606075], [33.7897862, 35.2603262], [33.7898568, 35.2602276], [33.7901817, 35.2601432], [33.7905066, 35.260107], [33.7907724, 35.260095], [33.7909643, 35.2599442], [33.7911268, 35.2597392], [33.7911932, 35.2595825], [33.7917027, 35.259287]]}, "properties": {"feature_type": "road", "highway": "residential", "landuse": ""}}, {"type": "Feature", "geometry": {"type": "LineString", "coordinates": [[33.7846515, 35.2607016], [33.7844382, 35.260729], [33.7843256, 35.2607531], [33.784229, 35.2608035], [33.7841673, 35.2608374], [33.7840882, 35.260856], [33.7838763, 35.2608856], [33.7835558, 35.2608889], [33.7832688, 35.2608845], [33.7830576, 35.2608926]]}, "properties": {"feature_type": "road", "highway": "residential", "landuse": ""}}, {"type": "Feature", "geometry": {"type": "LineString", "coordinates": [[33.7861738, 35.2587653], [33.7864724, 35.2586079], [33.7865594, 35.25854], [33.786824, 35.2585184], [33.7870811, 35.2586449], [33.7872285, 35.2588209], [33.7873457, 35.2588857], [33.7876255, 35.2589012], [33.7879997, 35.2589999]]}, "properties": {"feature_type": "road", "highway": "residential", "landuse": ""}}, {"type": "Feature", "geometry": {"type": "LineString", "coordinates": [[33.7836986, 35.2589291], [33.7832196, 35.2589646]]}, "properties": {"feature_type": "road", "highway": "residential", "landuse": ""}}, {"type": "Feature", "geometry": {"type": "LineString", "coordinates": [[33.7863571, 35.2598274], [33.786291, 35.2593148], [33.7861133, 35.2590524], [33.7861738, 35.2587653], [33.7860868, 35.2586419], [33.7859545, 35.2584937], [33.7857443, 35.2585646]]}, "properties": {"feature_type": "road", "highway": "residential", "landuse": ""}}, {"type": "Feature", "geometry": {"type": "LineString", "coordinates": [[33.7875092, 35.2597409], [33.7877162, 35.2593673], [33.7879468, 35.2590864], [33.7879997, 35.2589999], [33.7881736, 35.2587561], [33.7882643, 35.258435], [33.7884311, 35.2579191]]}, "properties": {"feature_type": "road", "highway": "residential", "landuse": ""}}, {"type": "Feature", "geometry": {"type": "LineString", "coordinates": [[33.7832041, 35.2602109], [33.7830576, 35.2608926], [33.7830381, 35.261017]]}, "properties": {"feature_type": "road", "highway": "residential", "landuse": ""}}, {"type": "Feature", "geometry": {"type": "LineString", "coordinates": [[33.7836483, 35.2597675], [33.7837422, 35.2593766], [33.7837972, 35.2593043], [33.7839165, 35.2592693], [33.7840292, 35.2592496], [33.7841767, 35.2592386], [33.7843283, 35.2592507], [33.7845013, 35.2593054], [33.7847078, 35.2593919], [33.7848312, 35.2594609], [33.7848419, 35.2595463], [33.7848741, 35.2596109], [33.7849291, 35.2596821], [33.7850538, 35.259784], [33.7851007, 35.2598223], [33.7851182, 35.2598628], [33.7851141, 35.2599044], [33.785098, 35.2600336], [33.785031, 35.2602351], [33.7849344, 35.2603808], [33.7847655, 35.2605472], [33.7846944, 35.2606206], [33.7846649, 35.2606589], [33.7846515, 35.2607016], [33.7846729, 35.2607509], [33.7847332, 35.2608283], [33.7848467, 35.2609558], [33.7848749, 35.2610019], [33.7849063, 35.2611824], [33.7849358, 35.2613521]]}, "properties": {"feature_type": "road", "highway": "residential", "landuse": ""}}, {"type": "Feature", "geometry": {"type": "LineString", "coordinates": [[33.7884645, 35.2603022], [33.7882682, 35.2604998], [33.788183, 35.260682], [33.7881309, 35.2609103]]}, "properties": {"feature_type": "road", "highway": "residential", "landuse": ""}}, {"type": "Feature", "geometry": {"type": "LineString", "coordinates": [[33.7873497, 35.2607501], [33.7878585, 35.2609359]]}, "properties": {"feature_type": "road", "highway": "residential", "landuse": ""}}, {"type": "Feature", "geometry": {"type": "LineString", "coordinates": [[33.7881736, 35.2587561], [33.7889783, 35.2587717], [33.7897104, 35.2587859], [33.7895083, 35.2595862], [33.7891908, 35.2597621], [33.7890471, 35.259827], [33.7885905, 35.2598061], [33.7884385, 35.2597992], [33.7883213, 35.2598393], [33.7881436, 35.2597899], [33.7879092, 35.2597652], [33.7876433, 35.2598817]]}, "properties": {"feature_type": "road", "highway": "residential", "landuse": ""}}, {"type": "Feature", "geometry": {"type": "LineString", "coordinates": [[33.7858944, 35.2597447], [33.7861495, 35.2597914], [33.7863571, 35.2598274], [33.7864272, 35.2598396], [33.7866398, 35.2600422], [33.7867818, 35.2602175], [33.7870227, 35.2605181], [33.787286, 35.2606962], [33.7873497, 35.2607501], [33.7874769, 35.2610598]]}, "properties": {"feature_type": "road", "highway": "residential", "landuse": ""}}, {"type": "Feature", "geometry": {"type": "LineString", "coordinates": [[33.7863895, 35.2614623], [33.7864262, 35.2615463], [33.7865623, 35.2616667], [33.7867196, 35.2618198], [33.7868113, 35.2618596], [33.7869176, 35.261877], [33.7873811, 35.2618995], [33.7874197, 35.2618866], [33.7874788, 35.2618336], [33.7874729, 35.2612934], [33.7874769, 35.2610598]]}, "properties": {"feature_type": "road", "highway": "residential", "landuse": ""}}, {"type": "Feature", "geometry": {"type": "LineString", "coordinates": [[33.7876255, 35.2589012], [33.7875854, 35.2585167], [33.7872191, 35.2577209], [33.7870124, 35.2571614]]}, "properties": {"feature_type": "road", "highway": "residential", "landuse": ""}}, {"type": "Feature", "geometry": {"type": "LineString", "coordinates": [[33.7854737, 35.2599098], [33.785098, 35.2600336], [33.7843993, 35.2600533], [33.7841982, 35.2601015], [33.7841593, 35.2601913], [33.7841338, 35.2602143], [33.7840949, 35.2602286], [33.7840399, 35.2602318], [33.7838119, 35.2602001], [33.7836523, 35.2601782], [33.7834539, 35.260176], [33.7832041, 35.2602109], [33.7829147, 35.260257], [33.7827216, 35.2603184], [33.7826331, 35.2603567], [33.7825245, 35.2603873], [33.782389, 35.260395], [33.7822898, 35.2603895], [33.7821852, 35.2603753], [33.782098, 35.2603906], [33.7820457, 35.260429], [33.7820006, 35.26051], [33.7819491, 35.2608374]]}, "properties": {"feature_type": "road", "highway": "residential", "landuse": ""}}, {"type": "Feature", "geometry": {"type": "LineString", "coordinates": [[33.7827216, 35.2603184], [33.7825545, 35.2601569], [33.7820961, 35.2600373], [33.7818125, 35.2598945], [33.7810187, 35.2594353], [33.7806926, 35.2590533], [33.7805697, 35.2589491]]}, "properties": {"feature_type": "road", "highway": "residential", "landuse": ""}}, {"type": "Feature", "geometry": {"type": "LineString", "coordinates": [[33.7837972, 35.2593043], [33.7836986, 35.2589291], [33.7835579, 35.25801], [33.7835306, 35.257806], [33.7835204, 35.2575894], [33.7835386, 35.2571655]]}, "properties": {"feature_type": "road", "highway": "residential", "landuse": ""}}, {"type": "Feature", "geometry": {"type": "LineString", "coordinates": [[33.7868113, 35.2618596], [33.7865816, 35.262133], [33.7864517, 35.2624706], [33.7864517, 35.2628034], [33.7864939, 35.2631434]]}, "properties": {"feature_type": "road", "highway": "residential", "landuse": ""}}, {"type": "Feature", "geometry": {"type": "LineString", "coordinates": [[33.7895083, 35.2595862], [33.7896659, 35.2595591], [33.7899159, 35.2595162], [33.7903293, 35.2594076], [33.7905656, 35.2595041], [33.7906985, 35.2596247], [33.7910086, 35.2595825], [33.7911932, 35.2595825]]}, "properties": {"feature_type": "road", "highway": "residential", "landuse": ""}}, {"type": "Feature", "geometry": {"type": "LineString", "coordinates": [[33.5554177, 35.3029378], [33.555572, 35.3029248], [33.5558599, 35.3029593], [33.5564594, 35.3029917], [33.5576184, 35.3028374], [33.5579002, 35.3027716], [33.5583079, 35.3026177], [33.5586384, 35.3025513], [33.5588175, 35.3025614], [33.558965, 35.3026183], [33.5592125, 35.3027875], [33.5594414, 35.3028413], [33.5603775, 35.3028627], [33.5611457, 35.3029118], [33.561601, 35.3028095], [33.5618276, 35.3026672], [33.5619892, 35.3024651], [33.5620634, 35.3024127], [33.56213, 35.3024016], [33.5621938, 35.3024264], [33.5622574, 35.3024695], [33.5622901, 35.3025479], [33.5623427, 35.3029948], [33.5623929, 35.3030758], [33.5624959, 35.3031509], [33.5629551, 35.3032941], [33.5632271, 35.3033998], [33.5634738, 35.3035464], [33.5640083, 35.3038516], [33.5643843, 35.3040413], [33.5647394, 35.3041496], [33.5651268, 35.3042092], [33.565258, 35.3042436], [33.5654721, 35.3043432], [33.5656235, 35.3043859], [33.565743, 35.3043936], [33.565971, 35.3043301], [33.5660776, 35.3043199], [33.5662052, 35.3043411], [33.5663196, 35.3044286], [33.5663952, 35.3045939], [33.5664403, 35.3047941], [33.5665279, 35.3048851], [33.5670396, 35.3051917], [33.5675253, 35.3054909], [33.5678129, 35.3055746], [33.5683114, 35.305614], [33.5684574, 35.3056566], [33.5687524, 35.3057901], [33.5689413, 35.3058465], [33.5694256, 35.3058777], [33.5699886, 35.3059568], [33.5703086, 35.3059468], [33.5705672, 35.3058372], [33.5708344, 35.305636], [33.5709153, 35.3055997], [33.5710323, 35.3055843], [33.5711142, 35.3056209], [33.5711718, 35.3057222], [33.5711853, 35.3058206], [33.5711066, 35.3061883], [33.5711226, 35.3064235], [33.5711539, 35.3064809], [33.5712284, 35.306516], [33.5713111, 35.3065264], [33.571387, 35.3065099], [33.5716431, 35.3062993], [33.5718396, 35.3061328], [33.571916, 35.3061168], [33.571995, 35.3061353], [33.5720478, 35.306172], [33.5720658, 35.3062376], [33.572081, 35.3065562], [33.5721095, 35.3066515], [33.5724939, 35.3073243], [33.5726193, 35.3074107], [33.57293, 35.3074866], [33.5730181, 35.3075495], [33.5730599, 35.3076405], [33.5730317, 35.3080004], [33.5730971, 35.308159], [33.5733282, 35.3083835], [33.5737209, 35.3086657], [33.5738271, 35.3087494], [33.573863, 35.3088394], [33.5738298, 35.3089289], [33.5737384, 35.3090085], [33.5736283, 35.3090861], [33.5736045, 35.3091565], [33.5736448, 35.3092362], [33.5737359, 35.3093054], [33.5739251, 35.3093701], [33.5742198, 35.3094256], [33.574639, 35.3094626], [33.5748598, 35.3095068], [33.5750418, 35.3095972], [33.5753111, 35.3097935], [33.5754445, 35.3098898], [33.5755411, 35.3099073], [33.5756376, 35.3098679], [33.5760156, 35.3095665], [33.5761993, 35.3095026], [33.576335, 35.3095155], [33.5764367, 35.3095507], [33.5766971, 35.3097388], [33.5768849, 35.3098197], [33.5775657, 35.3099001], [33.5777204, 35.3099621], [33.5778281, 35.3100934], [33.5778853, 35.3103866], [33.5779205, 35.3104613], [33.5779873, 35.3105245], [33.578175, 35.3106011], [33.5782279, 35.3106563], [33.5782528, 35.3107368], [33.578252, 35.3108527], [33.578495, 35.3119522], [33.5784889, 35.3120391], [33.5784439, 35.312206], [33.5784168, 35.3123374], [33.5784551, 35.3124541], [33.5785797, 35.3125458], [33.5788442, 35.3125951], [33.5789802, 35.3125981], [33.5794035, 35.3125704], [33.579736, 35.3125827], [33.5798727, 35.3125644], [33.5800307, 35.3124779], [33.5801168, 35.3123869], [33.5802825, 35.3121914], [33.580405, 35.3121177], [33.5805168, 35.3121079], [33.5806173, 35.312156], [33.5806787, 35.31225], [33.5807987, 35.3125658], [33.5807953, 35.3126609], [33.580699, 35.3128636], [33.5806229, 35.3130346], [33.5805841, 35.3132703], [33.5805959, 35.3135847], [33.5806605, 35.3137421], [33.5810309, 35.3141728], [33.5811349, 35.314241], [33.5812758, 35.3142456], [33.5816536, 35.314146], [33.5817571, 35.3141744], [33.5818214, 35.314236], [33.5822171, 35.3151646], [33.5822761, 35.3152456], [33.5825229, 35.315436], [33.5831087, 35.3159272], [33.5833739, 35.3162894], [33.5834843, 35.3163755], [33.5836038, 35.316411], [33.5836889, 35.3164052], [33.5838891, 35.3162859], [33.58396, 35.3162761], [33.5840479, 35.3163107], [33.5841063, 35.3163762], [33.5841893, 35.3165864], [33.5842617, 35.3166768], [33.5844, 35.3167671], [33.5848918, 35.3170051], [33.5850345, 35.3171284], [33.5852026, 35.3173143], [33.5853133, 35.3173907], [33.5854666, 35.3174098], [33.5857327, 35.3173924], [33.5858775, 35.3174098], [33.5860201, 35.3174828], [33.5860758, 35.3175463], [33.5860755, 35.3176269], [33.5859563, 35.317882], [33.5859387, 35.318056], [33.5860171, 35.3182235], [33.5861537, 35.3183426], [33.5865503, 35.3185052], [33.5874236, 35.3187214], [33.5876173, 35.3187178], [33.5879124, 35.3186364], [33.5880052, 35.3186212], [33.588066, 35.3186336], [33.5881229, 35.318676], [33.5881408, 35.3187423], [33.5880731, 35.3195799], [33.5881184, 35.319882], [33.5883451, 35.3201533], [33.5886776, 35.3203383], [33.5893035, 35.32045], [33.5901833, 35.32052], [33.5905664, 35.3205398], [33.5906741, 35.3205747], [33.5910174, 35.3207848], [33.5915995, 35.3210168], [33.5922203, 35.3213432], [33.592413, 35.3213994], [33.592801, 35.3214163], [33.5930769, 35.321326], [33.5931981, 35.3213166], [33.5933082, 35.3213423], [33.5933697, 35.3214151], [33.5933804, 35.3215422], [33.593367, 35.3216646], [33.5932383, 35.3219027], [33.5931963, 35.3220197], [33.5932383, 35.3221198], [33.5933172, 35.3221923], [33.5934281, 35.3222219], [33.5939208, 35.3222199], [33.5939864, 35.3222439], [33.5940202, 35.3222806], [33.5940191, 35.3223263], [33.5939076, 35.3224263], [33.593299, 35.3226947], [33.5929844, 35.3227727], [33.5926804, 35.3227949], [33.5923888, 35.322774], [33.5920097, 35.3226973], [33.5919208, 35.3226931], [33.5918532, 35.3227329], [33.5918269, 35.3227891], [33.5918762, 35.3229199], [33.5920569, 35.3231001], [33.5924532, 35.3234148], [33.59287, 35.3237157], [33.5932306, 35.3239271], [33.5934871, 35.324043], [33.5936166, 35.3241496], [33.5936462, 35.3242502], [33.593606, 35.3243337], [33.5935059, 35.3244385], [33.5932868, 35.3245538], [33.5925919, 35.3248459], [33.5923267, 35.3249391], [33.5912471, 35.3251415], [33.5909416, 35.325198], [33.5898766, 35.3254133], [33.5892556, 35.3254203], [33.589164, 35.3254571], [33.5891035, 35.3255354], [33.5890893, 35.3256545], [33.5893236, 35.3260244], [33.5900357, 35.3267811], [33.5902128, 35.3269955], [33.5907304, 35.3278139], [33.5910442, 35.3281619], [33.5914219, 35.3285542], [33.5917907, 35.3288435], [33.591859, 35.3289473], [33.5918341, 35.3290213], [33.5917583, 35.3290604], [33.5913739, 35.3291287], [33.5904975, 35.3293496], [33.5901139, 35.3293899], [33.5897135, 35.3293606], [33.5895228, 35.3293604], [33.5892674, 35.329413], [33.5888404, 35.3295692], [33.5886264, 35.3296125], [33.587829, 35.329674], [33.5872225, 35.329714], [33.5864315, 35.3297482], [33.5855307, 35.3297312], [33.5854891, 35.3297338], [33.5854513, 35.3297425], [33.5854284, 35.3297538], [33.5854055, 35.3297713], [33.5853837, 35.3298003], [33.5853799, 35.329827], [33.5853808, 35.329857], [33.5853966, 35.3298892], [33.5854227, 35.3299359], [33.5858197, 35.3304467], [33.5860443, 35.3307717], [33.586221, 35.3310301], [33.5864267, 35.3313282], [33.5865735, 35.3315128], [33.5871687, 35.331942], [33.5879214, 35.3325225], [33.5883526, 35.3328565], [33.5887837, 35.3331293], [33.5888332, 35.3332453]]}, "properties": {"feature_type": "road", "highway": "tertiary", "landuse": ""}}, {"type": "Feature", "geometry": {"type": "LineString", "coordinates": [[33.8208081, 35.3204597], [33.8204898, 35.3194155], [33.8204514, 35.3190349], [33.8206379, 35.3178216], [33.8206599, 35.3172037], [33.8205831, 35.3155201], [33.8207477, 35.3151664], [33.8206105, 35.3147858], [33.8207203, 35.3138768], [33.8206105, 35.3133619], [33.8206873, 35.3122828], [33.8205172, 35.3118484], [33.8205282, 35.3115216], [33.8205556, 35.311132], [33.8202922, 35.3102185], [33.8200508, 35.309605], [33.8200069, 35.3090722], [33.8199026, 35.3084094], [33.8200343, 35.307487], [33.8201112, 35.3067571], [33.8202374, 35.3064436], [33.8202922, 35.3061256], [33.8202429, 35.3055972], [33.8202593, 35.3049121], [33.8203855, 35.3044508], [33.8205886, 35.3040254], [33.8206654, 35.3036895], [33.8208684, 35.3031074], [33.8208849, 35.3028342], [33.8211812, 35.3021804], [33.8213787, 35.3015847], [33.8216531, 35.3006891], [33.8217903, 35.2995426], [33.8217628, 35.2992605], [33.821911, 35.2985081], [33.8223939, 35.2975586], [33.8229701, 35.2965554], [33.8232115, 35.2956866], [33.8232993, 35.2954805], [33.8234859, 35.2953372], [33.8235517, 35.2951446], [33.8235846, 35.2948401], [33.8235846, 35.2945534], [33.8237986, 35.2937338], [33.8240401, 35.293071], [33.8240895, 35.2928246], [33.8241059, 35.2917676], [33.8241114, 35.2913287], [33.8243748, 35.2905852], [33.8245065, 35.2903523], [33.8244297, 35.2901149], [33.824095, 35.2898148], [33.8237986, 35.2897252], [33.8237602, 35.289452], [33.824084, 35.2883323], [33.8237932, 35.2878172], [33.8236505, 35.2875305], [33.8235078, 35.2868362], [33.8234804, 35.2859583], [33.8236395, 35.2853671], [33.8239962, 35.2844802], [33.8245285, 35.2831453], [33.8245833, 35.2825944], [33.8246931, 35.2823435], [33.8249784, 35.2820792], [33.8250662, 35.2816761], [33.8250223, 35.281143], [33.8250333, 35.2798485], [33.8249675, 35.2794632], [33.8251101, 35.2789346], [33.8256534, 35.2779312], [33.825818, 35.2777072], [33.8258783, 35.2773309], [33.8263338, 35.2763812], [33.8266411, 35.2754987], [33.826784, 35.2747938]]}, "properties": {"feature_type": "road", "highway": "unclassified", "landuse": ""}}, {"type": "Feature", "geometry": {"type": "LineString", "coordinates": [[33.7366218, 35.2900225], [33.7361748, 35.2922388], [33.7360756, 35.292788], [33.7356458, 35.2945751], [33.7355404, 35.2948446], [33.7354303, 35.2951767], [33.7352473, 35.2957268], [33.7349174, 35.2966325], [33.7348548, 35.2967953], [33.7346734, 35.2975063], [33.7345417, 35.2983917], [33.7342988, 35.300565], [33.7341844, 35.3013419], [33.7340537, 35.3017892], [33.7337973, 35.3026694], [33.7336891, 35.3029874], [33.7336539, 35.3031721], [33.7336162, 35.3035455], [33.7336162, 35.3038595], [33.7336841, 35.3042657], [33.7338224, 35.3046515], [33.7341769, 35.3054763], [33.7342749, 35.3057553], [33.7343529, 35.3061554], [33.7343956, 35.306654], [33.7343705, 35.3072428], [33.7342649, 35.308082], [33.734026, 35.3099716], [33.7339758, 35.3103737], [33.7339016, 35.310712], [33.7337721, 35.3111164], [33.7334446, 35.311755], [33.7331536, 35.312189], [33.732919, 35.3124662], [33.7326596, 35.312729], [33.730946, 35.3142527], [33.7302787, 35.3148949], [33.7301466, 35.315022], [33.7298766, 35.315312], [33.7296456, 35.3156215], [33.7293489, 35.3160851], [33.729198, 35.3164195], [33.7290874, 35.3167149], [33.7290246, 35.3169898], [33.7289517, 35.3173755], [33.7288838, 35.3177879], [33.7287956, 35.318244], [33.7284966, 35.3200362], [33.7284111, 35.3203173], [33.7283281, 35.3206024], [33.728215, 35.3208937], [33.728029, 35.3212322], [33.7275756, 35.321981], [33.7269981, 35.322943], [33.7267342, 35.3233594], [33.7263822, 35.3238989], [33.7259321, 35.3246702], [33.7256455, 35.3250353], [33.7254376, 35.325215], [33.7249856, 35.325638], [33.72345, 35.3270764], [33.7230735, 35.3274291], [33.7227566, 35.327704], [33.7225436, 35.327911], [33.7224576, 35.3280281], [33.7223344, 35.3282147], [33.7222636, 35.328366], [33.7222026, 35.32861], [33.7221885, 35.3288403], [33.7222187, 35.329068], [33.7222439, 35.3292444], [33.7222539, 35.3294967], [33.7222036, 35.3297326], [33.7221257, 35.3299336], [33.7219748, 35.3301428], [33.7217826, 35.330301], [33.7215877, 35.330432], [33.7212916, 35.330581], [33.7207496, 35.330862], [33.7204266, 35.331107], [33.7202024, 35.3313468], [33.7200482, 35.3315637], [33.7199585, 35.3318329], [33.7198906, 35.3321775], [33.7199157, 35.3326431], [33.7200196, 35.333332], [33.7201093, 35.3340522], [33.7201345, 35.3345937], [33.7201043, 35.3349649], [33.7199987, 35.3354571], [33.7198805, 35.3357976], [33.7197322, 35.3361647], [33.7194481, 35.3366406], [33.7192506, 35.3369338], [33.7185204, 35.3379634], [33.7183318, 35.3382465], [33.7180905, 35.3385541], [33.7178969, 35.3387694], [33.7176404, 35.3389438], [33.717328, 35.3390653], [33.7169156, 35.3391766], [33.7165956, 35.3392027], [33.7163592, 35.339178], [33.7161586, 35.339112], [33.7158881, 35.3389851], [33.7157424, 35.3388094], [33.715564, 35.3385446], [33.7154064, 35.3382612], [33.7152908, 35.3381568], [33.7151592, 35.3380684], [33.7148784, 35.337948], [33.7145992, 35.3379059], [33.714289, 35.3379336], [33.7140446, 35.3380205], [33.7138508, 35.3381626], [33.7134561, 35.3386325], [33.7120036, 35.3404063], [33.7118578, 35.3407051], [33.7118152, 35.341027], [33.7118467, 35.3413381], [33.7119196, 35.3415346], [33.7120442, 35.3417806], [33.7123141, 35.3420235], [33.7126675, 35.3422278], [33.7128956, 35.3424366], [33.7129428, 35.3425021]]}, "properties": {"feature_type": "road", "highway": "primary", "landuse": ""}}, {"type": "Feature", "geometry": {"type": "LineString", "coordinates": [[33.7366218, 35.2900225], [33.7367448, 35.289485], [33.7368284, 35.2890828], [33.736939, 35.288454], [33.736935, 35.2881], [33.736815, 35.287407], [33.7365028, 35.2861413], [33.7362385, 35.2850495], [33.7361514, 35.2844142], [33.7361786, 35.2840887], [33.7362353, 35.2837097], [33.7362823, 35.2835835], [33.7367043, 35.2821792], [33.7368786, 35.2817152], [33.7370666, 35.281281], [33.737281, 35.2810102], [33.73753, 35.2807202], [33.7379193, 35.2803577], [33.7383963, 35.280007], [33.7402099, 35.2790133], [33.7418714, 35.2781144], [33.7430084, 35.2775149], [33.7433481, 35.277301], [33.743808, 35.276982], [33.7440273, 35.27674], [33.744205, 35.276544], [33.744528, 35.275987], [33.7447376, 35.2753223], [33.744843, 35.274988], [33.745261, 35.273267], [33.7455207, 35.2720982], [33.7458077, 35.2709328], [33.7461752, 35.2694003], [33.7465651, 35.2678174], [33.7469644, 35.266251], [33.7472884, 35.2649798], [33.7473487, 35.2646627], [33.7473931, 35.264499], [33.7474303, 35.2642701], [33.7474644, 35.2639962], [33.7474882, 35.2636706], [33.7475015, 35.2634133], [33.7474949, 35.2632243], [33.7474819, 35.2630069], [33.7474364, 35.2626438]]}, "properties": {"feature_type": "road", "highway": "primary", "landuse": ""}}, {"type": "Feature", "geometry": {"type": "LineString", "coordinates": [[33.7462243, 35.3928187], [33.7464967, 35.3928993], [33.7466869, 35.392956]]}, "properties": {"feature_type": "road", "highway": "primary", "landuse": ""}}, {"type": "Feature", "geometry": {"type": "LineString", "coordinates": [[33.7478414, 35.393165], [33.7476587, 35.3930975], [33.7475579, 35.393063], [33.7473922, 35.3930089]]}, "properties": {"feature_type": "road", "highway": "primary", "landuse": ""}}, {"type": "Feature", "geometry": {"type": "LineString", "coordinates": [[33.7471398, 35.3929369], [33.7472678, 35.3927722], [33.747415, 35.3925836]]}, "properties": {"feature_type": "road", "highway": "tertiary", "landuse": ""}}, {"type": "Feature", "geometry": {"type": "LineString", "coordinates": [[33.7466869, 35.392956], [33.7469348, 35.3930191]]}, "properties": {"feature_type": "road", "highway": "primary", "landuse": ""}}, {"type": "Feature", "geometry": {"type": "LineString", "coordinates": [[33.746938, 35.3930251], [33.7468907, 35.3930738], [33.7468484, 35.3931208], [33.7467828, 35.3932109], [33.746741, 35.3932754]]}, "properties": {"feature_type": "road", "highway": "unclassified", "landuse": ""}}, {"type": "Feature", "geometry": {"type": "LineString", "coordinates": [[33.7469801, 35.3930641], [33.7470094, 35.3930749], [33.7470413, 35.3930787], [33.7470755, 35.3930745], [33.7471025, 35.3930645], [33.7471253, 35.3930491], [33.7471426, 35.3930295], [33.7471532, 35.3930069], [33.7471563, 35.3929829], [33.7471517, 35.3929591], [33.7471398, 35.3929369], [33.7471181, 35.3929156], [33.7470897, 35.3929004], [33.7470571, 35.3928926], [33.7470231, 35.392893], [33.7469976, 35.392899], [33.7469675, 35.392914], [33.7469444, 35.3929358], [33.7469306, 35.3929623], [33.7469273, 35.392991], [33.7469348, 35.3930191], [33.746938, 35.3930251], [33.7469556, 35.393047], [33.7469801, 35.3930641]]}, "properties": {"feature_type": "road", "highway": "primary", "landuse": ""}}, {"type": "Feature", "geometry": {"type": "LineString", "coordinates": [[33.747415, 35.3925836], [33.7471425, 35.3927964], [33.7470231, 35.392893]]}, "properties": {"feature_type": "road", "highway": "tertiary", "landuse": ""}}, {"type": "Feature", "geometry": {"type": "LineString", "coordinates": [[33.746741, 35.3932754], [33.7468344, 35.3932131], [33.7468934, 35.3931732], [33.7469853, 35.3931168], [33.7470413, 35.3930787]]}, "properties": {"feature_type": "road", "highway": "unclassified", "landuse": ""}}, {"type": "Feature", "geometry": {"type": "LineString", "coordinates": [[33.6891039, 35.2514707], [33.6888508, 35.2517162], [33.688528, 35.2521818], [33.6883075, 35.2524998], [33.6880698, 35.2528584], [33.6878106, 35.2532213], [33.687441, 35.2539124], [33.6874169, 35.2539499], [33.6873185, 35.2540139], [33.6872485, 35.2540432], [33.6871261, 35.2540843], [33.6870107, 35.2541162], [33.6868859, 35.2541278], [33.6867708, 35.2541374], [33.6866876, 35.2541615], [33.6866138, 35.2542119], [33.6865382, 35.2542884], [33.6864333, 35.2544055], [33.6863444, 35.2545169], [33.6862939, 35.2546198], [33.6862459, 35.2547547], [33.6860909, 35.2552498], [33.6858459, 35.2560956], [33.6857354, 35.2565644]]}, "properties": {"feature_type": "road", "highway": "residential", "landuse": ""}}, {"type": "Feature", "geometry": {"type": "LineString", "coordinates": [[33.7176173, 35.3814325], [33.7178825, 35.3812925], [33.7184617, 35.3819405], [33.718556, 35.3820789], [33.7186125, 35.3822172], [33.7186799, 35.3823051], [33.7188981, 35.382472], [33.7190651, 35.3825533], [33.7191918, 35.3825226], [33.71948, 35.3824171]]}, "properties": {"feature_type": "road", "highway": "service", "landuse": ""}}, {"type": "Feature", "geometry": {"type": "LineString", "coordinates": [[33.7534102, 35.3714492], [33.7534466, 35.371308], [33.7536825, 35.3712322], [33.7536981, 35.3712272], [33.7539778, 35.3711383], [33.7542136, 35.3711262]]}, "properties": {"feature_type": "road", "highway": "residential", "landuse": ""}}, {"type": "Feature", "geometry": {"type": "LineString", "coordinates": [[33.7311606, 35.3925528], [33.7312744, 35.3926289], [33.7314002, 35.3926615], [33.7315849, 35.3926599], [33.7317602, 35.3925668], [33.7318421, 35.3924705], [33.7321069, 35.3919875], [33.7322269, 35.3918105], [33.7323907, 35.3916645], [33.7325108, 35.3916303], [33.7326251, 35.3916521], [33.7327451, 35.3917266], [33.7328634, 35.3918075]]}, "properties": {"feature_type": "road", "highway": "service", "landuse": ""}}, {"type": "Feature", "geometry": {"type": "LineString", "coordinates": [[33.7319654, 35.3912044], [33.7318341, 35.3913493], [33.7317452, 35.3914964], [33.731721, 35.3916743], [33.7316832, 35.391883], [33.7316159, 35.3920389], [33.7314758, 35.3922475], [33.7313007, 35.3924364], [33.7311606, 35.3925528], [33.7310097, 35.3926604], [33.7308804, 35.3928295], [33.7308454, 35.3929305], [33.7308777, 35.3930601], [33.7309601, 35.3931655]]}, "properties": {"feature_type": "road", "highway": "residential", "landuse": ""}}, {"type": "Feature", "geometry": {"type": "LineString", "coordinates": [[33.7310782, 35.3933108], [33.731102, 35.3932821], [33.7311104, 35.3932481], [33.7311023, 35.393214], [33.7310788, 35.3931851], [33.7310435, 35.3931657], [33.7310018, 35.3931588], [33.7309601, 35.3931655], [33.7309246, 35.3931846], [33.7309008, 35.3932134], [33.7308924, 35.3932474], [33.7309005, 35.3932814], [33.730924, 35.3933103], [33.7309593, 35.3933297], [33.731001, 35.3933366], [33.7310427, 35.39333], [33.7310782, 35.3933108]]}, "properties": {"feature_type": "road", "highway": "residential", "landuse": ""}}, {"type": "Feature", "geometry": {"type": "LineString", "coordinates": [[33.7517704, 35.3796065], [33.7517821, 35.3793965], [33.7517803, 35.3791379], [33.7518323, 35.3790561], [33.7521406, 35.3788684], [33.7522499, 35.378856], [33.7523389, 35.3788917], [33.7527879, 35.3791867], [33.7529391, 35.3792129], [33.7530377, 35.3792197], [33.7531153, 35.3791478], [33.7534911, 35.3782448], [33.7537993, 35.3773289], [33.7538457, 35.3770806], [33.7538651, 35.3763174], [33.7539174, 35.3759446], [33.7539078, 35.3755094]]}, "properties": {"feature_type": "road", "highway": "residential", "landuse": ""}}, {"type": "Feature", "geometry": {"type": "LineString", "coordinates": [[33.7515944, 35.3741946], [33.7515501, 35.3742804], [33.7515455, 35.3743406], [33.751555, 35.3745886], [33.7516028, 35.3747357], [33.7516589, 35.3747991], [33.7517668, 35.3748972], [33.7518238, 35.3749839], [33.7518438, 35.3750942], [33.7518269, 35.3751691], [33.7517432, 35.3752339], [33.7516743, 35.3752703], [33.7516018, 35.3753001], [33.7515532, 35.3753593], [33.7515219, 35.375478], [33.7515261, 35.3755488], [33.7515837, 35.375603], [33.7516673, 35.3756273], [33.7520222, 35.3756947]]}, "properties": {"feature_type": "road", "highway": "tertiary", "landuse": ""}}, {"type": "Feature", "geometry": {"type": "LineString", "coordinates": [[33.7177971, 35.3821972], [33.7180973, 35.3820413]]}, "properties": {"feature_type": "road", "highway": "service", "landuse": ""}}, {"type": "Feature", "geometry": {"type": "LineString", "coordinates": [[33.7265077, 35.3883094], [33.7257131, 35.3878306]]}, "properties": {"feature_type": "road", "highway": "residential", "landuse": ""}}, {"type": "Feature", "geometry": {"type": "LineString", "coordinates": [[33.7534102, 35.3714492], [33.7535625, 35.37164], [33.7537697, 35.3717902], [33.7538693, 35.3718898], [33.7539273, 35.3719759], [33.753935, 35.3719873], [33.7539775, 35.3720907], [33.7540057, 35.3721935], [33.7540054, 35.3723757], [33.7540849, 35.3723947], [33.7542079, 35.3724249]]}, "properties": {"feature_type": "road", "highway": "tertiary", "landuse": ""}}, {"type": "Feature", "geometry": {"type": "LineString", "coordinates": [[33.7530595, 35.3738899], [33.7531086, 35.3739974], [33.7532628, 35.3740853], [33.7532698, 35.3740853], [33.7535432, 35.3740853], [33.7538886, 35.374164], [33.7540595, 35.3741822], [33.7543882, 35.3743003], [33.7544086, 35.3744654], [33.7544049, 35.374635], [33.7543998, 35.374646], [33.7542582, 35.374953], [33.7541191, 35.3754475], [33.7540353, 35.375483], [33.7539078, 35.3755094]]}, "properties": {"feature_type": "road", "highway": "residential", "landuse": ""}}, {"type": "Feature", "geometry": {"type": "LineString", "coordinates": [[33.732704, 35.3937597], [33.7321895, 35.3936038], [33.7321011, 35.3936016]]}, "properties": {"feature_type": "road", "highway": "service", "landuse": ""}}, {"type": "Feature", "geometry": {"type": "LineString", "coordinates": [[33.7528001, 35.3731214], [33.7530646, 35.3732476], [33.7531352, 35.3733839], [33.7534496, 35.373511]]}, "properties": {"feature_type": "road", "highway": "residential", "landuse": ""}}, {"type": "Feature", "geometry": {"type": "LineString", "coordinates": [[33.7255207, 35.3883888], [33.7257131, 35.3878306], [33.7258827, 35.3872244], [33.7259069, 35.3870772]]}, "properties": {"feature_type": "road", "highway": "residential", "landuse": ""}}, {"type": "Feature", "geometry": {"type": "LineString", "coordinates": [[33.7322269, 35.3918105], [33.7321883, 35.3917469], [33.7321921, 35.3916133], [33.7322493, 35.3915108]]}, "properties": {"feature_type": "road", "highway": "service", "landuse": ""}}, {"type": "Feature", "geometry": {"type": "LineString", "coordinates": [[33.7525345, 35.3737491], [33.7526375, 35.3737428], [33.752866, 35.3738161], [33.7530595, 35.3738899]]}, "properties": {"feature_type": "road", "highway": "residential", "landuse": ""}}, {"type": "Feature", "geometry": {"type": "LineString", "coordinates": [[33.7534496, 35.373511], [33.7535569, 35.3735283], [33.7538763, 35.3736404], [33.7541456, 35.3737161], [33.7542302, 35.3737479], [33.7543864, 35.3738066]]}, "properties": {"feature_type": "road", "highway": "residential", "landuse": ""}}, {"type": "Feature", "geometry": {"type": "LineString", "coordinates": [[33.7530646, 35.3732476], [33.7534918, 35.372928], [33.7535828, 35.3727872], [33.7536411, 35.3726811]]}, "properties": {"feature_type": "road", "highway": "residential", "landuse": ""}}, {"type": "Feature", "geometry": {"type": "LineString", "coordinates": [[33.7114885, 35.3725889], [33.7120252, 35.3730137], [33.7122245, 35.3731667], [33.7127389, 35.3735232]]}, "properties": {"feature_type": "road", "highway": "primary", "landuse": ""}}, {"type": "Feature", "geometry": {"type": "LineString", "coordinates": [[33.7258827, 35.3872244], [33.7260039, 35.3872573], [33.7267798, 35.3877603], [33.7268714, 35.3873452], [33.7268768, 35.3869542], [33.7269442, 35.3867983], [33.7270165, 35.3867194]]}, "properties": {"feature_type": "road", "highway": "residential", "landuse": ""}}, {"type": "Feature", "geometry": {"type": "LineString", "coordinates": [[33.7329638, 35.3915792], [33.7328634, 35.3918075], [33.7321006, 35.3935423], [33.7321011, 35.3936016], [33.7321033, 35.3938454], [33.7318877, 35.3939552], [33.7317423, 35.3940254]]}, "properties": {"feature_type": "road", "highway": "residential", "landuse": ""}}, {"type": "Feature", "geometry": {"type": "LineString", "coordinates": [[33.7310427, 35.39333], [33.7311776, 35.3937247], [33.7312081, 35.3938831], [33.7312672, 35.394245], [33.7312005, 35.3943164], [33.7311053, 35.3944515], [33.7312024, 35.3945462]]}, "properties": {"feature_type": "road", "highway": "residential", "landuse": ""}}, {"type": "Feature", "geometry": {"type": "LineString", "coordinates": [[33.7165624, 35.3806397], [33.7167029, 35.3806124], [33.7168705, 35.3807445], [33.7169734, 35.380701], [33.717042, 35.3807305], [33.7176173, 35.3814325], [33.7180973, 35.3820413], [33.7185221, 35.3825617]]}, "properties": {"feature_type": "road", "highway": "service", "landuse": ""}}, {"type": "Feature", "geometry": {"type": "LineString", "coordinates": [[33.7544936, 35.3728024], [33.7545135, 35.3729049], [33.7545776, 35.3730904], [33.7547466, 35.3732494], [33.7547374, 35.3733478], [33.7545108, 35.3735719], [33.7543864, 35.3738066]]}, "properties": {"feature_type": "road", "highway": "residential", "landuse": ""}}, {"type": "Feature", "geometry": {"type": "LineString", "coordinates": [[33.7328767, 35.2579966], [33.7330883, 35.2579526], [33.7332941, 35.2579699], [33.733574, 35.25802], [33.7340846, 35.2580657], [33.7345309, 35.2582274], [33.7348213, 35.2582479], [33.7350252, 35.258229], [33.7352002, 35.2581882], [33.7352768, 35.258163]]}, "properties": {"feature_type": "road", "highway": "residential", "landuse": ""}}, {"type": "Feature", "geometry": {"type": "LineString", "coordinates": [[33.7331667, 35.2584512], [33.7332643, 35.258386], [33.7334335, 35.2582053], [33.733574, 35.25802], [33.733574, 35.2578472], [33.7335182, 35.2575661], [33.7335643, 35.2574263], [33.7337817, 35.2569425], [33.7339106, 35.2564682], [33.7340153, 35.2560784], [33.7342156, 35.2551937]]}, "properties": {"feature_type": "road", "highway": "tertiary", "landuse": ""}}, {"type": "Feature", "geometry": {"type": "LineString", "coordinates": [[33.735531, 35.2567395], [33.7360323, 35.2570324], [33.736479, 35.2572774], [33.7367589, 35.2574303], [33.7369778, 35.2575533], [33.7371735, 35.2576727], [33.7373082, 35.2577654], [33.7374201, 35.2578655], [33.7376678, 35.2580845], [33.7380523, 35.2584103], [33.7383388, 35.2586686], [33.7385485, 35.2589199], [33.7387735, 35.2593173], [33.739039, 35.2600115], [33.7391467, 35.2603382], [33.7391741, 35.2604782]]}, "properties": {"feature_type": "road", "highway": "residential", "landuse": ""}}, {"type": "Feature", "geometry": {"type": "LineString", "coordinates": [[33.7350175, 35.2599701], [33.735413, 35.2599932], [33.7358455, 35.2600299], [33.7363676, 35.2601035], [33.7367216, 35.2601377], [33.7368465, 35.2601498], [33.7376027, 35.2602753], [33.7379243, 35.2603206], [33.7384147, 35.2603897], [33.7391741, 35.2604782], [33.7411197, 35.2608185], [33.7420189, 35.2609586], [33.7425286, 35.2610343], [33.7427325, 35.2610478], [33.7429179, 35.2610362], [33.7431032, 35.2610101], [33.743194, 35.2609809], [33.7432879, 35.2609265]]}, "properties": {"feature_type": "road", "highway": "tertiary", "landuse": ""}}, {"type": "Feature", "geometry": {"type": "LineString", "coordinates": [[33.7355398, 35.2561035], [33.7362015, 35.2566673], [33.7367361, 35.2571342], [33.7375827, 35.2578454], [33.7377625, 35.2580052], [33.737921, 35.2581414], [33.7381286, 35.2583026], [33.7383423, 35.2584576], [33.7386115, 35.2586341], [33.7388399, 35.258773], [33.7390668, 35.2589007], [33.7393445, 35.2590397], [33.7401279, 35.2594242], [33.7409652, 35.2598288], [33.7418602, 35.2602593], [33.742615, 35.2606307], [33.7429345, 35.260778], [33.743142, 35.2608674], [33.7432879, 35.2609265], [33.743543, 35.2610161], [33.7437923, 35.2611044], [33.7440123, 35.2611713], [33.7442996, 35.2612536], [33.7445639, 35.2613258], [33.7449136, 35.2614227]]}, "properties": {"feature_type": "road", "highway": "primary", "landuse": ""}}, {"type": "Feature", "geometry": {"type": "LineString", "coordinates": [[33.7367361, 35.2571342], [33.7370189, 35.2569493], [33.7376895, 35.256504], [33.7386114, 35.2558973], [33.7393569, 35.2554067], [33.7409074, 35.2543138], [33.7417061, 35.2536767], [33.7429122, 35.2527144], [33.7435264, 35.2522025], [33.7437712, 35.2520359], [33.7441684, 35.2518037], [33.7444583, 35.2516439], [33.7445106, 35.2515984], [33.744563, 35.2515197], [33.744607, 35.2515018], [33.7447573, 35.2514563]]}, "properties": {"feature_type": "road", "highway": "unclassified", "landuse": ""}}, {"type": "Feature", "geometry": {"type": "LineString", "coordinates": [[33.735294, 35.255893], [33.7353633, 35.2559524], [33.7355398, 35.2561035]]}, "properties": {"feature_type": "road", "highway": "primary", "landuse": ""}}, {"type": "Feature", "geometry": {"type": "LineString", "coordinates": [[33.7352768, 35.258163], [33.7354253, 35.2580986]]}, "properties": {"feature_type": "road", "highway": "residential", "landuse": ""}}, {"type": "Feature", "geometry": {"type": "LineString", "coordinates": [[33.7348271, 35.2599741], [33.7350175, 35.2599701]]}, "properties": {"feature_type": "road", "highway": "tertiary", "landuse": ""}}, {"type": "Feature", "geometry": {"type": "LineString", "coordinates": [[33.7353717, 35.2566468], [33.735531, 35.2567395]]}, "properties": {"feature_type": "road", "highway": "residential", "landuse": ""}}, {"type": "Feature", "geometry": {"type": "LineString", "coordinates": [[33.7238569, 35.2608858], [33.7241361, 35.261016], [33.72437, 35.2611126], [33.7246801, 35.2611825], [33.7250596, 35.2612392], [33.7258933, 35.2613103], [33.7263435, 35.2613269], [33.726572, 35.261368], [33.7268359, 35.2614158], [33.7272847, 35.2614102], [33.7275526, 35.2613991], [33.7280666, 35.2614677], [33.7283183, 35.2615099], [33.7288791, 35.2617407], [33.7297227, 35.2620064], [33.7300701, 35.2621624], [33.7303105, 35.2622158], [33.7305029, 35.2621938], [33.7307202, 35.2620886], [33.7309414, 35.2620949], [33.7313319, 35.2622111], [33.7317281, 35.2623634], [33.7321744, 35.262544], [33.7325918, 35.262676], [33.7331265, 35.2628048], [33.7335093, 35.2628315], [33.7336035, 35.2628283], [33.7338151, 35.2628582]]}, "properties": {"feature_type": "road", "highway": "residential", "landuse": ""}}, {"type": "Feature", "geometry": {"type": "LineString", "coordinates": [[33.7331667, 35.2584512], [33.7330392, 35.2585263], [33.7329732, 35.258655]]}, "properties": {"feature_type": "road", "highway": "residential", "landuse": ""}}, {"type": "Feature", "geometry": {"type": "LineString", "coordinates": [[33.7325419, 35.2604795], [33.7326502, 35.2603274], [33.7326666, 35.2600789]]}, "properties": {"feature_type": "road", "highway": "residential", "landuse": ""}}, {"type": "Feature", "geometry": {"type": "LineString", "coordinates": [[33.732094, 35.2598793], [33.7320836, 35.2598696], [33.7320707, 35.2598624], [33.732056, 35.2598579], [33.7320404, 35.2598565], [33.7320248, 35.2598583], [33.7320103, 35.2598632], [33.7319967, 35.2598715], [33.7319863, 35.2598824], [33.7319798, 35.2598952], [33.7319777, 35.2599089], [33.7319801, 35.2599226], [33.7319868, 35.2599353], [33.7319974, 35.2599461], [33.7320118, 35.2599545], [33.7320284, 35.2599594], [33.7320461, 35.2599603], [33.7320634, 35.2599573], [33.732079, 35.2599504], [33.7320917, 35.2599404], [33.7320998, 35.2599291], [33.7321042, 35.2599166], [33.7321047, 35.2599036], [33.7321012, 35.2598909], [33.732094, 35.2598793]]}, "properties": {"feature_type": "road", "highway": "tertiary", "landuse": ""}}, {"type": "Feature", "geometry": {"type": "LineString", "coordinates": [[33.7352002, 35.2581882], [33.7351871, 35.2583462], [33.7351082, 35.258746], [33.7350284, 35.2589696]]}, "properties": {"feature_type": "road", "highway": "residential", "landuse": ""}}, {"type": "Feature", "geometry": {"type": "LineString", "coordinates": [[33.7322087, 35.2581228], [33.7323708, 35.2580374], [33.7325651, 35.2579699], [33.7327815, 35.2579195]]}, "properties": {"feature_type": "road", "highway": "residential", "landuse": ""}}, {"type": "Feature", "geometry": {"type": "LineString", "coordinates": [[33.7331912, 35.2606272], [33.7329522, 35.2604657], [33.7327252, 35.2603463], [33.7326502, 35.2603274]]}, "properties": {"feature_type": "road", "highway": "residential", "landuse": ""}}, {"type": "Feature", "geometry": {"type": "LineString", "coordinates": [[33.7312492, 35.2606405], [33.7313729, 35.2606829], [33.731566, 35.2607084], [33.7318104, 35.2607209]]}, "properties": {"feature_type": "road", "highway": "residential", "landuse": ""}}, {"type": "Feature", "geometry": {"type": "LineString", "coordinates": [[33.7342982, 35.2595747], [33.734277, 35.2592009], [33.7342135, 35.2589197], [33.7342234, 35.2588004]]}, "properties": {"feature_type": "road", "highway": "residential", "landuse": ""}}, {"type": "Feature", "geometry": {"type": "LineString", "coordinates": [[33.7321744, 35.262544], [33.7322552, 35.2623462], [33.7323744, 35.2621059], [33.7325206, 35.2618781], [33.7326558, 35.2617266]]}, "properties": {"feature_type": "road", "highway": "residential", "landuse": ""}}, {"type": "Feature", "geometry": {"type": "LineString", "coordinates": [[33.7375827, 35.2578454], [33.7374201, 35.2578655], [33.7369459, 35.2579151], [33.7361489, 35.2579828], [33.735711, 35.2579961], [33.7355138, 35.2580311]]}, "properties": {"feature_type": "road", "highway": "residential", "landuse": ""}}, {"type": "Feature", "geometry": {"type": "LineString", "coordinates": [[33.7347264, 35.2596591], [33.7345925, 35.2596202], [33.7344405, 35.2595951], [33.7342982, 35.2595747], [33.7340308, 35.2595998], [33.7335903, 35.259672], [33.7334335, 35.2596738]]}, "properties": {"feature_type": "road", "highway": "residential", "landuse": ""}}, {"type": "Feature", "geometry": {"type": "LineString", "coordinates": [[33.7331667, 35.2584512], [33.7330806, 35.2583688], [33.7328767, 35.2579966], [33.7327815, 35.2579195], [33.7326382, 35.2578159], [33.7323804, 35.25764], [33.7322061, 35.2575492]]}, "properties": {"feature_type": "road", "highway": "residential", "landuse": ""}}, {"type": "Feature", "geometry": {"type": "LineString", "coordinates": [[33.7354253, 35.2580986], [33.7355138, 35.2580311], [33.7356292, 35.2579086], [33.7358234, 35.2577374], [33.7361119, 35.2575411], [33.736479, 35.2572774], [33.7367361, 35.2571342]]}, "properties": {"feature_type": "road", "highway": "residential", "landuse": ""}}, {"type": "Feature", "geometry": {"type": "LineString", "coordinates": [[33.7279048, 35.2564917], [33.7279656, 35.2566471], [33.7280258, 35.2568693], [33.7281152, 35.2572863], [33.7282951, 35.2580339], [33.7283538, 35.2582383], [33.7283516, 35.2583239]]}, "properties": {"feature_type": "road", "highway": "residential", "landuse": ""}}, {"type": "Feature", "geometry": {"type": "LineString", "coordinates": [[33.7309019, 35.2560136], [33.7311149, 35.2557474], [33.7316914, 35.2557661], [33.7319423, 35.2557865], [33.7326589, 35.2558446], [33.733234, 35.2559231], [33.7340153, 35.2560784], [33.734388, 35.2561976], [33.7347268, 35.2563419], [33.7350423, 35.2564823], [33.7353717, 35.2566468]]}, "properties": {"feature_type": "road", "highway": "residential", "landuse": ""}}, {"type": "Feature", "geometry": {"type": "LineString", "coordinates": [[33.7544259, 35.3340414], [33.7546354, 35.3341421], [33.7550059, 35.3341945], [33.7551055, 35.334225], [33.755164, 35.3342795], [33.755375, 35.3345727], [33.7554612, 35.3346485], [33.755554, 35.3346926], [33.7558381, 35.3349997], [33.7558832, 35.3351156], [33.7558535, 35.33551]]}, "properties": {"feature_type": "road", "highway": "residential", "landuse": ""}}, {"type": "Feature", "geometry": {"type": "LineString", "coordinates": [[33.7376172, 35.2932664], [33.7377149, 35.2933786]]}, "properties": {"feature_type": "road", "highway": "tertiary", "landuse": ""}}, {"type": "Feature", "geometry": {"type": "LineString", "coordinates": [[33.7607, 35.3318474], [33.7606593, 35.3317548], [33.7605802, 35.3316565], [33.7604132, 35.3315454], [33.7600835, 35.3313801], [33.7599725, 35.3312867], [33.7598276, 35.3311226], [33.7595159, 35.3308046], [33.7591493, 35.3304962], [33.7590659, 35.3304005], [33.7590095, 35.3303129], [33.7589474, 35.3301958], [33.7588298, 35.3300744], [33.7585992, 35.3298906], [33.7581864, 35.3296064], [33.7577615, 35.3291728], [33.757645, 35.3288482], [33.757626, 35.3285118], [33.757692, 35.3282979], [33.7579497, 35.3279458], [33.7582547, 35.3274772], [33.7583283, 35.3273063], [33.7583029, 35.3271775], [33.757932, 35.3261272], [33.7578895, 35.3260431], [33.7577208, 35.3257087], [33.7573261, 35.3250728], [33.7569716, 35.3245723], [33.7567277, 35.324158], [33.7563858, 35.3238585], [33.75624, 35.323639], [33.7559182, 35.3230421], [33.7558679, 35.3228267], [33.7557121, 35.3212473], [33.7556844, 35.3207897], [33.7555737, 35.3201804], [33.7555385, 35.3194522], [33.7554801, 35.3191937], [33.755355, 35.3185434], [33.7552846, 35.3181905], [33.7552771, 35.3178295], [33.7553424, 35.3174561], [33.7551237, 35.3164488], [33.7549628, 35.3159503], [33.7548245, 35.3157185], [33.7546309, 35.3157], [33.7538893, 35.3156775], [33.7528031, 35.3155605], [33.7526045, 35.3155523], [33.7523782, 35.3156262], [33.7521419, 35.3158847], [33.7518503, 35.3159647], [33.7513499, 35.3159955], [33.7508019, 35.3160755], [33.7505354, 35.3160119], [33.7503363, 35.3159674]]}, "properties": {"feature_type": "road", "highway": "unclassified", "landuse": ""}}, {"type": "Feature", "geometry": {"type": "LineString", "coordinates": [[33.7536921, 35.3336052], [33.7542132, 35.3339635], [33.7544259, 35.3340414], [33.7547599, 35.3340041]]}, "properties": {"feature_type": "road", "highway": "residential", "landuse": ""}}, {"type": "Feature", "geometry": {"type": "LineString", "coordinates": [[33.7551666, 35.3338053], [33.7550153, 35.3338022], [33.7548936, 35.3337791], [33.7547953, 35.3337277], [33.7547304, 35.3336459]]}, "properties": {"feature_type": "road", "highway": "service", "landuse": ""}}, {"type": "Feature", "geometry": {"type": "LineString", "coordinates": [[33.7562412, 35.3339427], [33.7562634, 35.3345621], [33.7562738, 35.33461], [33.7563175, 35.3346343], [33.756469, 35.334635], [33.7565236, 35.334611], [33.756577, 35.3345262], [33.75658, 35.3344009]]}, "properties": {"feature_type": "road", "highway": "service", "landuse": ""}}, {"type": "Feature", "geometry": {"type": "LineString", "coordinates": [[33.7532946, 35.3315964], [33.7531051, 35.3315271], [33.7529629, 35.3315068], [33.7524135, 35.3315329], [33.7522891, 35.3316011], [33.7521895, 35.3317113], [33.7520349, 35.3317679]]}, "properties": {"feature_type": "road", "highway": "residential", "landuse": ""}}, {"type": "Feature", "geometry": {"type": "LineString", "coordinates": [[33.7377149, 35.2933786], [33.7379176, 35.2936702], [33.7385119, 35.29483], [33.738708, 35.2951768], [33.7389318, 35.2954579], [33.7395025, 35.2959832], [33.7396697, 35.2961309], [33.741089, 35.2973847], [33.7416521, 35.2978956], [33.7420192, 35.2981891], [33.7426477, 35.2986561], [33.7429444, 35.2988765], [33.7432109, 35.2991083], [33.7436735, 35.299531], [33.7444703, 35.3003648], [33.7456145, 35.301663], [33.746419, 35.3027689], [33.7472939, 35.3039979], [33.7473995, 35.3041764], [33.7475001, 35.3044822], [33.7475152, 35.3047674], [33.7475328, 35.3054916], [33.7475453, 35.3057748], [33.7475956, 35.3062221], [33.747671, 35.3067186], [33.7477238, 35.3072561], [33.747759, 35.3074613], [33.7478319, 35.307648], [33.7480406, 35.3080153], [33.748116, 35.3082656], [33.748189, 35.3086308], [33.748365, 35.3095828], [33.7483951, 35.3098823], [33.7484982, 35.310465], [33.7485937, 35.3108219], [33.7487622, 35.3112836], [33.748996, 35.3117759], [33.7492072, 35.3122355], [33.7492575, 35.3124017], [33.7493756, 35.3127874], [33.7494913, 35.3130336], [33.7496547, 35.313329], [33.7497327, 35.3135485], [33.7498307, 35.3140368], [33.7499112, 35.3142501], [33.7500369, 35.3144881], [33.7503008, 35.3148707], [33.7503861, 35.3151898], [33.7503363, 35.3159674], [33.750283, 35.3165998], [33.7502225, 35.3169132], [33.7500981, 35.3171337], [33.7499985, 35.3173832], [33.7500163, 35.3176298], [33.7501514, 35.3182796], [33.7502048, 35.3189991], [33.7504003, 35.3196577], [33.7504724, 35.3201342]]}, "properties": {"feature_type": "road", "highway": "tertiary", "landuse": ""}}, {"type": "Feature", "geometry": {"type": "LineString", "coordinates": [[33.7504724, 35.3201342], [33.7504977, 35.320301]]}, "properties": {"feature_type": "road", "highway": "tertiary", "landuse": ""}}, {"type": "Feature", "geometry": {"type": "LineString", "coordinates": [[33.7504977, 35.320301], [33.7505816, 35.3208558], [33.750571, 35.3212446], [33.7505141, 35.3216536], [33.7502545, 35.3225936], [33.7502688, 35.3228779], [33.7503968, 35.3233826], [33.7505141, 35.3236292], [33.7507523, 35.3239433], [33.7509016, 35.3242297], [33.7510272, 35.3245732], [33.7512785, 35.3252828], [33.7512785, 35.3256657], [33.7513674, 35.32595], [33.7515274, 35.3263793], [33.7519008, 35.3269334], [33.7522065, 35.3277891], [33.7523061, 35.3281633], [33.7522599, 35.3285868], [33.7520288, 35.3290626], [33.7520022, 35.3294397], [33.7519222, 35.3301388], [33.7518268, 35.3308301]]}, "properties": {"feature_type": "road", "highway": "tertiary", "landuse": ""}}, {"type": "Feature", "geometry": {"type": "LineString", "coordinates": [[33.7469976, 35.392899], [33.7468084, 35.392881]]}, "properties": {"feature_type": "road", "highway": "primary", "landuse": ""}}, {"type": "Feature", "geometry": {"type": "LineString", "coordinates": [[33.7468084, 35.392881], [33.7466159, 35.3928588], [33.7462243, 35.3928187]]}, "properties": {"feature_type": "road", "highway": "primary", "landuse": ""}}, {"type": "Feature", "geometry": {"type": "LineString", "coordinates": [[33.7470755, 35.3930745], [33.7472557, 35.3930998], [33.7474354, 35.3931246], [33.7476435, 35.3931487], [33.7478414, 35.393165]]}, "properties": {"feature_type": "road", "highway": "primary", "landuse": ""}}, {"type": "Feature", "geometry": {"type": "LineString", "coordinates": [[33.6935266, 35.3316721], [33.6934492, 35.3315607], [33.6933666, 35.3314162], [33.693341, 35.3312573], [33.6931758, 35.3308785], [33.6931575, 35.3307547], [33.6930688, 35.3306975]]}, "properties": {"feature_type": "road", "highway": "residential", "landuse": ""}}, {"type": "Feature", "geometry": {"type": "LineString", "coordinates": [[33.6890872, 35.3306214], [33.6890537, 35.3305632], [33.6890419, 35.330438], [33.689101, 35.3303224], [33.6892092, 35.330247], [33.6893666, 35.3301892], [33.6895574, 35.3301812], [33.6896538, 35.3301507], [33.6897266, 35.3300993], [33.6898938, 35.3298987], [33.6900787, 35.3296178]]}, "properties": {"feature_type": "road", "highway": "residential", "landuse": ""}}, {"type": "Feature", "geometry": {"type": "LineString", "coordinates": [[33.6896779, 35.3321492], [33.6896509, 35.3324867], [33.6896562, 35.332612], [33.6896989, 35.3327594], [33.6899219, 35.3330684], [33.6900138, 35.3331466], [33.6904171, 35.3333743], [33.6909976, 35.3337048], [33.6911158, 35.3338398], [33.6913143, 35.3339789], [33.6915335, 35.3341953], [33.6915446, 35.3342634], [33.6914027, 35.3345108]]}, "properties": {"feature_type": "road", "highway": "residential", "landuse": ""}}, {"type": "Feature", "geometry": {"type": "LineString", "coordinates": [[33.6806363, 35.3291983], [33.6804463, 35.329184], [33.680079, 35.3290637], [33.6798549, 35.3289562], [33.6797251, 35.328945], [33.6796425, 35.3289707], [33.67943, 35.3291039], [33.6791506, 35.3292066], [33.678883, 35.329311], [33.6787729, 35.3293912], [33.678647, 35.3295549], [33.6785604, 35.3296095], [33.6783086, 35.3296496], [33.6781866, 35.3296336], [33.6780941, 35.3295806], [33.677919, 35.3294651], [33.6777872, 35.3294057], [33.6776785, 35.3293714]]}, "properties": {"feature_type": "road", "highway": "residential", "landuse": ""}}, {"type": "Feature", "geometry": {"type": "LineString", "coordinates": [[33.6901297, 35.3325666], [33.6898092, 35.3325181], [33.6896509, 35.3324867]]}, "properties": {"feature_type": "road", "highway": "service", "landuse": ""}}, {"type": "Feature", "geometry": {"type": "LineString", "coordinates": [[33.6776698, 35.3292856], [33.677833, 35.3292011], [33.6780097, 35.3290456], [33.6781919, 35.3288685]]}, "properties": {"feature_type": "road", "highway": "service", "landuse": ""}}, {"type": "Feature", "geometry": {"type": "LineString", "coordinates": [[33.6854825, 35.3296092], [33.6856229, 35.3295945], [33.6860203, 35.3295238], [33.6862289, 35.329458], [33.6863273, 35.3293714], [33.6866066, 35.3290487]]}, "properties": {"feature_type": "road", "highway": "service", "landuse": ""}}, {"type": "Feature", "geometry": {"type": "LineString", "coordinates": [[33.6851164, 35.3297671], [33.6853652, 35.3296555], [33.6854825, 35.3296092], [33.6856544, 35.3295415], [33.6859594, 35.3294195], [33.6860262, 35.3293409]]}, "properties": {"feature_type": "road", "highway": "service", "landuse": ""}}, {"type": "Feature", "geometry": {"type": "LineString", "coordinates": [[33.7163592, 35.339178], [33.7160637, 35.3395268], [33.7156826, 35.3398264], [33.7152652, 35.3400919], [33.7151817, 35.3402077], [33.7151038, 35.3403711], [33.7149647, 35.3404482], [33.7148673, 35.3404505], [33.7147867, 35.3404074], [33.7147088, 35.3402894], [33.7146475, 35.3401441], [33.7146865, 35.3399784], [33.7146448, 35.3398967], [33.7145557, 35.3399194], [33.7145056, 35.3399966], [33.7144695, 35.3401101], [33.7144778, 35.3401781], [33.7145335, 35.3402803], [33.7144945, 35.340362], [33.714386, 35.3403801], [33.7142079, 35.3403892], [33.7141217, 35.3404346], [33.7141022, 35.340505], [33.7141356, 35.3408749], [33.7142413, 35.3409884], [33.7145335, 35.3412176], [33.7146615, 35.3412449], [33.7147811, 35.3412426], [33.7148896, 35.3412834], [33.7149313, 35.3413425], [33.7148813, 35.3414469], [33.7145307, 35.3417782], [33.714475, 35.3418781], [33.7144361, 35.3420755], [33.7143749, 35.3421277], [33.7143081, 35.3421209], [33.7142775, 35.3420755], [33.7142942, 35.341903], [33.7142691, 35.3418259], [33.7141912, 35.3418032], [33.7141356, 35.3418554], [33.7141189, 35.3420256], [33.7141133, 35.3423161], [33.7141885, 35.3423865], [33.7143164, 35.3424205], [33.7144528, 35.3424114], [33.7145168, 35.342357], [33.7146114, 35.3421187], [33.7146809, 35.3420869], [33.7147727, 35.3421096], [33.71482, 35.3421731], [33.7148025, 35.3423153]]}, "properties": {"feature_type": "road", "highway": "unclassified", "landuse": ""}}, {"type": "Feature", "geometry": {"type": "LineString", "coordinates": [[33.6877863, 35.331919], [33.6877609, 35.3320708], [33.6877744, 35.3321862], [33.687813, 35.3323042], [33.6878209, 35.3324037], [33.6877676, 35.3325108], [33.68773, 35.3326742], [33.6876799, 35.3327593]]}, "properties": {"feature_type": "road", "highway": "residential", "landuse": ""}}, {"type": "Feature", "geometry": {"type": "LineString", "coordinates": [[33.6772673, 35.3293165], [33.67714, 35.3293432], [33.6767486, 35.3294372], [33.6765928, 35.329476], [33.6764975, 35.3295302], [33.6762999, 35.3297683], [33.6762068, 35.3299027], [33.6761765, 35.3299567]]}, "properties": {"feature_type": "road", "highway": "residential", "landuse": ""}}, {"type": "Feature", "geometry": {"type": "LineString", "coordinates": [[33.6892374, 35.3333175], [33.6893905, 35.3333947], [33.6896492, 35.3334628], [33.6899219, 35.3334628], [33.6901264, 35.3335286], [33.6902279, 35.3335127], [33.6903267, 35.3334628], [33.6904171, 35.3333743]]}, "properties": {"feature_type": "road", "highway": "residential", "landuse": ""}}, {"type": "Feature", "geometry": {"type": "LineString", "coordinates": [[33.6924336, 35.3320321], [33.6925718, 35.3320711], [33.6929535, 35.3319411], [33.6934709, 35.3317067], [33.6935266, 35.3316721], [33.6937345, 35.331543], [33.6938683, 35.3313504], [33.6940296, 35.3310551]]}, "properties": {"feature_type": "road", "highway": "residential", "landuse": ""}}, {"type": "Feature", "geometry": {"type": "LineString", "coordinates": [[33.6774051, 35.330095], [33.6774838, 35.33005], [33.6775603, 35.329941], [33.6776104, 35.3298457], [33.6776494, 35.3295937], [33.6776785, 35.3293714]]}, "properties": {"feature_type": "road", "highway": "residential", "landuse": ""}}, {"type": "Feature", "geometry": {"type": "LineString", "coordinates": [[33.6067271, 35.3528541], [33.6068483, 35.3526491], [33.606975, 35.3524347], [33.6072784, 35.3520169], [33.6074317, 35.3516936]]}, "properties": {"feature_type": "road", "highway": "unclassified", "landuse": ""}}, {"type": "Feature", "geometry": {"type": "LineString", "coordinates": [[33.6812083, 35.363939], [33.6811421, 35.3640037], [33.6810348, 35.364078], [33.6809124, 35.3641367], [33.6806241, 35.3642329], [33.6803492, 35.3642996], [33.680092, 35.3643602], [33.6798292, 35.3644039], [33.6795167, 35.3644302], [33.6791524, 35.3644332], [33.678767, 35.364416], [33.6784572, 35.3643897], [33.6782842, 35.3643547], [33.6781515, 35.3643132], [33.6778698, 35.3642158], [33.6774849, 35.3640682], [33.6772932, 35.363973], [33.6771912, 35.363903], [33.6769753, 35.3637062], [33.6768761, 35.3636373], [33.6767849, 35.3635892], [33.6766575, 35.3635575], [33.6765609, 35.3635432], [33.6764375, 35.3635465], [33.6762914, 35.3635739], [33.676144, 35.3636108], [33.6760354, 35.363638], [33.674684, 35.363958], [33.6734097, 35.3642361], [33.6732781, 35.3642655], [33.6726583, 35.3644037], [33.6714327, 35.364692], [33.6712316, 35.3647314], [33.67117, 35.3647422], [33.6710222, 35.3647613], [33.6708974, 35.3647525], [33.6708012, 35.3647195], [33.6707258, 35.3646574], [33.6706922, 35.3645929], [33.6706765, 35.3644806], [33.6706587, 35.364256], [33.6706265, 35.3641565], [33.6705729, 35.3640865], [33.670502, 35.364023], [33.670424, 35.3639837], [33.6703301, 35.3639564], [33.6702006, 35.3639471], [33.670165, 35.3639483], [33.6694745, 35.3639717], [33.6693458, 35.3639553], [33.6692408, 35.3639243], [33.6690212, 35.3638426], [33.6687624, 35.3637223], [33.6683872, 35.3635113], [33.6681079, 35.3633412], [33.6676984, 35.3630919], [33.6674021, 35.3629115], [33.6671068, 35.362719], [33.666933, 35.3626057], [33.6666046, 35.3623916], [33.6659527, 35.3619758], [33.665802, 35.3618775], [33.6653643, 35.3616207], [33.665151, 35.3615011], [33.6650247, 35.3614518], [33.6648994, 35.3614273], [33.6647163, 35.3614201], [33.6642415, 35.3614354], [33.6639597, 35.3614318], [33.6637534, 35.3614147], [33.6634435, 35.3613567], [33.6632989, 35.3613112], [33.6630337, 35.3612277], [33.6626939, 35.3610931], [33.6623259, 35.3608711], [33.6620315, 35.3606173], [33.6618356, 35.3604412], [33.6616771, 35.3604106], [33.6614867, 35.3604303], [33.6612554, 35.3604136], [33.6610076, 35.36038], [33.6607716, 35.3603576], [33.6601447, 35.3602437], [33.6593877, 35.3600471], [33.6587064, 35.3598124], [33.6580658, 35.3596018], [33.6570823, 35.3592801], [33.6568978, 35.3592449], [33.6567161, 35.3592528], [33.6560073, 35.3593959], [33.6558276, 35.3594068], [33.6556516, 35.3593701], [33.6546293, 35.3591903], [33.6539056, 35.3590511], [33.6535033, 35.3589737], [33.652774, 35.3588295], [33.6525473, 35.3586631], [33.65246, 35.358445], [33.6524491, 35.3582309], [33.6523756, 35.3581315], [33.6522353, 35.3581359], [33.6521195, 35.358229], [33.6518855, 35.3584588], [33.651748, 35.3585406], [33.6515853, 35.3585276], [33.6512161, 35.3583911], [33.6510275, 35.3583214], [33.6508977, 35.3581993], [33.6508351, 35.3579869], [33.6507981, 35.3576649], [33.65071, 35.3575475], [33.6505394, 35.3574809], [33.6503147, 35.3574959], [33.65015, 35.3575171], [33.6499647, 35.3575772], [33.6496425, 35.3575212], [33.6492513, 35.3573726], [33.6488451, 35.3572086], [33.6476411, 35.356755], [33.6470528, 35.3565615], [33.6469383, 35.3564639], [33.6469662, 35.3563814], [33.646987, 35.3563196], [33.6472225, 35.3561264], [33.6473003, 35.3559481], [33.6472808, 35.3554013], [33.6473135, 35.3552948], [33.6474056, 35.3552283], [33.6478721, 35.3551297], [33.6481027, 35.3550091], [33.6481531, 35.3548751], [33.6480537, 35.3546988], [33.6478915, 35.3545612], [33.6477055, 35.3544698], [33.6473772, 35.3545501], [33.6468752, 35.3547365], [33.6465738, 35.3548705], [33.6462836, 35.3551043], [33.6459018, 35.3553677], [33.6453546, 35.3555801], [33.6450824, 35.355789], [33.6450077, 35.3558429], [33.6449246, 35.3558823], [33.6448119, 35.3558998], [33.6446964, 35.355905], [33.6445303, 35.3558976], [33.6442939, 35.3558725], [33.6441807, 35.3558726], [33.6440546, 35.3558879], [33.6439125, 35.3559557], [33.6437056, 35.3560815], [33.643453, 35.3562501], [33.6433312, 35.3563081], [33.6432158, 35.3563529], [33.6430464, 35.3563499], [33.6429238, 35.3563594], [33.6426607, 35.3563541], [33.6421505, 35.3562304], [33.6416112, 35.3560852], [33.6414242, 35.3560381], [33.6412656, 35.3560309], [33.6403623, 35.356235], [33.639878, 35.3563463], [33.6397663, 35.3563844], [33.639023, 35.356712], [33.638806, 35.356823], [33.6383684, 35.3570515], [33.637613, 35.357447], [33.6365005, 35.3580906], [33.6364055, 35.3581406], [33.6361615, 35.3582366], [33.6361125, 35.3582486], [33.6356355, 35.3582696], [33.6350545, 35.3581756], [33.6344206, 35.3580093], [33.6337278, 35.3577285], [33.6336054, 35.357652], [33.6335275, 35.3574783]]}, "properties": {"feature_type": "road", "highway": "unclassified", "landuse": ""}}, {"type": "Feature", "geometry": {"type": "LineString", "coordinates": [[33.7322061, 35.2575492], [33.7320704, 35.2572366], [33.7320736, 35.2566277], [33.7319423, 35.2557865]]}, "properties": {"feature_type": "road", "highway": "residential", "landuse": ""}}, {"type": "Feature", "geometry": {"type": "LineString", "coordinates": [[33.7363676, 35.2601035], [33.7363775, 35.2602556], [33.7364025, 35.2603657], [33.7364706, 35.2605009], [33.7367077, 35.2609528], [33.7367769, 35.2610681], [33.7368708, 35.2611984], [33.737237, 35.2615929], [33.7376765, 35.2620236]]}, "properties": {"feature_type": "road", "highway": "residential", "landuse": ""}}, {"type": "Feature", "geometry": {"type": "LineString", "coordinates": [[33.7320704, 35.2572366], [33.7315862, 35.2569888], [33.7314764, 35.2568228], [33.7314295, 35.25671], [33.7313086, 35.2564195], [33.7310568, 35.2561295], [33.7309019, 35.2560136], [33.7305533, 35.2557948]]}, "properties": {"feature_type": "road", "highway": "residential", "landuse": ""}}, {"type": "Feature", "geometry": {"type": "LineString", "coordinates": [[33.7391741, 35.2604782], [33.7391052, 35.2606946], [33.7390455, 35.2608003], [33.7389199, 35.2609212], [33.7388737, 35.2609628], [33.7387173, 35.2611035], [33.7385825, 35.2612481], [33.7384838, 35.2613742], [33.7383419, 35.2615103], [33.7381012, 35.2617071], [33.7376765, 35.2620236], [33.7369906, 35.2624136], [33.7367448, 35.2625201], [33.7365605, 35.2625999], [33.7359864, 35.2628081]]}, "properties": {"feature_type": "road", "highway": "unclassified", "landuse": ""}}, {"type": "Feature", "geometry": {"type": "LineString", "coordinates": [[33.7165624, 35.3806397], [33.7149182, 35.3818212], [33.712397, 35.3850446]]}, "properties": {"feature_type": "road", "highway": "unclassified", "landuse": ""}}, {"type": "Feature", "geometry": {"type": "LineString", "coordinates": [[33.7114746, 35.3842513], [33.7113835, 35.3842575], [33.7113361, 35.3842513], [33.7112812, 35.384218], [33.7108247, 35.3836255], [33.7104732, 35.38324]]}, "properties": {"feature_type": "road", "highway": "service", "landuse": ""}}, {"type": "Feature", "geometry": {"type": "LineString", "coordinates": [[33.7108247, 35.3836255], [33.7106589, 35.3838068], [33.7105574, 35.3840314], [33.7102826, 35.384639], [33.710243, 35.384708], [33.7101963, 35.3847337], [33.7101299, 35.384743], [33.7098018, 35.3846935], [33.7097259, 35.384675], [33.7096933, 35.3846545], [33.7096614, 35.3845822], [33.7095734, 35.3842896], [33.7095647, 35.3842606], [33.7095761, 35.384191], [33.7096955, 35.3838446], [33.7097164, 35.3837921], [33.70976, 35.3837194], [33.7098681, 35.3835864], [33.7100597, 35.3833993], [33.7101963, 35.383257], [33.7102702, 35.383223], [33.7103632, 35.3832153], [33.7104276, 35.3832215], [33.7104732, 35.38324]]}, "properties": {"feature_type": "road", "highway": "service", "landuse": ""}}, {"type": "Feature", "geometry": {"type": "LineString", "coordinates": [[33.7470093, 35.2615635], [33.7469645, 35.2616214], [33.7469413, 35.2616872], [33.7469418, 35.2617557], [33.7469658, 35.2618214], [33.7470115, 35.2618789]]}, "properties": {"feature_type": "road", "highway": "trunk", "landuse": ""}}, {"type": "Feature", "geometry": {"type": "LineString", "coordinates": [[33.7474418, 35.2618919], [33.7476041, 35.2618879], [33.7477526, 35.2618831], [33.7478103, 35.2618858], [33.7479773, 35.261892], [33.7493918, 35.2620293], [33.7496979, 35.2620391]]}, "properties": {"feature_type": "road", "highway": "primary", "landuse": ""}}, {"type": "Feature", "geometry": {"type": "LineString", "coordinates": [[33.7470735, 35.2619228], [33.7471967, 35.2620477], [33.7472332, 35.2621004], [33.7472742, 35.2621595], [33.7473315, 35.2622834], [33.7473646, 35.2623804], [33.7474179, 35.2625465]]}, "properties": {"feature_type": "road", "highway": "primary", "landuse": ""}}, {"type": "Feature", "geometry": {"type": "LineString", "coordinates": [[33.7474179, 35.2625465], [33.7473996, 35.2623008], [33.7473961, 35.2622041], [33.7473936, 35.2621054], [33.7473966, 35.2620762], [33.7474022, 35.2620223], [33.7474147, 35.2619112]]}, "properties": {"feature_type": "road", "highway": "primary", "landuse": ""}}, {"type": "Feature", "geometry": {"type": "LineString", "coordinates": [[33.7449136, 35.2614227], [33.7451982, 35.2614908], [33.7453848, 35.2615309], [33.7456533, 35.2615723], [33.7462307, 35.2616478], [33.7466105, 35.2616951], [33.7466634, 35.2617077], [33.7467654, 35.2617316], [33.7468835, 35.2617836], [33.7469481, 35.2618268], [33.7470115, 35.2618789]]}, "properties": {"feature_type": "road", "highway": "primary", "landuse": ""}}, {"type": "Feature", "geometry": {"type": "LineString", "coordinates": [[33.7496979, 35.2620391], [33.7494064, 35.2619559], [33.7491767, 35.2619175], [33.7488883, 35.2618692], [33.7479781, 35.2617482], [33.7478382, 35.2617175], [33.7478247, 35.261714], [33.7477215, 35.2616769], [33.747615, 35.2616251], [33.7474284, 35.2615383]]}, "properties": {"feature_type": "road", "highway": "primary", "landuse": ""}}, {"type": "Feature", "geometry": {"type": "LineString", "coordinates": [[33.7470093, 35.2615635], [33.7468747, 35.2615764], [33.7466842, 35.2615847], [33.7464532, 35.2615679], [33.7460172, 35.2615275], [33.7449136, 35.2614227]]}, "properties": {"feature_type": "road", "highway": "primary", "landuse": ""}}, {"type": "Feature", "geometry": {"type": "LineString", "coordinates": [[33.5782601, 35.3468937], [33.5789623, 35.3470587], [33.5787632, 35.3477377], [33.5790582, 35.3478603], [33.5792701, 35.3479084], [33.5795491, 35.3479543], [33.5800882, 35.3479828], [33.5805522, 35.3479763], [33.5809353, 35.3479858], [33.5815124, 35.3479675], [33.5821508, 35.3480714], [33.5828241, 35.3480725]]}, "properties": {"feature_type": "road", "highway": "residential", "landuse": ""}}, {"type": "Feature", "geometry": {"type": "LineString", "coordinates": [[33.5815124, 35.3479675], [33.5817515, 35.3473805], [33.5821189, 35.3463048]]}, "properties": {"feature_type": "road", "highway": "residential", "landuse": ""}}, {"type": "Feature", "geometry": {"type": "LineString", "coordinates": [[33.5817515, 35.3473805], [33.5830419, 35.3475237]]}, "properties": {"feature_type": "road", "highway": "residential", "landuse": ""}}, {"type": "Feature", "geometry": {"type": "LineString", "coordinates": [[33.6297065, 35.3564537], [33.6297914, 35.3563152], [33.6297951, 35.3561477], [33.6298074, 35.3555832], [33.6298191, 35.3550487], [33.6298358, 35.354759]]}, "properties": {"feature_type": "road", "highway": "residential", "landuse": ""}}, {"type": "Feature", "geometry": {"type": "LineString", "coordinates": [[33.6391102, 35.3549811], [33.6395179, 35.3547448], [33.639711, 35.3538611], [33.6397322, 35.3535174]]}, "properties": {"feature_type": "road", "highway": "residential", "landuse": ""}}, {"type": "Feature", "geometry": {"type": "LineString", "coordinates": [[33.6395179, 35.3547448], [33.6401348, 35.3554274]]}, "properties": {"feature_type": "road", "highway": "residential", "landuse": ""}}, {"type": "Feature", "geometry": {"type": "LineString", "coordinates": [[33.6397663, 35.3563844], [33.6392121, 35.356088], [33.6390982, 35.3560476], [33.638842, 35.3559611], [33.6386475, 35.3558398], [33.6386042, 35.3557921], [33.638563, 35.3557467], [33.6384128, 35.3555892], [33.6383216, 35.3554186], [33.6382197, 35.3551824], [33.6381545, 35.3549597], [33.6381841, 35.3548459], [33.6382672, 35.3547408], [33.6383986, 35.3546249], [33.6386213, 35.3545286]]}, "properties": {"feature_type": "road", "highway": "residential", "landuse": ""}}, {"type": "Feature", "geometry": {"type": "LineString", "coordinates": [[33.6390982, 35.3560476], [33.639302, 35.3557074]]}, "properties": {"feature_type": "road", "highway": "residential", "landuse": ""}}, {"type": "Feature", "geometry": {"type": "LineString", "coordinates": [[33.6476411, 35.356755], [33.6480101, 35.3554171]]}, "properties": {"feature_type": "road", "highway": "residential", "landuse": ""}}, {"type": "Feature", "geometry": {"type": "LineString", "coordinates": [[33.6488451, 35.3572086], [33.6489593, 35.356963], [33.6489297, 35.3568777], [33.6482968, 35.3566436]]}, "properties": {"feature_type": "road", "highway": "residential", "landuse": ""}}, {"type": "Feature", "geometry": {"type": "LineString", "coordinates": [[33.6528687, 35.3558686], [33.6527663, 35.355829], [33.6525172, 35.3556755], [33.6517008, 35.3552877], [33.6512515, 35.355098], [33.6510375, 35.3549853], [33.650823, 35.3549028], [33.6506001, 35.354748]]}, "properties": {"feature_type": "road", "highway": "residential", "landuse": ""}}, {"type": "Feature", "geometry": {"type": "LineString", "coordinates": [[33.6512906, 35.3567275], [33.6513517, 35.3567669], [33.6520036, 35.3569477], [33.6518668, 35.3572911]]}, "properties": {"feature_type": "road", "highway": "residential", "landuse": ""}}, {"type": "Feature", "geometry": {"type": "LineString", "coordinates": [[33.6520036, 35.3569477], [33.6525172, 35.3556755]]}, "properties": {"feature_type": "road", "highway": "residential", "landuse": ""}}, {"type": "Feature", "geometry": {"type": "LineString", "coordinates": [[33.6580658, 35.3596018], [33.6582799, 35.3589865], [33.6591999, 35.3591592]]}, "properties": {"feature_type": "road", "highway": "residential", "landuse": ""}}, {"type": "Feature", "geometry": {"type": "LineString", "coordinates": [[33.6580466, 35.3589646], [33.6582799, 35.3589865]]}, "properties": {"feature_type": "road", "highway": "residential", "landuse": ""}}, {"type": "Feature", "geometry": {"type": "LineString", "coordinates": [[33.6788471, 35.3666006], [33.6790059, 35.3663576], [33.6791958, 35.3660669]]}, "properties": {"feature_type": "road", "highway": "residential", "landuse": ""}}, {"type": "Feature", "geometry": {"type": "LineString", "coordinates": [[33.6803438, 35.3664213], [33.6802828, 35.3664025], [33.6791958, 35.3660669], [33.6790027, 35.3660057], [33.678831, 35.3659094], [33.6788096, 35.3658394], [33.6788096, 35.3657607], [33.6790402, 35.3654632], [33.679228, 35.3651439], [33.6792763, 35.3650651], [33.6792709, 35.3649252], [33.6795944, 35.3648684], [33.6797383, 35.3648432], [33.6801118, 35.364724], [33.6801637, 35.3646787], [33.6801932, 35.3646262]]}, "properties": {"feature_type": "road", "highway": "residential", "landuse": ""}}, {"type": "Feature", "geometry": {"type": "LineString", "coordinates": [[33.6790059, 35.3663576], [33.6785092, 35.366115], [33.678536, 35.3660494]]}, "properties": {"feature_type": "road", "highway": "residential", "landuse": ""}}, {"type": "Feature", "geometry": {"type": "LineString", "coordinates": [[33.6792709, 35.3649252], [33.6785735, 35.364912], [33.6784182, 35.3652364], [33.6782943, 35.3654951]]}, "properties": {"feature_type": "road", "highway": "residential", "landuse": ""}}, {"type": "Feature", "geometry": {"type": "LineString", "coordinates": [[33.6837019, 35.3668237], [33.6835946, 35.3663994], [33.6838013, 35.3658026], [33.6841798, 35.3647511]]}, "properties": {"feature_type": "road", "highway": "residential", "landuse": ""}}, {"type": "Feature", "geometry": {"type": "LineString", "coordinates": [[33.6838013, 35.3658026], [33.6842169, 35.3659313], [33.6842705, 35.3660232], [33.684174, 35.3667143], [33.6841477, 35.3667169], [33.683997, 35.3667318], [33.6838468, 35.3667493], [33.6837502, 35.36678], [33.6837019, 35.3668237], [33.6836214, 35.3668893], [33.6834981, 35.3670949], [33.683541, 35.3671955], [33.6835732, 35.3673093], [33.6835732, 35.3674143], [33.6835463, 35.3675411], [33.683384, 35.3678495]]}, "properties": {"feature_type": "road", "highway": "residential", "landuse": ""}}, {"type": "Feature", "geometry": {"type": "LineString", "coordinates": [[33.6841472, 35.3688447], [33.6834981, 35.368556], [33.6825593, 35.3682979], [33.6830957, 35.3672699], [33.683203, 35.3671955], [33.6834981, 35.3670949]]}, "properties": {"feature_type": "road", "highway": "residential", "landuse": ""}}, {"type": "Feature", "geometry": {"type": "LineString", "coordinates": [[33.6834981, 35.368556], [33.6844798, 35.3671824], [33.6851342, 35.367423], [33.6853542, 35.3669943], [33.6845549, 35.3667275], [33.684174, 35.3667143]]}, "properties": {"feature_type": "road", "highway": "residential", "landuse": ""}}, {"type": "Feature", "geometry": {"type": "LineString", "coordinates": [[33.6844798, 35.3671824], [33.6844476, 35.3669812], [33.6843564, 35.3668587], [33.6842276, 35.3667668], [33.6841477, 35.3667169]]}, "properties": {"feature_type": "road", "highway": "residential", "landuse": ""}}, {"type": "Feature", "geometry": {"type": "LineString", "coordinates": [[33.7082629, 35.3798061], [33.7082977, 35.3797304], [33.7086384, 35.3789882], [33.7087081, 35.3787958], [33.7086978, 35.3787419], [33.7086813, 35.3786558], [33.7086813, 35.378599], [33.7089227, 35.3782009], [33.7090032, 35.3780653], [33.7091158, 35.3781266], [33.7095504, 35.3783015], [33.7098389, 35.3784729], [33.7101029, 35.3786296]]}, "properties": {"feature_type": "road", "highway": "residential", "landuse": ""}}, {"type": "Feature", "geometry": {"type": "LineString", "coordinates": [[33.7082977, 35.3797304], [33.7088584, 35.3799024], [33.7090164, 35.3799365], [33.7098508, 35.3801167], [33.7102102, 35.3790626]]}, "properties": {"feature_type": "road", "highway": "residential", "landuse": ""}}, {"type": "Feature", "geometry": {"type": "LineString", "coordinates": [[33.7090164, 35.3799365], [33.7094699, 35.3787958], [33.7098389, 35.3784729]]}, "properties": {"feature_type": "road", "highway": "residential", "landuse": ""}}, {"type": "Feature", "geometry": {"type": "LineString", "coordinates": [[33.7086978, 35.3787419], [33.708397, 35.3787214], [33.7082254, 35.3786689], [33.7080356, 35.3785178], [33.7079008, 35.3784105], [33.7077586, 35.3782972], [33.7076171, 35.3782444], [33.7074421, 35.3781791], [33.7073617, 35.3781528], [33.7067732, 35.3779136]]}, "properties": {"feature_type": "road", "highway": "residential", "landuse": ""}}, {"type": "Feature", "geometry": {"type": "LineString", "coordinates": [[33.7076943, 35.3792725], [33.7080356, 35.3785178]]}, "properties": {"feature_type": "road", "highway": "residential", "landuse": ""}}, {"type": "Feature", "geometry": {"type": "LineString", "coordinates": [[33.73907, 35.399766], [33.7388661, 35.3995823], [33.7388125, 35.3993375], [33.7387944, 35.3992059], [33.7386389, 35.399055], [33.7376284, 35.3989639], [33.7375929, 35.3988627], [33.7380086, 35.3984057], [33.7377404, 35.398292], [33.7376116, 35.3982264], [33.7380073, 35.3972972], [33.7381357, 35.3971626]]}, "properties": {"feature_type": "road", "highway": "service", "landuse": ""}}, {"type": "Feature", "geometry": {"type": "LineString", "coordinates": [[33.7386389, 35.399055], [33.7387106, 35.3989986], [33.7390727, 35.3983273], [33.7391136, 35.3981695], [33.7390492, 35.39801], [33.7386255, 35.3973409], [33.7383148, 35.3970733]]}, "properties": {"feature_type": "road", "highway": "service", "landuse": ""}}, {"type": "Feature", "geometry": {"type": "Polygon", "coordinates": [[[33.7112812, 35.384218], [33.7112408, 35.3842512], [33.71086, 35.3837832], [33.7107527, 35.3837963], [33.7107044, 35.3838313], [33.7105989, 35.3840469], [33.7106643, 35.3840714], [33.7104926, 35.3843907], [33.7106213, 35.3844345], [33.7108439, 35.3844874], [33.7109404, 35.3844699], [33.7112087, 35.3845005], [33.711273, 35.3845748], [33.7112408, 35.384951], [33.7111699, 35.3850653], [33.7108426, 35.3854415], [33.7107634, 35.3854714], [33.7106776, 35.3854583], [33.7106454, 35.3855501], [33.7105971, 35.3855501], [33.710581, 35.385677], [33.7104255, 35.3857338], [33.7101197, 35.3855764], [33.7099105, 35.3856288], [33.7097871, 35.3858519], [33.7093901, 35.3857994], [33.7092936, 35.3856726], [33.709374, 35.3847891], [33.7092506, 35.384776], [33.7092077, 35.3846973], [33.7088322, 35.3845442], [33.7087464, 35.3852615], [33.7086874, 35.385314], [33.7083226, 35.3853796], [33.7082314, 35.3853533], [33.7081188, 35.385314], [33.7079954, 35.385279], [33.7078559, 35.3850559], [33.707754, 35.3848941], [33.7074965, 35.3846273], [33.7072873, 35.3845136], [33.70718, 35.3843955], [33.7074643, 35.3843212], [33.7075877, 35.3841287], [33.7078344, 35.3839582], [33.708108, 35.3838357], [33.7082368, 35.3836739], [33.7085318, 35.3836127], [33.7083548, 35.3834902], [33.7084406, 35.3834333], [33.708387, 35.3831622], [33.7087732, 35.3833109], [33.7095242, 35.3836914], [33.7096208, 35.3837176], [33.7096959, 35.3837045], [33.7097442, 35.383652], [33.7096959, 35.3836345], [33.7098729, 35.3834727], [33.7099158, 35.3834989], [33.7099748, 35.3834333], [33.7097495, 35.3833284], [33.7098085, 35.3830528], [33.7101465, 35.3829216], [33.710227, 35.3829173], [33.7104791, 35.3831272], [33.7113052, 35.3841943], [33.7112812, 35.384218]]]}, "properties": {"feature_type": "urban", "highway": "", "landuse": "residential"}}, {"type": "Feature", "geometry": {"type": "LineString", "coordinates": [[33.6047531, 35.3053983], [33.604568, 35.305372], [33.6044553, 35.3053896], [33.6044114, 35.3053831]]}, "properties": {"feature_type": "road", "highway": "residential", "landuse": ""}}, {"type": "Feature", "geometry": {"type": "LineString", "coordinates": [[33.6040531, 35.3047099], [33.6045354, 35.3049056], [33.6047799, 35.3050722], [33.6048385, 35.305188], [33.6048385, 35.3053127], [33.6047531, 35.3053983], [33.6049807, 35.3054878]]}, "properties": {"feature_type": "road", "highway": "residential", "landuse": ""}}, {"type": "Feature", "geometry": {"type": "LineString", "coordinates": [[33.6246754, 35.2510457], [33.6254758, 35.2501359], [33.6257306, 35.249792], [33.6259827, 35.249413], [33.6262053, 35.2490034], [33.6263421, 35.2486508], [33.6264789, 35.2484054], [33.6266468, 35.2482089], [33.6268598, 35.2480243], [33.6271323, 35.247819], [33.6275078, 35.2475956], [33.6277653, 35.2474795], [33.6280185, 35.247411], [33.6282883, 35.2473831], [33.6290769, 35.2473678], [33.6292405, 35.2473525], [33.6293918, 35.2473058], [33.629549, 35.2472429], [33.6326373, 35.2459981], [33.6329017, 35.2458958], [33.6331753, 35.2458169], [33.6334865, 35.2457315], [33.6338083, 35.2456592], [33.6341838, 35.2455738], [33.6344639, 35.2455206], [33.6347551, 35.2455037], [33.6350904, 35.2455234], [33.6353908, 35.2455103], [33.6357594, 35.245457], [33.6361821, 35.245381], [33.6364235, 35.2453065], [33.6367196, 35.2452073], [33.6372426, 35.2450299], [33.6380231, 35.2447823], [33.6384995, 35.2445771], [33.6388053, 35.2444128], [33.6390279, 35.2442879], [33.6392704, 35.2441975], [33.6394651, 35.2441696], [33.6396915, 35.2441734], [33.639905, 35.2442178], [33.6401464, 35.2442989], [33.6404119, 35.2443756], [33.6406989, 35.2444259], [33.6410101, 35.2444544], [33.6413303, 35.2444735], [33.6417326, 35.2444384], [33.64215, 35.2443537], [33.6424638, 35.2442901], [33.642677, 35.2442349], [33.6427347, 35.24422], [33.6430298, 35.2440842], [33.6435608, 35.2438454], [33.6441295, 35.2436111], [33.6445651, 35.2434833], [33.6448054, 35.2434336], [33.6450521, 35.2434139], [33.6453914, 35.2434184]]}, "properties": {"feature_type": "road", "highway": "tertiary", "landuse": ""}}, {"type": "Feature", "geometry": {"type": "LineString", "coordinates": [[33.7496979, 35.2620391], [33.7499427, 35.2620643]]}, "properties": {"feature_type": "road", "highway": "primary", "landuse": ""}}, {"type": "Feature", "geometry": {"type": "LineString", "coordinates": [[33.6114306, 35.2475007], [33.6120779, 35.248052], [33.6123893, 35.2482992], [33.6126226, 35.248471], [33.6129089, 35.2486634], [33.6132322, 35.2488324], [33.6137491, 35.2490358], [33.6142231, 35.2491997], [33.6146971, 35.2493226], [33.6160373, 35.2496093], [33.6174944, 35.2499078], [33.6186005, 35.2501302], [33.620008, 35.2503498], [33.6226685, 35.250743], [33.6246754, 35.2510457], [33.6252261, 35.2511288], [33.6269712, 35.2513857], [33.6277812, 35.2515103], [33.6284353, 35.2516089], [33.6290791, 35.2517491], [33.629536, 35.2518841], [33.6301538, 35.2521281], [33.630673, 35.2524136], [33.6310156, 35.2526421], [33.6329574, 35.2540387], [33.6335025, 35.2544436], [33.6339905, 35.2547396], [33.634463, 35.2549784], [33.6350847, 35.2552107], [33.63648, 35.255639], [33.6400429, 35.2567358], [33.6419843, 35.25732], [33.644378, 35.2580402], [33.645358, 35.2583453], [33.6464223, 35.2586568], [33.6475969, 35.2590202], [33.6484471, 35.2592538], [33.6490052, 35.2593706], [33.6494855, 35.259455], [33.6505133, 35.2595921], [33.6520037, 35.2598244], [33.652342, 35.2598712], [33.6529212, 35.2599376], [33.6535103, 35.2599741], [33.6541345, 35.2599668], [33.6547006, 35.2599309], [33.6553334, 35.2598705], [33.6562338, 35.2597511], [33.6576923, 35.2595591], [33.6579572, 35.2595612]]}, "properties": {"feature_type": "road", "highway": "primary", "landuse": ""}}, {"type": "Feature", "geometry": {"type": "LineString", "coordinates": [[33.7314515, 35.3361491], [33.7308264, 35.3358462], [33.7300861, 35.3354261], [33.7297213, 35.3351023], [33.7294316, 35.3349535], [33.7291741, 35.3349972], [33.7289596, 35.3349885], [33.7288523, 35.3348572], [33.7286484, 35.3346559], [33.7275863, 35.3342445], [33.7270605, 35.3342795], [33.7266207, 35.3340257], [33.726449, 35.3336231], [33.7265456, 35.3331329], [33.7264275, 35.3330104], [33.7244964, 35.332529], [33.7234342, 35.3321439], [33.7230158, 35.3319863], [33.7221467, 35.3313124], [33.7216425, 35.3309798], [33.7215459, 35.3307084], [33.7215877, 35.330432]]}, "properties": {"feature_type": "road", "highway": "tertiary", "landuse": ""}}, {"type": "Feature", "geometry": {"type": "LineString", "coordinates": [[33.6367344, 35.3112073], [33.636585, 35.3111845], [33.6352566, 35.3105601], [33.634924, 35.3104025], [33.6346987, 35.3100523], [33.6346371, 35.3097698], [33.6345643, 35.3096569], [33.6343198, 35.3095802]]}, "properties": {"feature_type": "road", "highway": "unclassified", "landuse": ""}}, {"type": "Feature", "geometry": {"type": "LineString", "coordinates": [[33.6038355, 35.3045988], [33.6036536, 35.3045556], [33.6033584, 35.3046048], [33.6030258, 35.304631], [33.6027799, 35.3046524], [33.6025339, 35.3045468], [33.6023606, 35.304526], [33.6020602, 35.3046398], [33.6019148, 35.3046768], [33.601811, 35.3046248], [33.6016743, 35.3043708], [33.6012667, 35.3041383]]}, "properties": {"feature_type": "road", "highway": "residential", "landuse": ""}}, {"type": "Feature", "geometry": {"type": "LineString", "coordinates": [[33.7359864, 35.2628081], [33.7358196, 35.2628761]]}, "properties": {"feature_type": "road", "highway": "unclassified", "landuse": ""}}, {"type": "Feature", "geometry": {"type": "LineString", "coordinates": [[33.7352311, 35.2630856], [33.7350697, 35.263143], [33.7344332, 35.2633696], [33.7341895, 35.2633631]]}, "properties": {"feature_type": "road", "highway": "residential", "landuse": ""}}, {"type": "Feature", "geometry": {"type": "LineString", "coordinates": [[33.7830057, 35.4073458], [33.7830877, 35.4072189], [33.7835759, 35.4068997], [33.7836644, 35.406797], [33.7836686, 35.4066666], [33.7836303, 35.4064815], [33.7834095, 35.4061999], [33.7832229, 35.406071], [33.7828648, 35.4059174], [33.7827339, 35.4058312], [33.7826654, 35.4057108], [33.7826946, 35.4055598], [33.7828555, 35.405293]]}, "properties": {"feature_type": "road", "highway": "residential", "landuse": ""}}, {"type": "Feature", "geometry": {"type": "LineString", "coordinates": [[33.8248551, 35.267552], [33.8248524, 35.2673615], [33.8248068, 35.2671753], [33.8247903, 35.2671152], [33.8245922, 35.2663935], [33.8245279, 35.2660475], [33.8244762, 35.2659051], [33.8243275, 35.2654956], [33.8242623, 35.2653161], [33.8240604, 35.2647804], [33.8238204, 35.2641438], [33.8235968, 35.2635506], [33.8235378, 35.2633941], [33.8233248, 35.2629102], [33.8231215, 35.2623894]]}, "properties": {"feature_type": "road", "highway": "residential", "landuse": ""}}, {"type": "Feature", "geometry": {"type": "LineString", "coordinates": [[33.8228153, 35.2693313], [33.8228287, 35.2690598], [33.8228689, 35.2689174], [33.822936, 35.2688079], [33.8230057, 35.2686831], [33.8231854, 35.2685561], [33.8233222, 35.2684948], [33.8235019, 35.268451], [33.8236977, 35.2684072], [33.8238426, 35.2683371], [33.8239954, 35.2681969], [33.8241859, 35.2679823], [33.8242798, 35.2678115], [33.8243522, 35.2675662], [33.8243978, 35.2672246], [33.8244353, 35.2671742], [33.8247903, 35.2671152]]}, "properties": {"feature_type": "road", "highway": "residential", "landuse": ""}}, {"type": "Feature", "geometry": {"type": "LineString", "coordinates": [[33.8242798, 35.2678115], [33.824666, 35.267956], [33.8252373, 35.2682123]]}, "properties": {"feature_type": "road", "highway": "residential", "landuse": ""}}, {"type": "Feature", "geometry": {"type": "LineString", "coordinates": [[33.8253779, 35.2681095], [33.8253352, 35.2678958], [33.8253003, 35.2677666], [33.8252387, 35.2677031], [33.8248551, 35.267552], [33.824666, 35.267956]]}, "properties": {"feature_type": "road", "highway": "residential", "landuse": ""}}, {"type": "Feature", "geometry": {"type": "LineString", "coordinates": [[33.5812797, 35.3407149], [33.5813083, 35.3406788], [33.5814385, 35.3405539], [33.5815419, 35.3403639], [33.5815708, 35.3403122], [33.5817296, 35.340239], [33.581944, 35.3401915], [33.5820378, 35.3401767], [33.5821832, 35.3401313], [33.5823842, 35.3401294], [33.5825939, 35.3401929], [33.58279, 35.3402611], [33.5830209, 35.3403082], [33.5832624, 35.3403057], [33.5840647, 35.3402405], [33.5843075, 35.3402177], [33.5846642, 35.3401573], [33.5849133, 35.3401051], [33.5851507, 35.3400258], [33.5858456, 35.3398098], [33.5860252, 35.3397452], [33.5862788, 35.339698], [33.5867613, 35.3394731], [33.5870177, 35.3393141], [33.5871443, 35.3392357], [33.5876574, 35.338967], [33.5877347, 35.3388937], [33.5879408, 35.3386984], [33.5882548, 35.3383548], [33.5883964, 35.3382028], [33.588451, 35.3381443], [33.5886065, 35.3379271], [33.5888362, 35.3376187]]}, "properties": {"feature_type": "road", "highway": "residential", "landuse": ""}}, {"type": "Feature", "geometry": {"type": "LineString", "coordinates": [[33.5820378, 35.3401767], [33.5821003, 35.3397662], [33.5821642, 35.3395187], [33.5822876, 35.3393831], [33.5823842, 35.3393043], [33.5824991, 35.3392497], [33.5826193, 35.3391864], [33.5826831, 35.3391158], [33.582771, 35.338965], [33.5830904, 35.3385742], [33.5832262, 35.3382224], [33.58333, 35.3378772], [33.5833866, 35.3376062]]}, "properties": {"feature_type": "road", "highway": "residential", "landuse": ""}}, {"type": "Feature", "geometry": {"type": "LineString", "coordinates": [[33.5826008, 35.3375426], [33.5830979, 35.3375565], [33.5833866, 35.3376062], [33.5836632, 35.3375993], [33.5839803, 35.3375572]]}, "properties": {"feature_type": "road", "highway": "residential", "landuse": ""}}, {"type": "Feature", "geometry": {"type": "LineString", "coordinates": [[33.5801637, 35.34002], [33.580423, 35.3400587], [33.5807415, 35.3401031], [33.5807875, 35.3400985], [33.5810689, 35.3401419], [33.5814595, 35.3402601], [33.5815708, 35.3403122]]}, "properties": {"feature_type": "road", "highway": "residential", "landuse": ""}}, {"type": "Feature", "geometry": {"type": "LineString", "coordinates": [[33.580578, 35.3405549], [33.5806665, 35.3402527], [33.5807415, 35.3401031], [33.5807699, 35.3400435], [33.5808278, 35.3398411], [33.5809271, 35.3397534], [33.580985, 35.3397163], [33.5810057, 35.3396353], [33.5809478, 35.3395273], [33.5808858, 35.3394126], [33.5809023, 35.3392877], [33.5809769, 35.3391705], [33.581014, 35.3391123], [33.5812828, 35.3387344], [33.5813587, 35.3386655], [33.5815021, 35.3385353], [33.5817378, 35.3383227], [33.5818484, 35.3381972]]}, "properties": {"feature_type": "road", "highway": "residential", "landuse": ""}}, {"type": "Feature", "geometry": {"type": "LineString", "coordinates": [[33.5806794, 35.3412127], [33.581056, 35.3406423]]}, "properties": {"feature_type": "road", "highway": "residential", "landuse": ""}}, {"type": "Feature", "geometry": {"type": "LineString", "coordinates": [[33.5811771, 35.3414937], [33.5812922, 35.3413266], [33.5814164, 35.3412681], [33.581668, 35.3408475]]}, "properties": {"feature_type": "road", "highway": "unclassified", "landuse": ""}}, {"type": "Feature", "geometry": {"type": "LineString", "coordinates": [[33.5816203, 35.3416625], [33.5818833, 35.3417231], [33.5821481, 35.3417439], [33.5822289, 35.3417195]]}, "properties": {"feature_type": "road", "highway": "residential", "landuse": ""}}, {"type": "Feature", "geometry": {"type": "LineString", "coordinates": [[33.581668, 35.3408475], [33.5817645, 35.3406596], [33.5818927, 35.3406128], [33.5819669, 35.3406085], [33.5820733, 35.3405364], [33.5821261, 35.3403703], [33.5821832, 35.3401313]]}, "properties": {"feature_type": "road", "highway": "residential", "landuse": ""}}, {"type": "Feature", "geometry": {"type": "LineString", "coordinates": [[33.580985, 35.3397163], [33.5813224, 35.3398183], [33.581516, 35.339905], [33.5815739, 35.3399627], [33.5817732, 35.3400763], [33.581944, 35.3401915]]}, "properties": {"feature_type": "road", "highway": "residential", "landuse": ""}}, {"type": "Feature", "geometry": {"type": "LineString", "coordinates": [[33.581516, 35.339905], [33.5816125, 35.3397368], [33.5817144, 35.3395442], [33.5817202, 35.3394834], [33.5817305, 35.3393736], [33.5818164, 35.3391198], [33.5819129, 35.3389403], [33.5820041, 35.3388091], [33.5820417, 35.3385684], [33.5820417, 35.3383846], [33.5819515, 35.3381592]]}, "properties": {"feature_type": "road", "highway": "residential", "landuse": ""}}, {"type": "Feature", "geometry": {"type": "LineString", "coordinates": [[33.5839612, 35.3355517], [33.5834166, 35.3354339], [33.5830369, 35.3353539], [33.5827075, 35.3352915], [33.5823789, 35.3352219], [33.5822323, 35.3351948], [33.5821044, 35.3351632]]}, "properties": {"feature_type": "road", "highway": "residential", "landuse": ""}}, {"type": "Feature", "geometry": {"type": "LineString", "coordinates": [[33.5852242, 35.3349113], [33.5852657, 35.3345504], [33.5853371, 35.3342356], [33.5854555, 35.3337533], [33.5855045, 35.3335089], [33.5855698, 35.3332645], [33.585608, 35.3330249], [33.5856159, 35.3329888], [33.5856385, 35.3329578], [33.5856786, 35.3329382], [33.5857372, 35.3329374], [33.5858051, 35.332962], [33.5860763, 35.3330511], [33.5861716, 35.3330803], [33.5862863, 35.3330883], [33.5864458, 35.3330995], [33.5865448, 35.3331261], [33.5866356, 35.3331791], [33.5867716, 35.333263], [33.5868629, 35.3333698], [33.5869151, 35.3334434], [33.5869921, 35.3335018], [33.5877276, 35.3340017], [33.5882404, 35.3343014], [33.588653, 35.3345074], [33.588948, 35.334605], [33.5891209, 35.3346634], [33.589293, 35.3347096], [33.589452, 35.3347127], [33.5895904, 35.3346759], [33.58981, 35.3345637], [33.5898848, 35.3345335], [33.5899678, 35.3345116], [33.5900394, 35.334527], [33.5902151, 35.3345849], [33.5903526, 35.3346489], [33.5907947, 35.3348994], [33.5911473, 35.335066], [33.5911916, 35.3350965], [33.5912178, 35.3351366], [33.5912248, 35.3351716], [33.5912033, 35.3352149], [33.5909939, 35.3353664], [33.5907724, 35.3357748], [33.5906856, 35.3359348]]}, "properties": {"feature_type": "road", "highway": "residential", "landuse": ""}}, {"type": "Feature", "geometry": {"type": "LineString", "coordinates": [[33.5845521, 35.3375489], [33.5846568, 35.3375533], [33.5849959, 35.3375615], [33.5851685, 35.3375552], [33.5855164, 35.3375369], [33.586085, 35.3374897], [33.5861964, 35.3374824], [33.5863146, 35.3374703], [33.5869461, 35.3374096], [33.5870795, 35.3374122], [33.587177, 35.3374137], [33.5874754, 35.33738], [33.5878804, 35.3372831], [33.5889718, 35.3366885]]}, "properties": {"feature_type": "road", "highway": "residential", "landuse": ""}}, {"type": "Feature", "geometry": {"type": "LineString", "coordinates": [[33.5860252, 35.3397452], [33.5861255, 35.3382202], [33.5863146, 35.3374703]]}, "properties": {"feature_type": "road", "highway": "residential", "landuse": ""}}, {"type": "Feature", "geometry": {"type": "LineString", "coordinates": [[33.5870177, 35.3393141], [33.5870563, 35.338317], [33.587177, 35.3374137]]}, "properties": {"feature_type": "road", "highway": "residential", "landuse": ""}}, {"type": "Feature", "geometry": {"type": "LineString", "coordinates": [[33.5877347, 35.3388937], [33.5878413, 35.3379214], [33.5878527, 35.3378187], [33.5879038, 35.3373595], [33.5878804, 35.3372831], [33.5878678, 35.3371889], [33.5878102, 35.3368955], [33.5878156, 35.3367624], [33.5878374, 35.3366472], [33.5879059, 35.3365585], [33.5879893, 35.3364797], [33.5880868, 35.3363862], [33.5881274, 35.3363137], [33.5881433, 35.3362408], [33.5881446, 35.3361852], [33.5881169, 35.3361283], [33.5880381, 35.3360665], [33.587891, 35.3359754], [33.5873964, 35.3356372], [33.5869887, 35.3353785], [33.5864684, 35.3350722], [33.5856361, 35.3345392]]}, "properties": {"feature_type": "road", "highway": "residential", "landuse": ""}}, {"type": "Feature", "geometry": {"type": "LineString", "coordinates": [[33.5851575, 35.3349546], [33.586399, 35.3356667], [33.586911, 35.3360153], [33.5869897, 35.3360277]]}, "properties": {"feature_type": "road", "highway": "residential", "landuse": ""}}, {"type": "Feature", "geometry": {"type": "LineString", "coordinates": [[33.5809769, 35.3391705], [33.5812067, 35.3392583], [33.5813607, 35.3393497], [33.5814588, 35.3394868], [33.5815638, 35.3395154], [33.5817202, 35.3394834], [33.5821642, 35.3395187]]}, "properties": {"feature_type": "road", "highway": "residential", "landuse": ""}}, {"type": "Feature", "geometry": {"type": "LineString", "coordinates": [[33.5826831, 35.3391158], [33.5827881, 35.3391381], [33.5830611, 35.3391979], [33.5833807, 35.3392887], [33.5836855, 35.3393265], [33.5842874, 35.3393756]]}, "properties": {"feature_type": "road", "highway": "residential", "landuse": ""}}, {"type": "Feature", "geometry": {"type": "LineString", "coordinates": [[33.5851685, 35.3375552], [33.5852014, 35.3372719], [33.58526, 35.3370252], [33.5854245, 35.3365018]]}, "properties": {"feature_type": "road", "highway": "residential", "landuse": ""}}, {"type": "Feature", "geometry": {"type": "LineString", "coordinates": [[33.586085, 35.3374897], [33.5861636, 35.3368135], [33.5861691, 35.3365767]]}, "properties": {"feature_type": "road", "highway": "residential", "landuse": ""}}, {"type": "Feature", "geometry": {"type": "LineString", "coordinates": [[33.5869461, 35.3374096], [33.5870113, 35.3370962], [33.5870968, 35.3368209]]}, "properties": {"feature_type": "road", "highway": "residential", "landuse": ""}}, {"type": "Feature", "geometry": {"type": "LineString", "coordinates": [[33.5849133, 35.3401051], [33.5850207, 35.340174], [33.5852566, 35.3401867], [33.5854775, 35.340166], [33.5857357, 35.3402253], [33.586019, 35.340362], [33.5864518, 35.3405262], [33.5869082, 35.340651], [33.5874281, 35.3407734], [33.5876483, 35.3408284], [33.5880459, 35.3408529], [33.588335, 35.3408539], [33.5886128, 35.3408548]]}, "properties": {"feature_type": "road", "highway": "residential", "landuse": ""}}, {"type": "Feature", "geometry": {"type": "LineString", "coordinates": [[33.5834948, 35.3422473], [33.5836262, 35.3420622], [33.5837131, 35.341861], [33.5837802, 35.3415654], [33.583834, 35.3412578], [33.5838845, 35.3410579]]}, "properties": {"feature_type": "road", "highway": "residential", "landuse": ""}}, {"type": "Feature", "geometry": {"type": "LineString", "coordinates": [[33.582681, 35.3336615], [33.582969, 35.3331304]]}, "properties": {"feature_type": "road", "highway": "residential", "landuse": ""}}, {"type": "Feature", "geometry": {"type": "LineString", "coordinates": [[33.5795989, 35.3409015], [33.5796507, 35.3411256], [33.5795274, 35.341347], [33.5794616, 35.3415013], [33.5794533, 35.3416489], [33.5795767, 35.3418032], [33.5795849, 35.3419977], [33.5796014, 35.3421654]]}, "properties": {"feature_type": "road", "highway": "residential", "landuse": ""}}, {"type": "Feature", "geometry": {"type": "LineString", "coordinates": [[33.5795302, 35.3399993], [33.5796081, 35.3398481], [33.5797777, 35.3396059], [33.5798805, 35.339507], [33.579997, 35.3396287], [33.5801942, 35.3397872], [33.5802321, 35.3398503]]}, "properties": {"feature_type": "road", "highway": "residential", "landuse": ""}}, {"type": "Feature", "geometry": {"type": "LineString", "coordinates": [[33.57944, 35.3403396], [33.5794787, 35.3401301], [33.5795302, 35.3399993], [33.5794539, 35.3398976], [33.57935, 35.3398017], [33.5792932, 35.3397298], [33.5792873, 35.3395891], [33.5793935, 35.3391962], [33.5794089, 35.339096], [33.5793501, 35.338975], [33.5791952, 35.3388452], [33.5791232, 35.3387547], [33.5791029, 35.3386653], [33.5791623, 35.3385538], [33.5792643, 35.3384466], [33.5793118, 35.3382625], [33.5792455, 35.3378464], [33.5792345, 35.3376213], [33.5791513, 35.3373587], [33.5790413, 35.3372036], [33.5788916, 35.337105], [33.5787074, 35.337105], [33.5784283, 35.3371583], [33.5781756, 35.3372496], [33.5778856, 35.3374234], [33.577786, 35.3374645], [33.5776802, 35.3374768], [33.5775866, 35.3374493], [33.577518, 35.3374013], [33.5773713, 35.3371501], [33.577323, 35.3371171], [33.5772667, 35.3371098], [33.5771916, 35.3371364], [33.5767341, 35.3374108], [33.5766556, 35.3374341], [33.5765727, 35.3374455], [33.5762334, 35.3374353], [33.5760878, 35.3374576], [33.5759616, 35.3375101], [33.5757191, 35.3377452], [33.5755825, 35.3379196], [33.5750049, 35.3383641], [33.574765, 35.3386787], [33.5746548, 35.3388025], [33.5742697, 35.3390579], [33.574158, 35.3391102], [33.5738309, 35.3391995], [33.573533, 35.3392081], [33.5732529, 35.339279], [33.5729887, 35.3394184], [33.5727797, 35.3396135], [33.5727389, 35.3397594], [33.5727741, 35.3399242], [33.5729243, 35.3403589], [33.5729363, 35.3405761], [33.5728648, 35.340691], [33.5725882, 35.3408967], [33.572359, 35.3409784]]}, "properties": {"feature_type": "road", "highway": "tertiary", "landuse": ""}}, {"type": "Feature", "geometry": {"type": "LineString", "coordinates": [[33.5847629, 35.3463448], [33.585134, 35.3463696], [33.5858819, 35.3464327], [33.5863142, 35.3464692], [33.586395, 35.346457], [33.5865207, 35.3464331], [33.5866399, 35.3463568], [33.5865931, 35.3462931], [33.5864638, 35.3462646], [33.5860097, 35.3461345], [33.5859105, 35.3460925], [33.5858729, 35.3460229], [33.5858252, 35.3458975], [33.5857783, 35.3456617], [33.5857626, 35.3454571], [33.5857308, 35.3454169], [33.5856647, 35.3453807], [33.5853218, 35.3452714], [33.5852321, 35.3452727], [33.5851771, 35.3453332], [33.5851474, 35.3454016], [33.5851365, 35.3455046], [33.5851365, 35.3459598], [33.585134, 35.3463696]]}, "properties": {"feature_type": "road", "highway": "residential", "landuse": ""}}, {"type": "Feature", "geometry": {"type": "LineString", "coordinates": [[33.5850307, 35.3471294], [33.5847652, 35.346786], [33.5846775, 35.3466278], [33.5846552, 35.3464981], [33.5846726, 35.3463526], [33.5847629, 35.3463448]]}, "properties": {"feature_type": "road", "highway": "residential", "landuse": ""}}, {"type": "Feature", "geometry": {"type": "LineString", "coordinates": [[33.6988224, 35.3615456], [33.6987211, 35.3617835], [33.6986923, 35.3618995], [33.698679, 35.3620264], [33.6986746, 35.3622782], [33.698675, 35.3623751], [33.6986676, 35.362474], [33.6986272, 35.3626504], [33.6985614, 35.3629604], [33.6984058, 35.3635811], [33.6983608, 35.3638253], [33.6983635, 35.3639786], [33.6983796, 35.3642783], [33.6983326, 35.3647868], [33.6983098, 35.3652285], [33.6983085, 35.3652733], [33.6983206, 35.365326], [33.6984038, 35.3655414], [33.6985445, 35.3661985], [33.6985432, 35.3662631], [33.6985284, 35.3663343], [33.6984453, 35.366578], [33.6984306, 35.3666799], [33.6984265, 35.3669904], [33.698405, 35.3670811], [33.6983662, 35.3671753], [33.6981623, 35.3674857], [33.6981435, 35.3675502], [33.6981557, 35.3675941], [33.6981945, 35.3676312], [33.6982831, 35.3676882], [33.6983206, 35.3677243], [33.6985673, 35.3676696], [33.6988141, 35.3675526], [33.6990877, 35.3674082], [33.699254, 35.3673164], [33.6994954, 35.3672989], [33.6998495, 35.3673951], [33.7001821, 35.3674913], [33.7004878, 35.3676401], [33.7006059, 35.3677844], [33.7005737, 35.3680075], [33.700461, 35.3682962], [33.700284, 35.3683706], [33.7000694, 35.3683706], [33.6999675, 35.3684625], [33.6998495, 35.3687118], [33.6997315, 35.368808], [33.6993452, 35.3688912], [33.6991896, 35.3689699], [33.6990073, 35.3693855], [33.6987852, 35.3699975]]}, "properties": {"feature_type": "road", "highway": "residential", "landuse": ""}}, {"type": "Feature", "geometry": {"type": "LineString", "coordinates": [[33.695633, 35.3686539], [33.6957467, 35.3685524], [33.6958985, 35.3685188], [33.6959709, 35.3685028], [33.6961828, 35.3684711], [33.6964475, 35.3683943], [33.6968018, 35.3680958], [33.6971353, 35.3677084], [33.6973075, 35.3674847], [33.6974099, 35.3673808], [33.6975688, 35.3673592], [33.6977197, 35.3674015], [33.697836, 35.3675208], [33.6979388, 35.3677277], [33.6980245, 35.367784], [33.6981221, 35.3678149], [33.6982307, 35.3678149], [33.6982937, 35.367769], [33.6983206, 35.3677243]]}, "properties": {"feature_type": "road", "highway": "residential", "landuse": ""}}, {"type": "Feature", "geometry": {"type": "LineString", "coordinates": [[33.6609719, 35.264428], [33.6608676, 35.2643748], [33.6599938, 35.2641279], [33.6598963, 35.2641376], [33.6596967, 35.2641488], [33.6593838, 35.2641943], [33.6588407, 35.2643567], [33.6587028, 35.264386]]}, "properties": {"feature_type": "road", "highway": "residential", "landuse": ""}}, {"type": "Feature", "geometry": {"type": "LineString", "coordinates": [[33.6611456, 35.2637141], [33.6608515, 35.263731], [33.6604421, 35.2637603], [33.6602358, 35.2637858], [33.6600839, 35.2638679], [33.6599838, 35.2639533], [33.6599281, 35.264053], [33.6598963, 35.2641376], [33.6598196, 35.2643994], [33.6598156, 35.2645868], [33.6598395, 35.2646934], [33.6598994, 35.2647696], [33.6601241, 35.2648526], [33.6603284, 35.2648844], [33.6605327, 35.2649035], [33.6609853, 35.2650117], [33.6612213, 35.2650772]]}, "properties": {"feature_type": "road", "highway": "residential", "landuse": ""}}, {"type": "Feature", "geometry": {"type": "LineString", "coordinates": [[33.6570429, 35.2658095], [33.6574808, 35.2657642], [33.6577991, 35.2656949], [33.658005, 35.2656534], [33.6586032, 35.2654571], [33.6590904, 35.2652405], [33.6593803, 35.265014], [33.6596578, 35.2648327], [33.6598994, 35.2647696]]}, "properties": {"feature_type": "road", "highway": "residential", "landuse": ""}}, {"type": "Feature", "geometry": {"type": "LineString", "coordinates": [[33.6555521, 35.2696164], [33.6563953, 35.2691992], [33.6571692, 35.2687204], [33.6580327, 35.2679422], [33.6586111, 35.2673569], [33.659496, 35.2665722]]}, "properties": {"feature_type": "road", "highway": "residential", "landuse": ""}}, {"type": "Feature", "geometry": {"type": "LineString", "coordinates": [[33.6605327, 35.2649035], [33.6604589, 35.2654034], [33.6605575, 35.2656611], [33.6605918, 35.2656861], [33.6608666, 35.2658866], [33.6613466, 35.2662141], [33.6616228, 35.2664933]]}, "properties": {"feature_type": "road", "highway": "residential", "landuse": ""}}, {"type": "Feature", "geometry": {"type": "LineString", "coordinates": [[33.6595773, 35.2663179], [33.6599875, 35.2663917], [33.660028, 35.2663944], [33.6600652, 35.2663903], [33.6601007, 35.2663724], [33.6601159, 35.2663351], [33.6601856, 35.2660954], [33.6603415, 35.2658662], [33.6605918, 35.2656861], [33.6607703, 35.2654683], [33.6609263, 35.2652773], [33.6611329, 35.2651086], [33.6612213, 35.2650772], [33.6613358, 35.2650627], [33.6614522, 35.2650292], [33.661589, 35.264938], [33.6618564, 35.2645918], [33.6619375, 35.2645162], [33.6621352, 35.2643134], [33.662267, 35.2641457], [33.662348, 35.2639867], [33.6624144, 35.2638232], [33.6624556, 35.2636563], [33.662478, 35.2635048]]}, "properties": {"feature_type": "road", "highway": "residential", "landuse": ""}}, {"type": "Feature", "geometry": {"type": "LineString", "coordinates": [[33.6599281, 35.264053], [33.6598396, 35.2627888], [33.6598489, 35.2627526], [33.6598697, 35.2627324], [33.6599059, 35.2627165], [33.6599375, 35.2627138], [33.6601943, 35.2627077], [33.6602372, 35.2627099], [33.6602902, 35.2627192], [33.660319, 35.2627296], [33.6605878, 35.2628959]]}, "properties": {"feature_type": "road", "highway": "residential", "landuse": ""}}, {"type": "Feature", "geometry": {"type": "LineString", "coordinates": [[33.6593803, 35.265014], [33.6594861, 35.2655992]]}, "properties": {"feature_type": "road", "highway": "residential", "landuse": ""}}, {"type": "Feature", "geometry": {"type": "LineString", "coordinates": [[33.6577991, 35.2656949], [33.6578795, 35.2662578], [33.6579037, 35.266307], [33.6579761, 35.266353], [33.6580659, 35.2663738], [33.6585993, 35.2664492], [33.6591116, 35.2664636], [33.659496, 35.2665722]]}, "properties": {"feature_type": "road", "highway": "residential", "landuse": ""}}, {"type": "Feature", "geometry": {"type": "LineString", "coordinates": [[33.6343341, 35.3095157], [33.634173, 35.3095491], [33.6339325, 35.3096586], [33.6338363, 35.3096757], [33.6336293, 35.309644], [33.6334552, 35.3097687], [33.6334306, 35.30982], [33.6334114, 35.30986], [33.6335525, 35.3100505], [33.6336838, 35.3102568], [33.6339814, 35.3105289]]}, "properties": {"feature_type": "road", "highway": "residential", "landuse": ""}}, {"type": "Feature", "geometry": {"type": "LineString", "coordinates": [[33.6316252, 35.3106341], [33.6318494, 35.3104541], [33.632116, 35.3101298], [33.6323147, 35.3099479], [33.6324746, 35.3098688], [33.6325452, 35.3098261], [33.6327704, 35.3096448], [33.6328134, 35.3095767], [33.632887, 35.3093648], [33.6328962, 35.3093389], [33.6329319, 35.3092786], [33.6329641, 35.3092242], [33.6331337, 35.3090897], [33.6332597, 35.3089987], [33.6333954, 35.3089711], [33.6335699, 35.3090383], [33.6337589, 35.3091372], [33.6340787, 35.3092321], [33.634195, 35.3092795], [33.6343672, 35.3094582]]}, "properties": {"feature_type": "road", "highway": "residential", "landuse": ""}}, {"type": "Feature", "geometry": {"type": "LineString", "coordinates": [[33.6328138, 35.3108732], [33.6328759, 35.310387], [33.6330144, 35.3103238], [33.6332058, 35.3100911], [33.6334306, 35.30982]]}, "properties": {"feature_type": "road", "highway": "residential", "landuse": ""}}, {"type": "Feature", "geometry": {"type": "LineString", "coordinates": [[33.632887, 35.3093648], [33.6331738, 35.3094415], [33.6334082, 35.3095148], [33.6336293, 35.309644]]}, "properties": {"feature_type": "road", "highway": "residential", "landuse": ""}}, {"type": "Feature", "geometry": {"type": "LineString", "coordinates": [[33.6313715, 35.3106367], [33.6314301, 35.3103547], [33.6316765, 35.3101033], [33.6318121, 35.3098921], [33.6320155, 35.3094999], [33.6320993, 35.3092861], [33.6321633, 35.3091227], [33.6323667, 35.3087758], [33.6325361, 35.308614], [33.6326563, 35.3084992], [33.6328173, 35.3082806], [33.6329583, 35.3080969], [33.6332109, 35.3078052], [33.6336422, 35.3077751], [33.6340366, 35.3076996], [33.6348377, 35.3076795], [33.6358051, 35.307589], [33.6362878, 35.3075861]]}, "properties": {"feature_type": "road", "highway": "unclassified", "landuse": ""}}, {"type": "Feature", "geometry": {"type": "LineString", "coordinates": [[33.6325361, 35.308614], [33.6329319, 35.3092786]]}, "properties": {"feature_type": "road", "highway": "residential", "landuse": ""}}, {"type": "Feature", "geometry": {"type": "LineString", "coordinates": [[33.6340787, 35.3092321], [33.6341414, 35.3090533], [33.6339685, 35.3088087], [33.6336687, 35.3085829], [33.6334497, 35.3085594], [33.6332018, 35.3085406], [33.6329539, 35.3084042], [33.6328173, 35.3082806], [33.6327217, 35.3081941], [33.6326887, 35.3081642], [33.6322699, 35.307917], [33.6319609, 35.3077023], [33.6317731, 35.3075009], [33.6315961, 35.3072995], [33.6314137, 35.3071988]]}, "properties": {"feature_type": "road", "highway": "residential", "landuse": ""}}, {"type": "Feature", "geometry": {"type": "LineString", "coordinates": [[33.6086695, 35.2452086], [33.6079113, 35.2463402], [33.6071398, 35.2474761], [33.60688, 35.2480111], [33.6064696, 35.2484054], [33.6062872, 35.2485806], [33.6058524, 35.2492635], [33.6054232, 35.2500345], [33.6050584, 35.2505953], [33.6046909, 35.2510018], [33.6043819, 35.2512565], [33.6042426, 35.2513867], [33.6036333, 35.2519359], [33.6035272, 35.2520641], [33.6032749, 35.2523366], [33.6031941, 35.2524948], [33.6031524, 35.252674], [33.6031329, 35.2528392], [33.6031188, 35.2530015]]}, "properties": {"feature_type": "road", "highway": "tertiary", "landuse": ""}}, {"type": "Feature", "geometry": {"type": "LineString", "coordinates": [[33.6055798, 35.2516053], [33.6056764, 35.2515096], [33.6055492, 35.2514441], [33.6053078, 35.2513078], [33.6050766, 35.251182], [33.6046909, 35.2510018]]}, "properties": {"feature_type": "road", "highway": "residential", "landuse": ""}}, {"type": "Feature", "geometry": {"type": "LineString", "coordinates": [[33.6031188, 35.2530015], [33.602689, 35.2531676], [33.6023697, 35.2533477], [33.6021036, 35.2535235], [33.601936, 35.2536385], [33.6018252, 35.2537146], [33.6017194, 35.2537926], [33.6014099, 35.2540735], [33.6010014, 35.2544747], [33.6008498, 35.2546475], [33.6006246, 35.2549857], [33.6004451, 35.2552879], [33.6003304, 35.2555115], [33.6003064, 35.2555882], [33.6002675, 35.2558055], [33.6002706, 35.2561112], [33.6002441, 35.2563525], [33.6002069, 35.2564641]]}, "properties": {"feature_type": "road", "highway": "tertiary", "landuse": ""}}, {"type": "Feature", "geometry": {"type": "LineString", "coordinates": [[33.5980521, 35.2580757], [33.5971837, 35.2587877], [33.5966695, 35.2591297], [33.5963418, 35.2592787], [33.5959645, 35.2593837], [33.5955954, 35.259553], [33.5951724, 35.2597155], [33.594484, 35.2598713], [33.5941108, 35.2599695], [33.5935799, 35.2602031], [33.5931196, 35.260342], [33.5922529, 35.2606332], [33.5918506, 35.2607788], [33.5914567, 35.2610192], [33.5910213, 35.2612088], [33.5908429, 35.2613172], [33.5906356, 35.2614967], [33.5902955, 35.2619368], [33.5899555, 35.2623195], [33.5895325, 35.2627393], [33.589068, 35.2631965], [33.5888399, 35.2634978], [33.5888068, 35.2636874], [33.5888565, 35.2639211], [33.5889021, 35.2642191], [33.588898, 35.264429], [33.5888607, 35.2647032], [33.5888275, 35.2650655], [33.5888192, 35.265482], [33.5887777, 35.265912], [33.5886658, 35.2661998], [33.5885496, 35.2663624], [33.5882552, 35.2668432], [33.5878944, 35.2672698], [33.5873131, 35.2678324], [33.5866674, 35.268401], [33.586448, 35.2687188], [33.5863489, 35.2690656], [33.5863064, 35.269655]]}, "properties": {"feature_type": "road", "highway": "tertiary", "landuse": ""}}, {"type": "Feature", "geometry": {"type": "LineString", "coordinates": [[33.5863064, 35.269655], [33.5862304, 35.2699743], [33.5860605, 35.2703037], [33.5858128, 35.2705811], [33.5855933, 35.2707775], [33.585289, 35.2710318], [33.5850554, 35.271315], [33.5848076, 35.2716386], [33.5845033, 35.2718987], [33.5841069, 35.2721876], [33.5838096, 35.2723552], [33.5834273, 35.2725401], [33.5830168, 35.272725], [33.5826629, 35.2729158], [33.5822877, 35.2732394], [33.5820187, 35.2735168], [33.5817285, 35.2738577], [33.5814242, 35.2742275], [33.581226, 35.2745107], [33.5810844, 35.2746378], [33.5808437, 35.2748401], [33.5807022, 35.2750192], [33.5805111, 35.2753255], [33.5804261, 35.2755567], [33.5802987, 35.2757936], [33.5799872, 35.2762732], [33.579605, 35.2769262], [33.5794233, 35.2772053], [33.5791874, 35.2775676], [33.578975, 35.2778681], [33.578614, 35.2782668], [33.5781725, 35.2787013], [33.5780973, 35.2787753], [33.5777009, 35.2790989], [33.5773895, 35.2792203], [33.5770568, 35.2793185], [33.5770166, 35.2793499], [33.5767241, 35.2795785], [33.5764693, 35.2796594], [33.5762074, 35.2796363], [33.5759738, 35.2795496], [33.575719, 35.2795901], [33.5748483, 35.279983], [33.5743355, 35.280204], [33.5741939, 35.2803369], [33.5741727, 35.2805391], [33.5743638, 35.2808222], [33.5745993, 35.2810751], [33.5746804, 35.2812036], [33.5747391, 35.2813776]]}, "properties": {"feature_type": "road", "highway": "tertiary", "landuse": ""}}, {"type": "Feature", "geometry": {"type": "LineString", "coordinates": [[33.8251455, 35.2704615], [33.8249388, 35.2709046], [33.8247331, 35.2713491], [33.8247141, 35.2715921], [33.8246902, 35.2718972], [33.8246913, 35.272164], [33.8246968, 35.2728603]]}, "properties": {"feature_type": "road", "highway": "residential", "landuse": ""}}, {"type": "Feature", "geometry": {"type": "LineString", "coordinates": [[33.826278, 35.2707777], [33.826105, 35.2708379], [33.82594, 35.2709857], [33.8258059, 35.2711073], [33.8256375, 35.2712952], [33.8252672, 35.2715439], [33.8250104, 35.2716219], [33.8247141, 35.2715921]]}, "properties": {"feature_type": "road", "highway": "residential", "landuse": ""}}, {"type": "Feature", "geometry": {"type": "LineString", "coordinates": [[33.826105, 35.2708379], [33.8259296, 35.2706739], [33.8256689, 35.2703409], [33.8256475, 35.2702068]]}, "properties": {"feature_type": "road", "highway": "residential", "landuse": ""}}, {"type": "Feature", "geometry": {"type": "LineString", "coordinates": [[33.8260916, 35.2694791], [33.825844, 35.2695467], [33.825807, 35.2697301], [33.8261613, 35.2697419]]}, "properties": {"feature_type": "road", "highway": "residential", "landuse": ""}}, {"type": "Feature", "geometry": {"type": "LineString", "coordinates": [[33.8270645, 35.2715921], [33.8270732, 35.2709424], [33.8270624, 35.2705543], [33.826913, 35.2702682], [33.8267774, 35.2700871], [33.8264508, 35.2699965], [33.8262089, 35.2699611]]}, "properties": {"feature_type": "road", "highway": "residential", "landuse": ""}}, {"type": "Feature", "geometry": {"type": "LineString", "coordinates": [[33.8270624, 35.2705543], [33.8276764, 35.2706043], [33.8280084, 35.2706275], [33.8283405, 35.2705779], [33.8286279, 35.2705074], [33.829041, 35.270406], [33.8292273, 35.270396], [33.8293123, 35.2704357], [33.8293204, 35.2705283], [33.8292921, 35.2706704]]}, "properties": {"feature_type": "road", "highway": "residential", "landuse": ""}}, {"type": "Feature", "geometry": {"type": "LineString", "coordinates": [[33.8239954, 35.2681969], [33.8236835, 35.2675133], [33.8235939, 35.2671721], [33.8235044, 35.2668735]]}, "properties": {"feature_type": "road", "highway": "residential", "landuse": ""}}, {"type": "Feature", "geometry": {"type": "LineString", "coordinates": [[33.8247903, 35.2671152], [33.8251961, 35.2670188], [33.8255914, 35.267078], [33.8258385, 35.2672905], [33.8259637, 35.2675863], [33.825998, 35.2677215]]}, "properties": {"feature_type": "road", "highway": "residential", "landuse": ""}}, {"type": "Feature", "geometry": {"type": "LineString", "coordinates": [[33.7524173, 35.3734098], [33.7520358, 35.3734041], [33.7519164, 35.3734164], [33.7518159, 35.3734676], [33.7516935, 35.3736998], [33.7516107, 35.3738493], [33.751583, 35.3741195], [33.7515944, 35.3741946]]}, "properties": {"feature_type": "road", "highway": "tertiary", "landuse": ""}}, {"type": "Feature", "geometry": {"type": "LineString", "coordinates": [[33.738085, 35.3971167], [33.7381058, 35.397143], [33.7381357, 35.3971626], [33.7381697, 35.3971731], [33.738206, 35.3971749], [33.7382413, 35.3971677], [33.7382723, 35.3971522], [33.7382962, 35.3971299], [33.7383108, 35.3971028], [33.7383148, 35.3970733], [33.7383072, 35.3970429], [33.7382934, 35.3970232], [33.7382883, 35.397016], [33.73826, 35.3969952], [33.7382252, 35.3969828], [33.7381873, 35.3969798], [33.7381502, 35.3969867], [33.7381175, 35.3970026], [33.7380927, 35.3970262], [33.7380781, 35.3970551], [33.7380754, 35.3970863], [33.738085, 35.3971167]]}, "properties": {"feature_type": "road", "highway": "residential", "landuse": ""}}, {"type": "Feature", "geometry": {"type": "LineString", "coordinates": [[33.7459936, 35.2429303], [33.7460178, 35.2430499], [33.74603, 35.2431687], [33.7460324, 35.243273], [33.7460336, 35.2433223], [33.746027, 35.2433995], [33.7455703, 35.2460169], [33.7450855, 35.2487753], [33.7449678, 35.2494125], [33.744889, 35.2499223], [33.744828, 35.2503969], [33.7447977, 35.2508246], [33.7448148, 35.2511561], [33.7448247, 35.2512978], [33.7448351, 35.2514378], [33.7448887, 35.2517398], [33.7449105, 35.2518629], [33.745032, 35.2523668], [33.7453583, 35.2539083], [33.746248, 35.2577681], [33.7465148, 35.2589257], [33.7465795, 35.2591971]]}, "properties": {"feature_type": "road", "highway": "trunk", "landuse": ""}}, {"type": "Feature", "geometry": {"type": "LineString", "coordinates": [[33.7473901, 35.2615152], [33.7473269, 35.2613972], [33.747292, 35.2613146], [33.7472622, 35.2612439], [33.7466606, 35.258914], [33.746388, 35.2577352], [33.7454995, 35.2538926], [33.7454421, 35.2536233], [33.7451707, 35.2523492], [33.7450672, 35.2518574], [33.7449998, 35.2514327], [33.7449753, 35.2511503], [33.7449663, 35.2509794], [33.7449727, 35.2504119], [33.7450312, 35.2499321], [33.7450543, 35.2497881], [33.745113, 35.2494228], [33.7453174, 35.2483178], [33.7454719, 35.2474053], [33.7457022, 35.2460305], [33.7457133, 35.2459713], [33.7458214, 35.2453933]]}, "properties": {"feature_type": "road", "highway": "trunk", "landuse": ""}}, {"type": "Feature", "geometry": {"type": "LineString", "coordinates": [[33.7453439, 35.2511356], [33.7462296, 35.2506446], [33.7466934, 35.2503969], [33.7470375, 35.2502614], [33.747455, 35.2501437], [33.7481528, 35.2499504], [33.7488056, 35.2498338], [33.7500351, 35.2497361]]}, "properties": {"feature_type": "road", "highway": "unclassified", "landuse": ""}}, {"type": "Feature", "geometry": {"type": "LineString", "coordinates": [[33.7474364, 35.2626438], [33.7480734, 35.2621497], [33.7484134, 35.2621681], [33.7487311, 35.2621148], [33.7489639, 35.2620906], [33.7492829, 35.2620916], [33.7494279, 35.2620858], [33.7495728, 35.2620724], [33.7499427, 35.2620643]]}, "properties": {"feature_type": "road", "highway": "service", "landuse": ""}}, {"type": "Feature", "geometry": {"type": "LineString", "coordinates": [[33.7453439, 35.2511356], [33.7449753, 35.2511503]]}, "properties": {"feature_type": "road", "highway": "unclassified", "landuse": ""}}, {"type": "Feature", "geometry": {"type": "LineString", "coordinates": [[33.7101029, 35.3786296], [33.7102885, 35.3786785], [33.7104446, 35.3787342], [33.7105487, 35.3787713], [33.7107438, 35.3788508], [33.711004, 35.3789304], [33.7111829, 35.3789834], [33.7113943, 35.3790099], [33.7116545, 35.3790497], [33.7118334, 35.379063], [33.7119514, 35.3790892], [33.7120122, 35.3791027], [33.7121423, 35.3791293], [33.7122724, 35.3791558], [33.7125164, 35.379169], [33.7126302, 35.3791956], [33.7127765, 35.3792486], [33.7130205, 35.3793016], [33.7132156, 35.3793414], [33.7133782, 35.3794077], [33.7135409, 35.3795138], [33.7136872, 35.3796198], [33.7139311, 35.3796596], [33.7141263, 35.3797259], [33.7142726, 35.3798187], [33.7144353, 35.3798718], [33.7146467, 35.3798983], [33.7148743, 35.3798983], [33.7151345, 35.3798983], [33.7153459, 35.3799513], [33.7155899, 35.3800044], [33.715785, 35.3800839], [33.7159476, 35.3801502], [33.7161139, 35.3800651]]}, "properties": {"feature_type": "road", "highway": "residential", "landuse": ""}}, {"type": "Feature", "geometry": {"type": "Polygon", "coordinates": [[[33.7067401, 35.3779302], [33.706547, 35.3782889], [33.707137, 35.3785688], [33.7070298, 35.3789624], [33.7078881, 35.3794261], [33.7078022, 35.3796972], [33.7094008, 35.3800996], [33.7093472, 35.3803708], [33.7097978, 35.3805107], [33.7104446, 35.3787342], [33.7090468, 35.3780352], [33.7086813, 35.3786558], [33.7082254, 35.3786689], [33.7079008, 35.3784105], [33.7076171, 35.3782444], [33.7067401, 35.3779302]]]}, "properties": {"feature_type": "urban", "highway": "", "landuse": "residential"}}, {"type": "Feature", "geometry": {"type": "LineString", "coordinates": [[33.7282062, 35.2562802], [33.7280279, 35.2561094], [33.7279275, 35.2560093], [33.7278775, 35.2559522], [33.7278062, 35.2558632], [33.7277369, 35.2557519], [33.7274634, 35.2551762], [33.727264, 35.2548754], [33.7267503, 35.2543704], [33.7263138, 35.2541045], [33.7245972, 35.2530707], [33.7225598, 35.2520293], [33.7218768, 35.2516278], [33.7216898, 35.2514585], [33.7214264, 35.2511323], [33.7211799, 35.2508536], [33.7206572, 35.2504158], [33.7203205, 35.2501716], [33.7192824, 35.249576], [33.7190076, 35.2493291], [33.7187029, 35.2490021], [33.7184554, 35.2485662], [33.7180839, 35.2480587], [33.7155421, 35.245264], [33.7154026, 35.2447558], [33.7147906, 35.2424296]]}, "properties": {"feature_type": "road", "highway": "unclassified", "landuse": ""}}, {"type": "Feature", "geometry": {"type": "LineString", "coordinates": [[33.7277369, 35.2557519], [33.7272028, 35.2557371], [33.7268323, 35.2557617]]}, "properties": {"feature_type": "road", "highway": "service", "landuse": ""}}, {"type": "Feature", "geometry": {"type": "LineString", "coordinates": [[33.725329, 35.2589696], [33.7254254, 35.2588892], [33.7256589, 35.2589311], [33.725698, 35.2590437]]}, "properties": {"feature_type": "road", "highway": "service", "landuse": ""}}, {"type": "Feature", "geometry": {"type": "LineString", "coordinates": [[33.7309874, 35.2586193], [33.7309677, 35.2587154], [33.7307624, 35.2589322], [33.7304545, 35.2592443], [33.7302316, 35.2594697], [33.7300475, 35.2597182], [33.7299312, 35.259977]]}, "properties": {"feature_type": "road", "highway": "residential", "landuse": ""}}, {"type": "Feature", "geometry": {"type": "LineString", "coordinates": [[33.7234883, 35.2582715], [33.7235051, 35.258174], [33.7235818, 35.2581272], [33.7237646, 35.2581154], [33.7240672, 35.2580713], [33.7244453, 35.2579882], [33.7249683, 35.2578295], [33.72514, 35.2577375], [33.7251883, 35.2576105], [33.7250595, 35.2574878], [33.7249362, 35.2573564], [33.7248986, 35.2572469]]}, "properties": {"feature_type": "road", "highway": "service", "landuse": ""}}, {"type": "Feature", "geometry": {"type": "LineString", "coordinates": [[33.7290934, 35.2585279], [33.7290221, 35.2593662], [33.7289908, 35.2599096]]}, "properties": {"feature_type": "road", "highway": "residential", "landuse": ""}}, {"type": "Feature", "geometry": {"type": "LineString", "coordinates": [[33.7290221, 35.2593662], [33.7292963, 35.2593526], [33.729507, 35.2593444]]}, "properties": {"feature_type": "road", "highway": "residential", "landuse": ""}}, {"type": "Feature", "geometry": {"type": "LineString", "coordinates": [[33.6526371, 35.3551352], [33.6526825, 35.35508], [33.6527151, 35.3550158], [33.6527331, 35.3549025], [33.6527645, 35.3547032], [33.6527697, 35.3544139], [33.6527433, 35.3543081], [33.6526932, 35.3541407], [33.6525563, 35.3540656], [33.6524884, 35.3540032], [33.6524075, 35.353917], [33.6521033, 35.3538393], [33.6518655, 35.3536776], [33.6515937, 35.3535829], [33.6512369, 35.353509], [33.6509595, 35.3533982], [33.6508133, 35.353351], [33.6505574, 35.3533197], [33.6499316, 35.3532947], [33.6497477, 35.3532874], [33.64949, 35.3532366], [33.6489607, 35.3531018], [33.6489096, 35.3530888], [33.6486916, 35.3530126], [33.6485953, 35.3529525], [33.6485387, 35.3528786], [33.6485245, 35.3528324], [33.6485359, 35.3527355], [33.6487849, 35.3517816], [33.6487963, 35.3517379], [33.6491592, 35.3510933], [33.6493683, 35.3507218], [33.6495353, 35.3505232], [33.6497307, 35.3503731]]}, "properties": {"feature_type": "road", "highway": "residential", "landuse": ""}}, {"type": "Feature", "geometry": {"type": "LineString", "coordinates": [[33.6781045, 35.3626109], [33.6783743, 35.3626915]]}, "properties": {"feature_type": "road", "highway": "service", "landuse": ""}}, {"type": "Feature", "geometry": {"type": "LineString", "coordinates": [[33.6780447, 35.3630808], [33.6783743, 35.3626915], [33.678511, 35.3625476], [33.6785173, 35.3625094], [33.6785079, 35.3624852], [33.6784873, 35.3624639], [33.6784475, 35.3624477], [33.6779429, 35.3623399]]}, "properties": {"feature_type": "road", "highway": "service", "landuse": ""}}, {"type": "Feature", "geometry": {"type": "LineString", "coordinates": [[33.6726107, 35.3590692], [33.6726023, 35.3586146], [33.6726094, 35.3585814], [33.672631, 35.3585526], [33.6726641, 35.3585324], [33.672704, 35.3585236], [33.6727451, 35.3585274], [33.6737046, 35.3587708], [33.6737336, 35.3587821], [33.6737573, 35.3587997], [33.6737737, 35.3588222], [33.6737815, 35.3588476], [33.6737801, 35.3588737], [33.6737217, 35.3591182], [33.6737203, 35.3591448], [33.6737285, 35.3591706], [33.6737456, 35.3591933], [33.6737701, 35.3592109], [33.6737999, 35.3592218], [33.6758535, 35.3596948]]}, "properties": {"feature_type": "road", "highway": "residential", "landuse": ""}}, {"type": "Feature", "geometry": {"type": "LineString", "coordinates": [[33.6747464, 35.360771], [33.6756067, 35.3609602]]}, "properties": {"feature_type": "road", "highway": "residential", "landuse": ""}}, {"type": "Feature", "geometry": {"type": "LineString", "coordinates": [[33.6760354, 35.363638], [33.6760116, 35.3635803], [33.6758548, 35.3634891], [33.6757469, 35.363383], [33.6756675, 35.3632403], [33.6756271, 35.3629861], [33.6756232, 35.3628307], [33.675596, 35.3623766], [33.6755786, 35.3619424], [33.6755906, 35.3615574], [33.6756067, 35.3609602], [33.6756027, 35.3606813], [33.6756134, 35.3604008], [33.6756309, 35.3603248], [33.6758535, 35.3596948], [33.6760943, 35.3590421], [33.6761265, 35.3588103], [33.6760675, 35.3583465], [33.6760514, 35.3580534], [33.6760849, 35.3574039]]}, "properties": {"feature_type": "road", "highway": "unclassified", "landuse": ""}}, {"type": "Feature", "geometry": {"type": "LineString", "coordinates": [[33.6726107, 35.3590692], [33.6726496, 35.3592398], [33.6727381, 35.3594268], [33.6728642, 35.3595745], [33.6730238, 35.3596817], [33.6732236, 35.3597407], [33.6733885, 35.3597495], [33.6736138, 35.359732], [33.6737493, 35.3597375], [33.6739236, 35.3597921], [33.6741717, 35.3598796], [33.6743769, 35.359931], [33.6745526, 35.3599617], [33.6746451, 35.3599923], [33.6747363, 35.3600612], [33.6747927, 35.3601498], [33.6748691, 35.3602209], [33.6749536, 35.3602592], [33.6756134, 35.3604008]]}, "properties": {"feature_type": "road", "highway": "residential", "landuse": ""}}, {"type": "Feature", "geometry": {"type": "LineString", "coordinates": [[33.6806888, 35.3635689], [33.6804633, 35.3635053], [33.6799184, 35.3633517], [33.6798897, 35.3633395], [33.6798665, 35.363321], [33.679851, 35.3632979], [33.6798444, 35.363272], [33.6798473, 35.3632457], [33.6800003, 35.3627287], [33.6801599, 35.3621894], [33.6801693, 35.362169], [33.6801844, 35.362151], [33.6802044, 35.3621365], [33.6802281, 35.3621264], [33.6802541, 35.3621212], [33.6806553, 35.3620826], [33.6808806, 35.3621326]]}, "properties": {"feature_type": "road", "highway": "residential", "landuse": ""}}, {"type": "Feature", "geometry": {"type": "LineString", "coordinates": [[33.6796146, 35.3626554], [33.6800003, 35.3627287]]}, "properties": {"feature_type": "road", "highway": "residential", "landuse": ""}}, {"type": "Feature", "geometry": {"type": "LineString", "coordinates": [[33.6804097, 35.3637293], [33.6804633, 35.3635053], [33.6808806, 35.3621326], [33.6811019, 35.3614045]]}, "properties": {"feature_type": "road", "highway": "residential", "landuse": ""}}, {"type": "Feature", "geometry": {"type": "LineString", "coordinates": [[33.6737247, 35.3628334], [33.6737929, 35.3628526], [33.6738385, 35.3628744], [33.673878, 35.3629078], [33.6739084, 35.3629493], [33.6739618, 35.3630412], [33.6739768, 35.3631385], [33.6739605, 35.363255], [33.6738253, 35.3636558], [33.6738009, 35.3636958], [33.6737703, 35.3637302], [33.6737421, 35.3637477], [33.6736925, 35.3637619], [33.6736449, 35.363769], [33.6733805, 35.3637804]]}, "properties": {"feature_type": "road", "highway": "service", "landuse": ""}}, {"type": "Feature", "geometry": {"type": "LineString", "coordinates": [[33.7259781, 35.3461968], [33.7259552, 35.3461344], [33.7258689, 35.3459635], [33.7257115, 35.3457339], [33.7254565, 35.345532], [33.7250315, 35.3453048], [33.7248214, 35.3451492], [33.7248048, 35.3448638], [33.7248231, 35.3446331], [33.7247658, 35.3442026], [33.7246612, 35.3438826], [33.7246651, 35.3435483], [33.7246119, 35.34339], [33.7244158, 35.3432029], [33.7242052, 35.3430181], [33.7241164, 35.3428375], [33.7239009, 35.3426706], [33.7237122, 35.3425456], [33.7235676, 35.3422868]]}, "properties": {"feature_type": "road", "highway": "tertiary", "landuse": ""}}, {"type": "Feature", "geometry": {"type": "LineString", "coordinates": [[33.7240146, 35.3472716], [33.7238952, 35.3474023], [33.7239776, 35.3474591], [33.7241057, 35.3475023], [33.724449, 35.3475429], [33.7246735, 35.3476322], [33.7248026, 35.347636], [33.7250089, 35.3475968], [33.7250925, 35.3475518], [33.7252404, 35.3474211], [33.7254075, 35.347255], [33.7256681, 35.347328], [33.7259194, 35.3474657], [33.7261267, 35.3477043], [33.7263507, 35.3478031], [33.7265907, 35.3478913], [33.7269075, 35.3480005], [33.7271904, 35.3480255], [33.7274834, 35.3480142], [33.7276929, 35.347984], [33.7279319, 35.3480981], [33.728218, 35.3482569], [33.7285551, 35.3484255], [33.7287254, 35.3485961], [33.7287985, 35.3487386], [33.7289321, 35.3487531], [33.7290746, 35.3487138], [33.7294191, 35.3486934], [33.729589, 35.3487353], [33.729688, 35.3487343], [33.7297739, 35.3487115], [33.7299019, 35.3485962], [33.729972, 35.3485524], [33.7300568, 35.3485373], [33.7301448, 35.3485429], [33.7302452, 35.3485677], [33.7304094, 35.3486382], [33.7305137, 35.3486648], [33.7306627, 35.3486847], [33.7309457, 35.3487657], [33.7310822, 35.3488207], [33.7313817, 35.3490536], [33.7314572, 35.3491099], [33.7315148, 35.3491755], [33.7315358, 35.3492707], [33.7315208, 35.3493569], [33.7314821, 35.349446], [33.7314287, 35.3495124], [33.7313467, 35.3495812], [33.7312211, 35.349626], [33.7310079, 35.3496864], [33.7307489, 35.3497431], [33.7305107, 35.349769], [33.7300585, 35.3498237], [33.7299832, 35.3498632], [33.729923, 35.3499368], [33.7299019, 35.3500303], [33.7299299, 35.3501141], [33.7299977, 35.3501843], [33.7301158, 35.3502533], [33.7302158, 35.3502869], [33.7302511, 35.3503208], [33.7302337, 35.3503649], [33.7301688, 35.3503844], [33.7300379, 35.3503736], [33.7298372, 35.3503626], [33.7297434, 35.3503668], [33.7296975, 35.3503927], [33.7297014, 35.3504297], [33.7297646, 35.3504575], [33.7302716, 35.3506142], [33.7305597, 35.350681], [33.7307428, 35.3506963], [33.7309794, 35.350672], [33.7314837, 35.350629], [33.7316657, 35.350625], [33.7318387, 35.3506595], [33.7321217, 35.3507371], [33.7322553, 35.3507539], [33.7324061, 35.3507471], [33.7326256, 35.3506976], [33.7327355, 35.3506887], [33.7328544, 35.3507166], [33.7330315, 35.350799], [33.7331136, 35.3508309], [33.733179, 35.3508404], [33.7332982, 35.3508149], [33.7334638, 35.3507357], [33.7336063, 35.3506804], [33.7337178, 35.3506655], [33.7338374, 35.350669], [33.7339682, 35.3507052], [33.7341115, 35.3507747], [33.7342998, 35.3509128], [33.7344038, 35.350974], [33.7345275, 35.3510103], [33.7347734, 35.3510219], [33.7349986, 35.3510542], [33.7352915, 35.3511174], [33.7358344, 35.3512772], [33.7361636, 35.3513695], [33.7366273, 35.3514504], [33.7370392, 35.3515245], [33.7377234, 35.3516052], [33.7383323, 35.3517174], [33.7386099, 35.3517474], [33.7388364, 35.3517506], [33.739235, 35.3517294], [33.7393446, 35.3517406], [33.739475, 35.3517869], [33.7397285, 35.3519402], [33.7399137, 35.3520589], [33.7400958, 35.3521446], [33.7403203, 35.3522015], [33.7406366, 35.3522524], [33.7413691, 35.3523727], [33.7418355, 35.3524415]]}, "properties": {"feature_type": "road", "highway": "tertiary", "landuse": ""}}, {"type": "Feature", "geometry": {"type": "LineString", "coordinates": [[33.8175363, 35.4111601], [33.8175353, 35.4110861], [33.8175832, 35.411026], [33.8176905, 35.410976], [33.8183817, 35.4106947], [33.818633, 35.4105287], [33.8187208, 35.4104313], [33.8187753, 35.4103442], [33.818786, 35.4102358]]}, "properties": {"feature_type": "road", "highway": "residential", "landuse": ""}}, {"type": "Feature", "geometry": {"type": "LineString", "coordinates": [[33.6221572, 35.3553409], [33.622064, 35.3551627], [33.622026, 35.355011], [33.621987, 35.354839], [33.622061, 35.354568], [33.62233, 35.354229], [33.622391, 35.35406], [33.6223648, 35.3539098], [33.6223733, 35.3537466], [33.6224193, 35.3536215], [33.6225729, 35.3533901], [33.6227079, 35.3531554], [33.6227893, 35.3530182]]}, "properties": {"feature_type": "road", "highway": "unclassified", "landuse": ""}}, {"type": "Feature", "geometry": {"type": "LineString", "coordinates": [[33.6190787, 35.3538232], [33.6190346, 35.3537064], [33.6189833, 35.3536226], [33.6188945, 35.3535883], [33.6187965, 35.3536302], [33.6186517, 35.3536988], [33.6184649, 35.3537102], [33.6182548, 35.3536912], [33.6180098, 35.3528538], [33.6178828, 35.3524198], [33.6178625, 35.3523505]]}, "properties": {"feature_type": "road", "highway": "residential", "landuse": ""}}, {"type": "Feature", "geometry": {"type": "LineString", "coordinates": [[33.6178828, 35.3524198], [33.617699, 35.3524914], [33.6175916, 35.3526057], [33.6176103, 35.3527047], [33.6178251, 35.3528113], [33.6180098, 35.3528538]]}, "properties": {"feature_type": "road", "highway": "residential", "landuse": ""}}, {"type": "Feature", "geometry": {"type": "LineString", "coordinates": [[33.6010247, 35.3515743], [33.6010641, 35.3514805], [33.6011848, 35.3513317], [33.6017679, 35.3514549], [33.6028075, 35.3516905], [33.6031616, 35.3506536], [33.604433, 35.3508827]]}, "properties": {"feature_type": "road", "highway": "residential", "landuse": ""}}, {"type": "Feature", "geometry": {"type": "LineString", "coordinates": [[33.6028075, 35.3516905], [33.6039719, 35.3519303], [33.6040516, 35.3519476]]}, "properties": {"feature_type": "road", "highway": "residential", "landuse": ""}}, {"type": "Feature", "geometry": {"type": "LineString", "coordinates": [[33.6017679, 35.3514549], [33.6022094, 35.3508351]]}, "properties": {"feature_type": "road", "highway": "residential", "landuse": ""}}, {"type": "Feature", "geometry": {"type": "LineString", "coordinates": [[33.6031616, 35.3506536], [33.6025679, 35.3504854]]}, "properties": {"feature_type": "road", "highway": "residential", "landuse": ""}}, {"type": "Feature", "geometry": {"type": "LineString", "coordinates": [[33.601926, 35.3517745], [33.6013096, 35.3530577], [33.601374, 35.3531452], [33.6019265, 35.3532502], [33.6024093, 35.3522701]]}, "properties": {"feature_type": "road", "highway": "residential", "landuse": ""}}, {"type": "Feature", "geometry": {"type": "LineString", "coordinates": [[33.6019265, 35.3532502], [33.602544, 35.3533871], [33.603156, 35.3535235], [33.6035565, 35.3527362], [33.6036804, 35.3524927], [33.6038277, 35.3522032]]}, "properties": {"feature_type": "road", "highway": "residential", "landuse": ""}}, {"type": "Feature", "geometry": {"type": "LineString", "coordinates": [[33.602544, 35.3533871], [33.6030531, 35.3524145]]}, "properties": {"feature_type": "road", "highway": "residential", "landuse": ""}}, {"type": "Feature", "geometry": {"type": "LineString", "coordinates": [[33.6579572, 35.2595612], [33.6586503, 35.2603574], [33.6589101, 35.2607604], [33.6589274, 35.2611846], [33.6590919, 35.2617784], [33.6591383, 35.2619339]]}, "properties": {"feature_type": "road", "highway": "unclassified", "landuse": ""}}, {"type": "Feature", "geometry": {"type": "LineString", "coordinates": [[33.6579572, 35.2595612], [33.6582288, 35.2595375], [33.6586426, 35.2595013], [33.6593336, 35.2594901], [33.659815, 35.2595079], [33.6603509, 35.2595546], [33.6611996, 35.2596479], [33.6616403, 35.2596812], [33.6620674, 35.2597256], [33.6633861, 35.2598337], [33.6635227, 35.2598493], [33.6642843, 35.2599366], [33.6654676, 35.2600343], [33.6662211, 35.2601187], [33.6669637, 35.2601565], [33.6675827, 35.2601421], [33.6677281, 35.2601387], [33.668506, 35.2600654], [33.6688814, 35.2599924], [33.6692053, 35.2599302], [33.6694715, 35.2598736], [33.6697203, 35.2598128], [33.6699461, 35.2597568], [33.6702551, 35.259667], [33.6706726, 35.2595408], [33.6710766, 35.2594146], [33.6716928, 35.2592198], [33.6722598, 35.2590406], [33.672626, 35.2589339], [33.6729835, 35.2588384], [33.6733855, 35.2587413], [33.6737956, 35.2586575], [33.6741455, 35.2585862], [33.6743393, 35.2585545], [33.674914, 35.2584607], [33.6762878, 35.2582885], [33.6784782, 35.2580381], [33.6788475, 35.25799], [33.6792005, 35.2579354], [33.6798479, 35.2578066], [33.6804748, 35.2576631], [33.6815819, 35.257394], [33.6825863, 35.2571779], [33.6829116, 35.2571127], [33.6832248, 35.2570674], [33.6838168, 35.2569964], [33.6841032, 35.2569702], [33.684342, 35.2569513], [33.6845644, 35.2569407], [33.6856604, 35.2569161], [33.6863873, 35.2569003], [33.6887808, 35.256837], [33.6911656, 35.2567824], [33.6928565, 35.2567431], [33.6951919, 35.2566905], [33.6966542, 35.2566525], [33.6987475, 35.2566051], [33.6996202, 35.2565876], [33.7011978, 35.2565506], [33.7022241, 35.2565236], [33.7036262, 35.2564845], [33.7052034, 35.2564481], [33.7060704, 35.2564482], [33.7065776, 35.256469], [33.7070644, 35.2564965], [33.7075071, 35.2565299], [33.7079173, 35.2565733], [33.7090858, 35.2567281], [33.7105045, 35.2569191], [33.7115123, 35.2570513], [33.712701, 35.2572151], [33.7140507, 35.2573901], [33.7154227, 35.2575568], [33.7179848, 35.2578695], [33.7180114, 35.2578727], [33.7188254, 35.2579722], [33.7196415, 35.2580715], [33.7203779, 35.2581555], [33.7210462, 35.2582393], [33.7213883, 35.2582743], [33.7218078, 35.2583134], [33.7220476, 35.2583243], [33.7222414, 35.2583293], [33.7225603, 35.2583309], [33.722842, 35.2583223], [33.7231581, 35.258302], [33.7234883, 35.2582715], [33.7237411, 35.2582384], [33.7239614, 35.2582021], [33.7242345, 35.2581516], [33.7244893, 35.258096], [33.7248266, 35.2580143], [33.725109, 35.2579293], [33.7253673, 35.2578416], [33.7256093, 35.2577505], [33.7258817, 35.2576429], [33.7261276, 35.2575343], [33.7263492, 35.2574257], [33.7266493, 35.2572734], [33.726917, 35.2571178], [33.7274163, 35.2568031], [33.7279048, 35.2564917], [33.7282062, 35.2562802], [33.728995, 35.255751], [33.7293577, 35.2555154], [33.7295433, 35.2554003], [33.7297069, 35.2553075], [33.7298691, 35.2552285], [33.7300565, 35.2551444], [33.7302563, 35.2550653], [33.7304972, 35.2549787], [33.7307226, 35.2549148], [33.7309728, 35.2548586], [33.7311923, 35.2548137], [33.7314511, 35.254777], [33.7316821, 35.254753], [33.732009, 35.2547417], [33.7323359, 35.2547491], [33.7326012, 35.2547646], [33.7329171, 35.2548023], [33.7332296, 35.2548636], [33.7334897, 35.2549311], [33.7338319, 35.2550372], [33.7340908, 35.2551407], [33.7342156, 35.2551937], [33.7343576, 35.2552663], [33.7346323, 35.2554149], [33.7349095, 35.2555943], [33.735294, 35.255893]]}, "properties": {"feature_type": "road", "highway": "primary", "landuse": ""}}, {"type": "Feature", "geometry": {"type": "LineString", "coordinates": [[33.6906325, 35.2590965], [33.6897125, 35.2584139], [33.6896284, 35.2583033], [33.6887808, 35.256837], [33.6887261, 35.2567239], [33.6885946, 35.2565597], [33.6884283, 35.2563735], [33.688262, 35.2562114], [33.6881762, 35.2561085], [33.6880499, 35.2559519], [33.6880006, 35.2557808], [33.6879544, 35.2555921], [33.6879513, 35.2553858], [33.6880121, 35.2550679]]}, "properties": {"feature_type": "road", "highway": "residential", "landuse": ""}}, {"type": "Feature", "geometry": {"type": "LineString", "coordinates": [[33.6889013, 35.2548704], [33.6881656, 35.2543729], [33.6879531, 35.2545692], [33.6877836, 35.2547277], [33.6876973, 35.2548208], [33.6876172, 35.2550145], [33.6875619, 35.2551388]]}, "properties": {"feature_type": "road", "highway": "residential", "landuse": ""}}, {"type": "Feature", "geometry": {"type": "LineString", "coordinates": [[33.6881656, 35.2543729], [33.6881709, 35.2543198], [33.6881601, 35.2542623], [33.6881225, 35.2542131], [33.6880588, 35.2541617], [33.6877947, 35.2540668], [33.6874169, 35.2539499]]}, "properties": {"feature_type": "road", "highway": "residential", "landuse": ""}}, {"type": "Feature", "geometry": {"type": "LineString", "coordinates": [[33.687441, 35.2539124], [33.6874301, 35.2538481], [33.6874369, 35.2537838], [33.6874611, 35.253635], [33.6874588, 35.2535629], [33.6873927, 35.2533635], [33.6873689, 35.2530924]]}, "properties": {"feature_type": "road", "highway": "residential", "landuse": ""}}, {"type": "Feature", "geometry": {"type": "LineString", "coordinates": [[33.6885329, 35.2534833], [33.6878106, 35.2532213], [33.6874337, 35.2531117], [33.6873689, 35.2530924], [33.6873116, 35.2530698], [33.6868173, 35.2528375]]}, "properties": {"feature_type": "road", "highway": "residential", "landuse": ""}}, {"type": "Feature", "geometry": {"type": "LineString", "coordinates": [[33.6919982, 35.2808641], [33.694886, 35.2801419], [33.6965128, 35.2795674], [33.6972256, 35.2791571], [33.6976095, 35.2784334], [33.6983498, 35.2777246], [33.6995927, 35.2767547], [33.7003147, 35.2761652], [33.7015028, 35.2757026], [33.7025995, 35.2751804], [33.7035774, 35.2744566], [33.704601, 35.2734643], [33.7052042, 35.2728897], [33.7055241, 35.2724122], [33.7060176, 35.2723227], [33.706566, 35.2720914], [33.707288, 35.2713825], [33.7087228, 35.2710393], [33.7096093, 35.2707707], [33.7101668, 35.2703901], [33.7111447, 35.2702857], [33.7123603, 35.2700693], [33.7139322, 35.2694425], [33.7154036, 35.2688456], [33.7171492, 35.2681442], [33.7200098, 35.2667637], [33.7213442, 35.2657936], [33.7223372, 35.2649742], [33.7230441, 35.2643908], [33.7239032, 35.2637714], [33.7250364, 35.2634058], [33.7251666, 35.2633213]]}, "properties": {"feature_type": "road", "highway": "tertiary", "landuse": ""}}, {"type": "Feature", "geometry": {"type": "LineString", "coordinates": [[33.814711, 35.3275907], [33.8145046, 35.3272429], [33.8144642, 35.3268249]]}, "properties": {"feature_type": "road", "highway": "residential", "landuse": ""}}, {"type": "Feature", "geometry": {"type": "LineString", "coordinates": [[33.8276146, 35.3489952], [33.8273528, 35.3489506], [33.8268676, 35.3487734], [33.826462, 35.3486253], [33.8263254, 35.3486141], [33.8262208, 35.3486276], [33.8260145, 35.348719], [33.825584, 35.3489897], [33.8252679, 35.3492063], [33.8249462, 35.3493729], [33.8246781, 35.349403], [33.8244881, 35.3493684], [33.8241678, 35.3493172], [33.8239599, 35.3492998], [33.8235946, 35.3492957], [33.8234036, 35.3493182], [33.8232806, 35.3493887], [33.8230834, 35.349436], [33.8229035, 35.349457], [33.8227142, 35.3494375], [33.8225673, 35.3493901], [33.8224466, 35.3493298], [33.8223159, 35.3492487], [33.8222277, 35.3491996], [33.8220665, 35.3491576], [33.8218755, 35.3491377], [33.8216634, 35.3490667], [33.8215079, 35.349001], [33.8212619, 35.3489958], [33.8210929, 35.349007], [33.8209844, 35.3489869], [33.8208609, 35.3489244], [33.8206891, 35.3487491], [33.8203504, 35.3484688], [33.819984, 35.3482032], [33.8198348, 35.3481418], [33.8196915, 35.3481394], [33.8196044, 35.3481527], [33.8194241, 35.348204], [33.8192596, 35.3482066], [33.8190804, 35.3481533], [33.8188894, 35.3480732], [33.8186224, 35.3479172], [33.8179625, 35.3476021], [33.8175173, 35.3473178], [33.8167126, 35.3464886], [33.8165516, 35.3464032], [33.8164839, 35.346373], [33.8164068, 35.3463814], [33.8163444, 35.346397], [33.8163042, 35.346432], [33.8162594, 35.3464798], [33.8161359, 35.3466221], [33.8160279, 35.3466836], [33.8158804, 35.3466946], [33.8156567, 35.3466789], [33.8154073, 35.3466155], [33.8149567, 35.3465192], [33.8145302, 35.3465017], [33.8142271, 35.3464448], [33.8138515, 35.3463727], [33.8135458, 35.3462326], [33.8132722, 35.3460882], [33.8130845, 35.3460947], [33.8128136, 35.3461451], [33.8124595, 35.3461801], [33.8119472, 35.3462261], [33.811443, 35.3463092], [33.8110879, 35.3464208], [33.8108331, 35.3465958], [33.8106346, 35.3467183], [33.8104629, 35.3467577], [33.810302, 35.3466395], [33.8102591, 35.3465126], [33.8102505, 35.3464233], [33.8102859, 35.3463157], [33.8103851, 35.3461451], [33.8105568, 35.345992], [33.8106426, 35.3459001], [33.8106984, 35.3458238], [33.8107177, 35.3457338], [33.8106319, 35.3456287], [33.8102135, 35.3453378], [33.8099774, 35.3452284], [33.8098648, 35.3452809], [33.8096663, 35.3454428], [33.8094839, 35.34562], [33.8093096, 35.3457731], [33.8092205, 35.3458851], [33.8091754, 35.3460117], [33.8089958, 35.346552], [33.8088062, 35.346832], [33.8086238, 35.3470946], [33.808479, 35.3472696], [33.8082429, 35.3476275], [33.8082039, 35.3477294], [33.8082236, 35.3478543], [33.8082576, 35.347935], [33.8082507, 35.3480361], [33.8082066, 35.3481122], [33.8081476, 35.348156], [33.8080401, 35.3482037], [33.8078797, 35.3482061], [33.807608, 35.3481618], [33.8073885, 35.3481144], [33.8072249, 35.3481266], [33.8070857, 35.3481685], [33.8069663, 35.3482045], [33.8066278, 35.3483104], [33.8060901, 35.3484861], [33.8058299, 35.3486254], [33.8054397, 35.3487979], [33.8050982, 35.3488575], [33.8046428, 35.3490167], [33.8044152, 35.3491029], [33.8041224, 35.3491891], [33.8037891, 35.3491759], [33.8033012, 35.3492952], [33.8030573, 35.3494014], [33.8028287, 35.3494603], [33.8027447, 35.349466], [33.8025859, 35.3494584], [33.8024528, 35.3493822], [33.802336, 35.3492603], [33.8022286, 35.3491441], [33.8020862, 35.3490889], [33.8019574, 35.3490565], [33.8018616, 35.3490603], [33.8016678, 35.3490736], [33.8014787, 35.3491098], [33.8012597, 35.3491526], [33.8011343, 35.3491581], [33.8009991, 35.3491775], [33.8007668, 35.3491852], [33.8005942, 35.3492254], [33.800394, 35.3492682], [33.8002399, 35.3492883], [33.8001567, 35.3492807], [33.8000242, 35.3492254], [33.7999534, 35.3491928], [33.7997839, 35.34914], [33.7996299, 35.3491928], [33.799545, 35.3492445], [33.7993373, 35.3493364], [33.7991093, 35.3494753], [33.7988549, 35.3496277], [33.7986128, 35.3497937], [33.7984487, 35.3499543]]}, "properties": {"feature_type": "road", "highway": "unclassified", "landuse": ""}}, {"type": "Feature", "geometry": {"type": "LineString", "coordinates": [[33.802336, 35.3492603], [33.802157, 35.3494077], [33.801909, 35.349663], [33.8017749, 35.3498387], [33.8016041, 35.3499879], [33.801409, 35.3500509], [33.8010431, 35.3501438], [33.8009008, 35.3501935], [33.8006731, 35.3502167], [33.8004445, 35.3502605], [33.8002544, 35.3502797], [33.8001162, 35.3503129], [33.7999802, 35.3503066]]}, "properties": {"feature_type": "road", "highway": "unclassified", "landuse": ""}}, {"type": "Feature", "geometry": {"type": "LineString", "coordinates": [[33.8253012, 35.2690774], [33.825626, 35.2690927], [33.8259471, 35.269194], [33.8261585, 35.2693027]]}, "properties": {"feature_type": "road", "highway": "residential", "landuse": ""}}, {"type": "Feature", "geometry": {"type": "LineString", "coordinates": [[33.5945557, 35.2486406], [33.594825, 35.2481603], [33.5949384, 35.2478363], [33.5950517, 35.2472923], [33.5953281, 35.2467657], [33.5958666, 35.246135]]}, "properties": {"feature_type": "road", "highway": "residential", "landuse": ""}}, {"type": "Feature", "geometry": {"type": "LineString", "coordinates": [[33.6038387, 35.2530234], [33.6044062, 35.2532854], [33.6046283, 35.2534516], [33.6046996, 35.2535521], [33.6045235, 35.2536476]]}, "properties": {"feature_type": "road", "highway": "residential", "landuse": ""}}, {"type": "Feature", "geometry": {"type": "LineString", "coordinates": [[33.6046996, 35.2535521], [33.6050971, 35.2534113], [33.605387, 35.2532854], [33.605424, 35.2531594], [33.6052575, 35.2530536], [33.6047455, 35.2528622], [33.6045789, 35.2527313], [33.6046715, 35.2524945], [33.6046036, 35.2522678], [33.6044647, 35.2521317], [33.6042828, 35.2519658]]}, "properties": {"feature_type": "road", "highway": "residential", "landuse": ""}}, {"type": "Feature", "geometry": {"type": "LineString", "coordinates": [[33.5984293, 35.2551846], [33.5979993, 35.2550229], [33.5975267, 35.2548213], [33.5968066, 35.2544499], [33.5962756, 35.2542985], [33.5964601, 35.2541782], [33.5970214, 35.2539763], [33.5976013, 35.2538798], [33.5984853, 35.2539419]]}, "properties": {"feature_type": "road", "highway": "residential", "landuse": ""}}, {"type": "Feature", "geometry": {"type": "LineString", "coordinates": [[33.59929, 35.2542543], [33.5993511, 35.2539347], [33.5993894, 35.2537487], [33.5994682, 35.2534757]]}, "properties": {"feature_type": "road", "highway": "residential", "landuse": ""}}, {"type": "Feature", "geometry": {"type": "LineString", "coordinates": [[33.5988021, 35.256082], [33.5987183, 35.2562039], [33.5986968, 35.2566073]]}, "properties": {"feature_type": "road", "highway": "residential", "landuse": ""}}, {"type": "Feature", "geometry": {"type": "LineString", "coordinates": [[33.5986968, 35.2566073], [33.5982565, 35.2567389], [33.597945, 35.2567389], [33.5974832, 35.256923], [33.5973625, 35.2568993], [33.5967189, 35.2569796], [33.5963477, 35.2570112]]}, "properties": {"feature_type": "road", "highway": "residential", "landuse": ""}}, {"type": "Feature", "geometry": {"type": "LineString", "coordinates": [[33.5974832, 35.256923], [33.5974041, 35.2568558], [33.5974187, 35.2562741]]}, "properties": {"feature_type": "road", "highway": "residential", "landuse": ""}}, {"type": "Feature", "geometry": {"type": "LineString", "coordinates": [[33.745992, 35.3930704], [33.7459848, 35.3931181], [33.7460223, 35.3931509], [33.7460518, 35.3931635], [33.7461242, 35.3931864], [33.7461685, 35.3931886], [33.7461906, 35.3931755], [33.7462045, 35.3931485]]}, "properties": {"feature_type": "road", "highway": "service", "landuse": ""}}, {"type": "Feature", "geometry": {"type": "LineString", "coordinates": [[33.7467114, 35.3933137], [33.7462045, 35.3931485], [33.745992, 35.3930704], [33.7454322, 35.3928678], [33.7451372, 35.3927541], [33.7450647, 35.3926819], [33.7450379, 35.3926097], [33.7450514, 35.3925772]]}, "properties": {"feature_type": "road", "highway": "residential", "landuse": ""}}, {"type": "Feature", "geometry": {"type": "LineString", "coordinates": [[33.6980899, 35.3626901], [33.6980791, 35.3626527], [33.6980517, 35.3626214], [33.6980116, 35.3626012], [33.6979651, 35.3625949], [33.6979193, 35.3626037], [33.697881, 35.3626261], [33.6978561, 35.3626587], [33.6978485, 35.3626967], [33.6978592, 35.3627341], [33.6978867, 35.3627653], [33.6979267, 35.3627856], [33.6979732, 35.3627918], [33.6980191, 35.3627831], [33.6980574, 35.3627607], [33.6980822, 35.362728], [33.6980899, 35.3626901]]}, "properties": {"feature_type": "road", "highway": "service", "landuse": ""}}, {"type": "Feature", "geometry": {"type": "LineString", "coordinates": [[33.6979791, 35.3620944], [33.6981127, 35.3621837], [33.6980121, 35.3623336], [33.6979222, 35.3625709], [33.6979193, 35.3626037]]}, "properties": {"feature_type": "road", "highway": "service", "landuse": ""}}, {"type": "Feature", "geometry": {"type": "LineString", "coordinates": [[33.6978485, 35.3626967], [33.6977895, 35.3626802], [33.6977479, 35.3626507], [33.6977345, 35.3626135], [33.6977975, 35.3623675], [33.6978914, 35.3621826], [33.6979791, 35.3620944], [33.6982481, 35.3618239]]}, "properties": {"feature_type": "road", "highway": "service", "landuse": ""}}, {"type": "Feature", "geometry": {"type": "LineString", "coordinates": [[33.6986272, 35.3626504], [33.6985271, 35.3626578], [33.6980899, 35.3626901]]}, "properties": {"feature_type": "road", "highway": "service", "landuse": ""}}, {"type": "Feature", "geometry": {"type": "LineString", "coordinates": [[33.6991266, 35.3611276], [33.69893, 35.3612017], [33.6988974, 35.3612203], [33.6988655, 35.3612444], [33.6987384, 35.3613927], [33.6987173, 35.3614211], [33.6987111, 35.3614454], [33.6987145, 35.3614686], [33.6988224, 35.3615456]]}, "properties": {"feature_type": "road", "highway": "service", "landuse": ""}}, {"type": "Feature", "geometry": {"type": "LineString", "coordinates": [[33.5915941, 35.3498931], [33.5905614, 35.3497355], [33.5900599, 35.3496721], [33.589646, 35.3496159]]}, "properties": {"feature_type": "road", "highway": "residential", "landuse": ""}}, {"type": "Feature", "geometry": {"type": "LineString", "coordinates": [[33.5912694, 35.3506659], [33.5913272, 35.3503043]]}, "properties": {"feature_type": "road", "highway": "service", "landuse": ""}}, {"type": "Feature", "geometry": {"type": "LineString", "coordinates": [[33.5906759, 35.3505938], [33.5908216, 35.3502212]]}, "properties": {"feature_type": "road", "highway": "service", "landuse": ""}}, {"type": "Feature", "geometry": {"type": "LineString", "coordinates": [[33.5903066, 35.3504794], [33.5903777, 35.350475], [33.5904957, 35.3505515], [33.5905708, 35.3505811], [33.5906759, 35.3505938], [33.5912694, 35.3506659], [33.5914721, 35.3506905]]}, "properties": {"feature_type": "road", "highway": "residential", "landuse": ""}}, {"type": "Feature", "geometry": {"type": "LineString", "coordinates": [[33.590852, 35.3492657], [33.5908843, 35.3492551], [33.5913764, 35.349311], [33.5914198, 35.3493355]]}, "properties": {"feature_type": "road", "highway": "residential", "landuse": ""}}, {"type": "Feature", "geometry": {"type": "LineString", "coordinates": [[33.5897046, 35.3493605], [33.5897648, 35.3491099], [33.5898909, 35.3487861], [33.5901564, 35.3484404], [33.5903549, 35.3482326], [33.590548, 35.348051], [33.5909075, 35.3479328], [33.5912669, 35.3478103], [33.5917684, 35.3475084], [33.5918328, 35.3474647], [33.5919267, 35.3473312], [33.5922673, 35.3467208], [33.5923924, 35.3463579]]}, "properties": {"feature_type": "road", "highway": "unclassified", "landuse": ""}}, {"type": "Feature", "geometry": {"type": "LineString", "coordinates": [[33.588928, 35.3492127], [33.5890567, 35.3492236], [33.5891706, 35.3492177], [33.589282, 35.3492248], [33.5895127, 35.3493008], [33.5897046, 35.3493605]]}, "properties": {"feature_type": "road", "highway": "residential", "landuse": ""}}, {"type": "Feature", "geometry": {"type": "LineString", "coordinates": [[33.5866399, 35.3463568], [33.5867085, 35.3462712], [33.5867902, 35.3462471], [33.5868815, 35.3462319], [33.5869539, 35.3462351], [33.5870678, 35.3462964], [33.5873093, 35.3463664], [33.5875198, 35.3464835], [33.5876459, 35.3465523], [33.588417, 35.3466257]]}, "properties": {"feature_type": "road", "highway": "residential", "landuse": ""}}, {"type": "Feature", "geometry": {"type": "LineString", "coordinates": [[33.5876721, 35.3506143], [33.5878015, 35.3504159], [33.588059, 35.3500593], [33.5882118, 35.3497793], [33.5882091, 35.3495058], [33.5881931, 35.3493089], [33.5882159, 35.3492368], [33.5882708, 35.3491372], [33.5883271, 35.3490464], [33.5883942, 35.3489425], [33.5882279, 35.3488058], [33.588126, 35.3487007], [33.5880482, 35.3485651], [33.587949, 35.3483857], [33.5879114, 35.3483225], [33.5878604, 35.3482369], [33.5877934, 35.3481221], [33.5877491, 35.3480258], [33.5877371, 35.3479318], [33.5877358, 35.347818], [33.5877183, 35.3477228], [33.5876325, 35.3476309], [33.5874635, 35.3474406], [33.5873455, 35.3473422], [33.5871872, 35.3472153], [33.5871148, 35.3471343], [33.5871282, 35.3470512], [33.5872114, 35.3469505], [33.5872878, 35.3468291], [33.5872435, 35.3467132], [33.5869539, 35.3462351]]}, "properties": {"feature_type": "road", "highway": "unclassified", "landuse": ""}}, {"type": "Feature", "geometry": {"type": "LineString", "coordinates": [[33.5913219, 35.3513686], [33.5912105, 35.3512254], [33.5911542, 35.3511488], [33.590709, 35.3508119], [33.5904407, 35.3506522], [33.5903549, 35.3505866], [33.5903066, 35.3504794], [33.589993, 35.3501167]]}, "properties": {"feature_type": "road", "highway": "residential", "landuse": ""}}, {"type": "Feature", "geometry": {"type": "LineString", "coordinates": [[33.7516935, 35.3736998], [33.7515322, 35.3737391], [33.7513927, 35.3738112], [33.7512184, 35.3739096], [33.7511969, 35.3739687], [33.751205, 35.3740234]]}, "properties": {"feature_type": "road", "highway": "residential", "landuse": ""}}, {"type": "Feature", "geometry": {"type": "LineString", "coordinates": [[33.7520222, 35.3756947], [33.7520494, 35.3753612], [33.7520918, 35.3752622], [33.7521181, 35.3752007], [33.7521663, 35.3751159], [33.7521948, 35.3750523], [33.7521903, 35.3749854], [33.7521891, 35.3748208], [33.7522042, 35.3746662], [33.7522067, 35.3746102], [33.7522096, 35.3745593], [33.7522212, 35.3745053], [33.7522569, 35.3744198], [33.7522778, 35.3743169], [33.7522721, 35.3742692], [33.7522809, 35.3741128], [33.7523226, 35.374026], [33.7524066, 35.3739248], [33.7525345, 35.3737491], [33.752584, 35.3735804], [33.7526404, 35.3734295], [33.7526601, 35.3733253], [33.7526643, 35.373255]]}, "properties": {"feature_type": "road", "highway": "tertiary", "landuse": ""}}, {"type": "Feature", "geometry": {"type": "LineString", "coordinates": [[33.7524173, 35.3734098], [33.752507, 35.373329], [33.7526643, 35.373255]]}, "properties": {"feature_type": "road", "highway": "tertiary", "landuse": ""}}, {"type": "Feature", "geometry": {"type": "LineString", "coordinates": [[33.7515944, 35.3741946], [33.7517579, 35.3740933], [33.7519889, 35.3739537], [33.7521076, 35.3738515], [33.7522955, 35.3735947], [33.7524173, 35.3734098]]}, "properties": {"feature_type": "road", "highway": "residential", "landuse": ""}}, {"type": "Feature", "geometry": {"type": "LineString", "coordinates": [[33.7320917, 35.2599404], [33.7323009, 35.2600165], [33.7325906, 35.2600861], [33.7326666, 35.2600789], [33.732849, 35.2600617], [33.7331836, 35.2600106], [33.7335703, 35.2600069]]}, "properties": {"feature_type": "road", "highway": "tertiary", "landuse": ""}}, {"type": "Feature", "geometry": {"type": "LineString", "coordinates": [[33.7335703, 35.2600069], [33.7336721, 35.259988], [33.7340295, 35.2599528], [33.7344893, 35.2599895], [33.7346701, 35.2599961], [33.7348271, 35.2599741]]}, "properties": {"feature_type": "road", "highway": "tertiary", "landuse": ""}}, {"type": "Feature", "geometry": {"type": "LineString", "coordinates": [[33.751205, 35.3740234], [33.7512821, 35.3740516], [33.751381, 35.3740781], [33.7514104, 35.3740838], [33.7514828, 35.3740977], [33.751583, 35.3741195]]}, "properties": {"feature_type": "road", "highway": "service", "landuse": ""}}, {"type": "Feature", "geometry": {"type": "LineString", "coordinates": [[33.6079821, 35.3510753], [33.6079235, 35.35103], [33.6076133, 35.3510192], [33.6072882, 35.3508839], [33.6071517, 35.3508026], [33.6070132, 35.3506724], [33.606987, 35.3506024]]}, "properties": {"feature_type": "road", "highway": "service", "landuse": ""}}, {"type": "Feature", "geometry": {"type": "LineString", "coordinates": [[33.6045789, 35.3508945], [33.6046184, 35.3508388], [33.6047998, 35.3507865], [33.6049305, 35.3507441], [33.6050724, 35.3506981], [33.6053273, 35.3506023]]}, "properties": {"feature_type": "road", "highway": "residential", "landuse": ""}}, {"type": "Feature", "geometry": {"type": "LineString", "coordinates": [[33.6053273, 35.3506023], [33.6056267, 35.3504813], [33.6059861, 35.3502517], [33.6062733, 35.3499953], [33.6064744, 35.3497601]]}, "properties": {"feature_type": "road", "highway": "residential", "landuse": ""}}, {"type": "Feature", "geometry": {"type": "LineString", "coordinates": [[33.6049305, 35.3507441], [33.6050186, 35.3508168], [33.6058113, 35.3506138], [33.6061018, 35.3505409], [33.6061708, 35.3505205], [33.6064976, 35.3504239]]}, "properties": {"feature_type": "road", "highway": "residential", "landuse": ""}}, {"type": "Feature", "geometry": {"type": "LineString", "coordinates": [[33.6079821, 35.3510753], [33.608294, 35.350924], [33.6087522, 35.3507069], [33.6090875, 35.3505712], [33.6093557, 35.3504728], [33.6096266, 35.3503743], [33.6098814, 35.3502868], [33.6100906, 35.3501928], [33.6102676, 35.3501206], [33.6103588, 35.3500309], [33.610442, 35.3499609], [33.6105044, 35.3499487], [33.6105761, 35.3499631], [33.6121881, 35.3509475], [33.6124027, 35.3510307], [33.6126173, 35.3510219], [33.6128667, 35.3508863], [33.6132047, 35.3506762], [33.6135989, 35.3504553]]}, "properties": {"feature_type": "road", "highway": "unclassified", "landuse": ""}}, {"type": "Feature", "geometry": {"type": "LineString", "coordinates": [[33.6135989, 35.3504553], [33.6152653, 35.3496147], [33.6152992, 35.3495845], [33.6152899, 35.3495533], [33.6152599, 35.349534], [33.6146127, 35.3495071], [33.6143582, 35.3495258], [33.6141212, 35.3495699], [33.6138341, 35.3496075], [33.6136091, 35.349635], [33.6133799, 35.3496561], [33.6130684, 35.3496528], [33.6127788, 35.349655]]}, "properties": {"feature_type": "road", "highway": "unclassified", "landuse": ""}}, {"type": "Feature", "geometry": {"type": "LineString", "coordinates": [[33.5976287, 35.3513692], [33.5979296, 35.351358], [33.5983083, 35.3513481], [33.5983975, 35.3512943], [33.5984807, 35.3512035]]}, "properties": {"feature_type": "road", "highway": "service", "landuse": ""}}, {"type": "Feature", "geometry": {"type": "LineString", "coordinates": [[33.6182548, 35.3536912], [33.6181086, 35.3537376]]}, "properties": {"feature_type": "road", "highway": "residential", "landuse": ""}}, {"type": "Feature", "geometry": {"type": "LineString", "coordinates": [[33.5826411, 35.3498873], [33.5828332, 35.3500818], [33.5830763, 35.3502193], [33.5838867, 35.3505833], [33.5844201, 35.3508097], [33.5846303, 35.3509134]]}, "properties": {"feature_type": "road", "highway": "residential", "landuse": ""}}, {"type": "Feature", "geometry": {"type": "LineString", "coordinates": [[33.584877, 35.3510133], [33.5850485, 35.3510802], [33.5854552, 35.3511776], [33.5857328, 35.3512223], [33.5859873, 35.3512122], [33.5862122, 35.3511655], [33.5864329, 35.3510639], [33.5867331, 35.350888], [33.5869084, 35.3507729], [33.5870457, 35.3506993], [33.5871259, 35.3506811], [33.5872109, 35.3506731], [33.5872905, 35.3506703], [33.5873709, 35.3506768], [33.5874615, 35.3507279], [33.5876528, 35.3509341], [33.5879322, 35.3510951], [33.5884015, 35.3511787], [33.5886888, 35.3512086], [33.5889219, 35.3512209], [33.589057, 35.3512307], [33.5891637, 35.3512423], [33.5893116, 35.3510832]]}, "properties": {"feature_type": "road", "highway": "residential", "landuse": ""}}, {"type": "Feature", "geometry": {"type": "LineString", "coordinates": [[33.5891637, 35.3512423], [33.5890876, 35.3518453], [33.5890235, 35.3525716]]}, "properties": {"feature_type": "road", "highway": "residential", "landuse": ""}}, {"type": "Feature", "geometry": {"type": "LineString", "coordinates": [[33.5906705, 35.3525723], [33.5907045, 35.3530516], [33.5907158, 35.3531788]]}, "properties": {"feature_type": "road", "highway": "unclassified", "landuse": ""}}, {"type": "Feature", "geometry": {"type": "LineString", "coordinates": [[33.5846303, 35.3509134], [33.5847423, 35.3510629], [33.5848113, 35.3511338], [33.5854134, 35.3513987], [33.585745, 35.3514812]]}, "properties": {"feature_type": "road", "highway": "residential", "landuse": ""}}, {"type": "Feature", "geometry": {"type": "LineString", "coordinates": [[33.5848113, 35.3511338], [33.584877, 35.3510133]]}, "properties": {"feature_type": "road", "highway": "residential", "landuse": ""}}, {"type": "Feature", "geometry": {"type": "LineString", "coordinates": [[33.5798805, 35.339507], [33.5799548, 35.339434], [33.5799464, 35.3393791], [33.579898, 35.3392855], [33.5799134, 35.3392201]]}, "properties": {"feature_type": "road", "highway": "residential", "landuse": ""}}, {"type": "Feature", "geometry": {"type": "LineString", "coordinates": [[33.5874088, 35.3433749], [33.5876966, 35.3434261], [33.5879621, 35.3435199], [33.5883107, 35.3434882], [33.5887513, 35.3436614], [33.5891105, 35.3438389], [33.5891826, 35.3438773], [33.589483, 35.3440633], [33.5896993, 35.3441721], [33.5898344, 35.3442471], [33.5900517, 35.3443893], [33.5901509, 35.3444352], [33.5901749, 35.3445305], [33.5902447, 35.344548]]}, "properties": {"feature_type": "road", "highway": "residential", "landuse": ""}}, {"type": "Feature", "geometry": {"type": "LineString", "coordinates": [[33.5900517, 35.3443893], [33.5901885, 35.3441158], [33.5902662, 35.3439211]]}, "properties": {"feature_type": "road", "highway": "service", "landuse": ""}}, {"type": "Feature", "geometry": {"type": "LineString", "coordinates": [[33.589483, 35.3440633], [33.5897284, 35.3437201]]}, "properties": {"feature_type": "road", "highway": "service", "landuse": ""}}, {"type": "Feature", "geometry": {"type": "LineString", "coordinates": [[33.5891826, 35.3438773], [33.589526, 35.343571]]}, "properties": {"feature_type": "road", "highway": "service", "landuse": ""}}, {"type": "Feature", "geometry": {"type": "LineString", "coordinates": [[33.5789623, 35.3470587], [33.5795232, 35.3457391]]}, "properties": {"feature_type": "road", "highway": "residential", "landuse": ""}}, {"type": "Feature", "geometry": {"type": "LineString", "coordinates": [[33.5785194, 35.3449707], [33.5786089, 35.3450813], [33.5787198, 35.345242], [33.5787884, 35.3453114], [33.5789591, 35.3454813], [33.5787667, 35.3457631], [33.5786699, 35.3458954], [33.5785363, 35.3460538], [33.5785104, 35.3460897], [33.5784698, 35.3461459], [33.5784306, 35.3462801], [33.5783956, 35.3463945], [33.5783469, 35.3464831], [33.5782779, 35.3466065], [33.5782731, 35.3467344], [33.5782839, 35.3468044], [33.5782601, 35.3468937], [33.5781036, 35.3469966], [33.5778392, 35.347173], [33.5777271, 35.3472644], [33.5776311, 35.3473574], [33.577569, 35.347445], [33.5775425, 35.3474922]]}, "properties": {"feature_type": "road", "highway": "residential", "landuse": ""}}, {"type": "Feature", "geometry": {"type": "LineString", "coordinates": [[33.5888332, 35.3332453], [33.5885005, 35.3332794], [33.5880008, 35.3332994], [33.5874884, 35.333315], [33.5871862, 35.3333271], [33.586989, 35.3333496], [33.5868629, 35.3333698], [33.5867756, 35.3333906], [33.5866265, 35.3334619], [33.5865272, 35.3335447], [33.5863899, 35.3336974], [33.5860693, 35.3340378], [33.5858061, 35.3343473], [33.5856361, 35.3345392], [33.5854641, 35.3347122], [33.5852242, 35.3349113], [33.5851575, 35.3349546], [33.5848423, 35.335152], [33.5841912, 35.3355601]]}, "properties": {"feature_type": "road", "highway": "tertiary", "landuse": ""}}, {"type": "Feature", "geometry": {"type": "LineString", "coordinates": [[33.5797858, 35.3441211], [33.5799868, 35.3434829], [33.5799678, 35.3433654]]}, "properties": {"feature_type": "road", "highway": "residential", "landuse": ""}}, {"type": "Feature", "geometry": {"type": "LineString", "coordinates": [[33.585344, 35.3382132], [33.5852701, 35.3382338], [33.5852009, 35.3382658], [33.5851712, 35.3383009], [33.5851305, 35.3383734], [33.5850805, 35.338482], [33.5850432, 35.3385153], [33.5849914, 35.3385237], [33.5844386, 35.3384956]]}, "properties": {"feature_type": "road", "highway": "residential", "landuse": ""}}, {"type": "Feature", "geometry": {"type": "LineString", "coordinates": [[33.5869897, 35.3360277], [33.5870531, 35.336], [33.5873964, 35.3356372]]}, "properties": {"feature_type": "road", "highway": "residential", "landuse": ""}}, {"type": "Feature", "geometry": {"type": "LineString", "coordinates": [[33.6832248, 35.2570674], [33.6833211, 35.2569037], [33.6834227, 35.2567748], [33.6835141, 35.2566871], [33.6835994, 35.2566143], [33.6837265, 35.2565287], [33.6841431, 35.2562922], [33.6842622, 35.2562128], [33.6846964, 35.2559032], [33.6849464, 35.2557208], [33.6850917, 35.2556213], [33.6852533, 35.2555235], [33.6853828, 35.2554566], [33.6855389, 35.2553834], [33.6856616, 35.2553385], [33.6858162, 35.2552751]]}, "properties": {"feature_type": "road", "highway": "tertiary", "landuse": ""}}, {"type": "Feature", "geometry": {"type": "LineString", "coordinates": [[33.5811379, 35.3383759], [33.58119, 35.3384147], [33.5811742, 35.3385556], [33.5811922, 35.3385901], [33.5813587, 35.3386655]]}, "properties": {"feature_type": "road", "highway": "residential", "landuse": ""}}, {"type": "Feature", "geometry": {"type": "LineString", "coordinates": [[33.5841912, 35.3355601], [33.5841756, 35.335532], [33.58415, 35.3355092], [33.5841171, 35.335494], [33.5841033, 35.3354889], [33.58408, 35.3354878], [33.5840424, 35.3354912], [33.5840079, 35.335504], [33.5839799, 35.3355248], [33.5839612, 35.3355517], [33.5839536, 35.335582], [33.5839579, 35.3356127], [33.5839735, 35.3356408], [33.5839991, 35.3356636], [33.584032, 35.3356788], [33.5840691, 35.335685], [33.5841067, 35.3356816], [33.5841412, 35.3356688], [33.5841692, 35.335648], [33.5841879, 35.3356211], [33.5841955, 35.3355908], [33.5841912, 35.3355601]]}, "properties": {"feature_type": "road", "highway": "tertiary", "landuse": ""}}, {"type": "Feature", "geometry": {"type": "LineString", "coordinates": [[33.6570949, 35.3300408], [33.6580254, 35.3303562], [33.6587269, 35.3305693], [33.6592442, 35.3306373], [33.6598297, 35.3307013], [33.6601444, 35.3308624], [33.6604816, 35.3309659], [33.6608718, 35.3310504], [33.6615103, 35.3312379], [33.6624744, 35.3311874], [33.662905, 35.33114], [33.6634563, 35.3312359], [33.6638024, 35.3312893], [33.66415, 35.331561], [33.6646938, 35.33181], [33.6649946, 35.331863], [33.6654256, 35.3318829], [33.6662224, 35.3320222], [33.666881, 35.332261], [33.6674502, 35.3324667], [33.6680437, 35.3326656], [33.6685722, 35.3329177], [33.6689625, 35.3332825], [33.6695642, 35.3334948], [33.6699464, 35.3335611], [33.6704261, 35.3335346], [33.6710463, 35.3335029], [33.6713876, 35.3336064], [33.6715888, 35.3336208], [33.6720824, 35.3336996], [33.6724322, 35.3338807], [33.6727166, 35.3341569], [33.6730387, 35.334217], [33.6734653, 35.3342261], [33.6736764, 35.3343033], [33.6738502, 35.3346397], [33.6742151, 35.3349077], [33.6745322, 35.3350602], [33.6747436, 35.3353985], [33.6751339, 35.3356705], [33.6752315, 35.3359889], [33.6754673, 35.3362144], [33.6757437, 35.3359955], [33.6760446, 35.3357832], [33.6763536, 35.3357567], [33.6765162, 35.3357103], [33.6768089, 35.3358031], [33.6772073, 35.3358496], [33.6775651, 35.3359491], [33.6778903, 35.336148], [33.6782643, 35.3361149], [33.678614, 35.3360021], [33.6794189, 35.335896], [33.6797099, 35.3359415], [33.6798837, 35.3359617], [33.6799425, 35.336038], [33.6802076, 35.3363139], [33.6803377, 35.3365261], [33.6808012, 35.3365129], [33.6810451, 35.3366389], [33.6812321, 35.3369307], [33.6813703, 35.3371894], [33.6816264, 35.3373864], [33.6819244, 35.3372839], [33.6820777, 35.3369838], [33.6824167, 35.3368527], [33.6829393, 35.3369755], [33.6832567, 35.3370361], [33.6837423, 35.337049], [33.6839946, 35.3371907], [33.6842739, 35.3374634], [33.6851015, 35.3379169], [33.6862652, 35.3384961], [33.6869319, 35.3387813], [33.6884036, 35.3393915], [33.6890785, 35.3397099], [33.68942, 35.3399885], [33.6894037, 35.3404196], [33.689298, 35.3405323], [33.6889728, 35.3406318], [33.6889565, 35.3407711], [33.6890703, 35.3410099], [33.6894281, 35.3410298], [33.6897289, 35.3409568], [33.6900542, 35.3407844], [33.6902331, 35.3407114], [33.6904607, 35.3407777], [33.6909567, 35.3410033], [33.691347, 35.3410563], [33.6917698, 35.3412553], [33.6922333, 35.3410762], [33.6927049, 35.3410961], [33.6932578, 35.3413482], [33.6938273, 35.3417875], [33.6943067, 35.3420711], [33.6943392, 35.3421905], [33.6941197, 35.3425287], [33.6939164, 35.3429134], [33.6935424, 35.3432119], [33.693583, 35.3434374], [33.6936643, 35.3437292], [33.6939395, 35.3440225], [33.694559, 35.3441877], [33.6951327, 35.3442728], [33.6953388, 35.3442042], [33.6956076, 35.3439282], [33.6959572, 35.3438884], [33.6963801, 35.3440409], [33.6968558, 35.3442489], [33.6971935, 35.3440659], [33.6972419, 35.343643], [33.6974289, 35.3433976], [33.6979249, 35.3433976], [33.6982878, 35.3434005], [33.6987379, 35.3434096]]}, "properties": {"feature_type": "road", "highway": "unclassified", "landuse": ""}}, {"type": "Feature", "geometry": {"type": "LineString", "coordinates": [[33.7380927, 35.3970262], [33.7376136, 35.3967794]]}, "properties": {"feature_type": "road", "highway": "service", "landuse": ""}}, {"type": "Feature", "geometry": {"type": "LineString", "coordinates": [[33.785718, 35.2605064], [33.7858774, 35.2605289], [33.7862071, 35.2605515], [33.7863291, 35.2605333], [33.7864437, 35.2605162], [33.7870227, 35.2605181]]}, "properties": {"feature_type": "road", "highway": "residential", "landuse": ""}}, {"type": "Feature", "geometry": {"type": "LineString", "coordinates": [[33.6639597, 35.3614318], [33.6640133, 35.3609928], [33.6644897, 35.3598478]]}, "properties": {"feature_type": "road", "highway": "residential", "landuse": ""}}, {"type": "Feature", "geometry": {"type": "LineString", "coordinates": [[33.7127389, 35.3735232], [33.7128491, 35.373609], [33.7137636, 35.3743443], [33.7138136, 35.3743845], [33.714471, 35.3749029], [33.7150313, 35.3753576], [33.7156402, 35.3758672], [33.7177308, 35.3775103], [33.7188973, 35.3784351], [33.719234, 35.3787294], [33.7196355, 35.3792237], [33.719824, 35.3796915], [33.7199183, 35.3800342], [33.7200018, 35.3806624], [33.7200881, 35.3813038], [33.7201419, 35.3817541], [33.7201958, 35.3819759], [33.7202578, 35.3821934], [33.7204033, 35.3824833], [33.7205757, 35.382793], [33.7207712, 35.3830014], [33.7210067, 35.3832169], [33.721248, 35.3833901], [33.7218542, 35.383735], [33.7222556, 35.3839898], [33.7232617, 35.3845849], [33.7270165, 35.3867194], [33.7285432, 35.3876737], [33.7311798, 35.3891748], [33.7315611, 35.3894047], [33.7318198, 35.3895337], [33.7322228, 35.3897054], [33.7326349, 35.3898397], [33.7329304, 35.3899145], [33.7332081, 35.389974], [33.7335037, 35.390024], [33.7338004, 35.3900599], [33.7344584, 35.3901093], [33.736342, 35.390226], [33.7378119, 35.3903377], [33.7382619, 35.3903869], [33.7383523, 35.3904006], [33.7388432, 35.3904988], [33.7394104, 35.3906838], [33.7438714, 35.3922521], [33.7444042, 35.3924224], [33.7448421, 35.3925313], [33.7450514, 35.3925772], [33.7462243, 35.3928187]]}, "properties": {"feature_type": "road", "highway": "primary", "landuse": ""}}, {"type": "Feature", "geometry": {"type": "LineString", "coordinates": [[33.7099637, 35.371274], [33.710086, 35.3714358], [33.7101504, 35.37152], [33.7102302, 35.3715945], [33.7104314, 35.3717509], [33.7106634, 35.3719379]]}, "properties": {"feature_type": "road", "highway": "primary", "landuse": ""}}, {"type": "Feature", "geometry": {"type": "LineString", "coordinates": [[33.7127389, 35.3735232], [33.7122835, 35.3731114], [33.7117552, 35.3726709], [33.7113017, 35.3722901], [33.7111583, 35.3721623], [33.7111299, 35.372138]]}, "properties": {"feature_type": "road", "highway": "primary", "landuse": ""}}, {"type": "Feature", "geometry": {"type": "LineString", "coordinates": [[33.71101, 35.372187], [33.7110798, 35.3722369], [33.7114885, 35.3725889]]}, "properties": {"feature_type": "road", "highway": "primary", "landuse": ""}}, {"type": "Feature", "geometry": {"type": "LineString", "coordinates": [[33.7104524, 35.3724654], [33.7106027, 35.372426], [33.7110127, 35.3722685], [33.7110798, 35.3722369], [33.7111127, 35.3722111], [33.7111355, 35.3721909], [33.7111583, 35.3721623]]}, "properties": {"feature_type": "road", "highway": "primary", "landuse": ""}}, {"type": "Feature", "geometry": {"type": "LineString", "coordinates": [[33.7111299, 35.372138], [33.7109946, 35.3720265], [33.7107171, 35.3718143], [33.7102778, 35.3715079], [33.7099637, 35.371274]]}, "properties": {"feature_type": "road", "highway": "primary", "landuse": ""}}, {"type": "Feature", "geometry": {"type": "LineString", "coordinates": [[33.6327217, 35.3081941], [33.6328943, 35.3075753], [33.6330177, 35.3072032], [33.6330338, 35.3068574], [33.6330499, 35.3066253], [33.6330294, 35.3065269], [33.6330016, 35.3063933], [33.6329211, 35.3061307], [33.6328138, 35.3058373], [33.6327735, 35.3057957], [33.6326529, 35.305671], [33.6325188, 35.3056009], [33.6324276, 35.3055003], [33.6323954, 35.3053952], [33.6324544, 35.3052901], [33.6325295, 35.3052157], [33.6325724, 35.3051588], [33.6326046, 35.3050668], [33.63261, 35.3049136], [33.6325939, 35.3045503], [33.6325349, 35.304292], [33.6325081, 35.3040293], [33.6324759, 35.3037404], [33.6323686, 35.3029698], [33.6323418, 35.302462], [33.632331, 35.3022475], [33.6322613, 35.302103], [33.632154, 35.3019673], [33.6320843, 35.3018797], [33.6320789, 35.3018009], [33.6321272, 35.301709], [33.6322077, 35.3014945], [33.6322667, 35.301188], [33.6323525, 35.3009647], [33.6324544, 35.3008115], [33.632551, 35.3006714], [33.6325242, 35.3005663], [33.6324491, 35.3004087], [33.6323149, 35.3002467], [33.632154, 35.3001548], [33.6320306, 35.3000803], [33.6319287, 35.2999797], [33.6318912, 35.299879], [33.6318536, 35.2997958], [33.6317839, 35.2997389], [33.6316819, 35.2996995], [33.6315478, 35.2996644], [33.6314245, 35.2996206], [33.6312903, 35.2995988], [33.6311884, 35.2995637], [33.6311401, 35.2994849], [33.6311401, 35.2993974], [33.631108, 35.2991653], [33.6310221, 35.2988107], [33.6308987, 35.2984035], [33.6307378, 35.2981233], [33.6305983, 35.2978344], [33.6305876, 35.297738], [33.6305125, 35.2975585], [33.6301048, 35.2969543], [33.6299224, 35.2966216], [33.6296059, 35.2958948], [33.6294557, 35.2956189], [33.6293216, 35.2954219], [33.6291875, 35.2953081], [33.6290748, 35.2951373], [33.6289729, 35.2950366], [33.6288603, 35.2950016], [33.628635, 35.2950016], [33.6284204, 35.2949885], [33.6283238, 35.2948834]]}, "properties": {"feature_type": "road", "highway": "unclassified", "landuse": ""}}, {"type": "Feature", "geometry": {"type": "LineString", "coordinates": [[33.6283238, 35.2948834], [33.6281575, 35.294682], [33.6280234, 35.2944981], [33.6279912, 35.294358], [33.628018, 35.2942135], [33.6280663, 35.2940471], [33.6280341, 35.293907], [33.6278786, 35.2937844], [33.6275943, 35.2936749], [33.6274119, 35.2936093], [33.6273153, 35.2935304], [33.6272456, 35.293421], [33.6271705, 35.2932896], [33.6268647, 35.2928737], [33.6266126, 35.2922651], [33.6264009, 35.2921402], [33.6262057, 35.2920009], [33.625978, 35.2919345], [33.6255715, 35.2918084], [33.6253113, 35.2917487], [33.6249535, 35.2917022], [33.624669, 35.2916093], [33.6244576, 35.2914567], [33.6242218, 35.2912509], [33.6240591, 35.2909987], [33.6238721, 35.2907664], [33.6237176, 35.2905209], [33.6234005, 35.2902156], [33.6232217, 35.2899767], [33.6231485, 35.2897908], [33.623116, 35.2895851], [33.6230997, 35.2893661], [33.6230509, 35.2890807], [33.6231566, 35.2887621], [33.6231485, 35.2885365], [33.6231729, 35.2882577], [33.623181, 35.2880254], [33.6231241, 35.2877135], [33.623059, 35.2875077], [33.6229777, 35.2873399], [33.6229208, 35.2872223], [33.6226769, 35.2869436], [33.6223451, 35.2865418], [33.6220616, 35.2862299], [33.6218767, 35.2860187], [33.6217412, 35.2858074], [33.6215563, 35.2856666], [33.6212852, 35.2854654], [33.6211619, 35.2852038], [33.6209771, 35.2849121], [33.6208662, 35.284731], [33.6207183, 35.2846002], [33.6206197, 35.2844392], [33.6205087, 35.2842984], [33.6203362, 35.2842582], [33.6202499, 35.2840871], [33.6199418, 35.2832924], [33.6198925, 35.2829], [33.619757, 35.2826787], [33.6195968, 35.2824473], [33.6195228, 35.282236], [33.6195351, 35.2820147], [33.6194858, 35.2818437], [33.6194119, 35.2816022], [33.6193503, 35.2813909], [33.619264, 35.2811596], [33.6192887, 35.2809986], [33.6192887, 35.2808175], [33.6192024, 35.2806163], [33.6191038, 35.2804955], [33.6189805, 35.2804151]]}, "properties": {"feature_type": "road", "highway": "unclassified", "landuse": ""}}, {"type": "Feature", "geometry": {"type": "LineString", "coordinates": [[33.6189805, 35.2804151], [33.6188958, 35.2802422], [33.6187684, 35.2801035], [33.6186269, 35.2799937], [33.6185773, 35.2798608], [33.6185773, 35.2797105], [33.6185136, 35.2795487], [33.6184499, 35.2794101], [33.6183791, 35.2792772], [33.6182729, 35.2791616], [33.6181314, 35.2789882], [33.6179827, 35.2788033], [33.6178624, 35.2786126], [33.6177208, 35.2784566], [33.6176076, 35.2782833], [33.6175793, 35.2781157], [33.6174094, 35.2779828], [33.6172183, 35.2778441], [33.6170767, 35.2777343], [33.6169847, 35.2775552], [33.6168997, 35.2773356], [33.6168006, 35.2771391], [33.6166874, 35.2769484], [33.6165317, 35.276752], [33.6162981, 35.2765208], [33.6159067, 35.2761688], [33.6158097, 35.2760816], [33.6155336, 35.2757465], [33.6153354, 35.2753766], [33.6153014, 35.2752874], [33.6152363, 35.2751166], [33.615116, 35.2748219], [33.6150027, 35.2745098], [33.6148328, 35.2740822], [33.6146205, 35.2737066], [33.6143869, 35.2733252], [33.6140401, 35.272938], [33.6135587, 35.2724352], [33.6132968, 35.2719902], [33.6130986, 35.2716724], [33.6129288, 35.2713661], [33.6128509, 35.2710483], [33.6127943, 35.2708402], [33.6128438, 35.2706669], [33.6129642, 35.270453], [33.6129288, 35.2701641], [33.6128367, 35.2699098], [33.6126456, 35.2696671], [33.6124828, 35.2694764], [33.6123837, 35.269303], [33.6122705, 35.2690892], [33.6122068, 35.2688869], [33.6121643, 35.2685459], [33.6121147, 35.2682916], [33.6120156, 35.2680316], [33.6119166, 35.267812], [33.6117042, 35.267575], [33.6114423, 35.2673959], [33.611237, 35.2672803], [33.6110685, 35.2672969]]}, "properties": {"feature_type": "road", "highway": "unclassified", "landuse": ""}}, {"type": "Feature", "geometry": {"type": "LineString", "coordinates": [[33.6159067, 35.2761688], [33.616114, 35.2761452], [33.6163476, 35.2761221], [33.6165741, 35.2760412], [33.6168927, 35.2758909], [33.6173811, 35.2755904], [33.6175439, 35.2754402], [33.6175651, 35.2751686]]}, "properties": {"feature_type": "road", "highway": "service", "landuse": ""}}, {"type": "Feature", "geometry": {"type": "LineString", "coordinates": [[33.6153014, 35.2752874], [33.6152576, 35.2753766], [33.6152434, 35.2755962], [33.6152434, 35.2758332], [33.6152222, 35.2760296], [33.615208, 35.2762492], [33.615208, 35.2765555], [33.6151231, 35.2769138], [33.6150594, 35.2770987], [33.615031, 35.2772431], [33.6150098, 35.2774627], [33.6150169, 35.2776765], [33.6150452, 35.2778557], [33.6150169, 35.2779828], [33.6149319, 35.2782024], [33.6149178, 35.2784162], [33.6148966, 35.2787051], [33.6148116, 35.2788149], [33.6146984, 35.2789247], [33.6146417, 35.2791154], [33.61467, 35.2792829], [33.614755, 35.2794332], [33.6148682, 35.2795776], [33.6149744, 35.2796817], [33.6150169, 35.279751], [33.6149815, 35.2798261], [33.6148328, 35.2797914], [33.61467, 35.2797452], [33.6145356, 35.2797221], [33.6143728, 35.2797799], [33.6142807, 35.279855], [33.6141887, 35.2799417], [33.6140896, 35.2801035], [33.6140471, 35.2803808], [33.6139551, 35.2805657], [33.6139905, 35.2808604], [33.6141109, 35.281132], [33.6141816, 35.2812822], [33.6142807, 35.2814787], [33.6143303, 35.2815654], [33.6143444, 35.2816521], [33.6143444, 35.281785], [33.6143444, 35.2819352], [33.614394, 35.282045], [33.6144152, 35.2821663], [33.6144294, 35.2822992], [33.6144789, 35.2824206], [33.6145497, 35.282565], [33.6145497, 35.2827152], [33.6145143, 35.2828828], [33.6145285, 35.2830793], [33.6145568, 35.2832353], [33.614663, 35.2834375], [33.6147762, 35.2835877], [33.6148824, 35.2837726], [33.6148966, 35.2839749], [33.6149107, 35.2840673], [33.6149036, 35.2841713], [33.6148895, 35.28431], [33.6149178, 35.2844313], [33.6149603, 35.2845758]]}, "properties": {"feature_type": "road", "highway": "unclassified", "landuse": ""}}, {"type": "Feature", "geometry": {"type": "LineString", "coordinates": [[33.6149603, 35.2845758], [33.6149259, 35.2846965], [33.6148776, 35.2848366], [33.6148454, 35.2850162], [33.6148508, 35.2852877], [33.6148723, 35.2854628], [33.6149474, 35.2856818], [33.6150386, 35.2858569], [33.6150534, 35.2859209], [33.6150761, 35.2860189], [33.6150761, 35.2862029], [33.6150708, 35.2863693], [33.6150815, 35.2865094], [33.6151083, 35.2867108], [33.6151029, 35.2868947], [33.6151029, 35.2871268], [33.6150922, 35.2873545], [33.6150976, 35.2874946], [33.6151566, 35.2875997], [33.6152692, 35.2876873], [33.6153765, 35.2877354], [33.6155214, 35.2877749], [33.6156501, 35.2877749], [33.6157467, 35.2877705], [33.6158808, 35.287788], [33.6159881, 35.2878318], [33.616031, 35.2878975], [33.6159934, 35.287985], [33.6159934, 35.2881164], [33.6159827, 35.2882346], [33.6159237, 35.2883485], [33.6158486, 35.2884536], [33.615811, 35.2885543], [33.6157896, 35.2887075], [33.615752, 35.2889615], [33.6157145, 35.2891147], [33.6155214, 35.2891717], [33.6154194, 35.2892373], [33.6153122, 35.2893643], [33.615178, 35.2894782], [33.6150815, 35.289627], [33.6146577, 35.2906648], [33.6145504, 35.290875], [33.6144968, 35.2911114], [33.6144002, 35.2914486], [33.6143466, 35.2916237], [33.6143358, 35.2918076], [33.6143734, 35.2920703], [33.6144646, 35.2923724], [33.614647, 35.2926658], [33.6148776, 35.2928847], [33.6150278, 35.2930204], [33.6153122, 35.2932831], [33.6156555, 35.2937166], [33.615913, 35.2939793], [33.615972, 35.2941238]]}, "properties": {"feature_type": "road", "highway": "unclassified", "landuse": ""}}, {"type": "Feature", "geometry": {"type": "LineString", "coordinates": [[33.615972, 35.2941238], [33.6159876, 35.2942665], [33.6159507, 35.2944275], [33.6159014, 35.2946287], [33.6158746, 35.2946665], [33.6158089, 35.2947594], [33.6156549, 35.2949606], [33.6155686, 35.2950813], [33.6155317, 35.2952724], [33.615507, 35.2954384], [33.6154392, 35.2955792], [33.6153591, 35.2958055], [33.6153468, 35.2960872], [33.6152975, 35.2962833], [33.6152174, 35.2964845], [33.6151681, 35.2966807], [33.6151373, 35.2968014], [33.6150572, 35.2968667], [33.6149586, 35.2968768], [33.6148292, 35.2968667], [33.6146012, 35.2968215], [33.6143054, 35.2968014], [33.6140712, 35.2968164], [33.6138679, 35.2968014], [33.6136276, 35.2967662], [33.6134057, 35.2967108], [33.6131654, 35.2966253], [33.6129312, 35.296575], [33.6126663, 35.2965147], [33.6123089, 35.2964745], [33.6119083, 35.2964191], [33.611514, 35.2964594], [33.6113045, 35.2964644], [33.6111011, 35.2965197], [33.6109347, 35.2966203], [33.6107499, 35.296746], [33.6105465, 35.2968667], [33.6103801, 35.2970126], [33.6101768, 35.2971434], [33.6099734, 35.297259], [33.6097886, 35.2973194], [33.6094928, 35.2974099], [33.6091477, 35.2976463], [33.6090122, 35.2977469], [33.6088643, 35.2977972], [33.6086609, 35.2977368], [33.6077801, 35.2973894]]}, "properties": {"feature_type": "road", "highway": "unclassified", "landuse": ""}}, {"type": "Feature", "geometry": {"type": "LineString", "coordinates": [[33.6159876, 35.2942665], [33.614986, 35.2939742]]}, "properties": {"feature_type": "road", "highway": "service", "landuse": ""}}, {"type": "Feature", "geometry": {"type": "LineString", "coordinates": [[33.6158746, 35.2946665], [33.6160609, 35.2946347], [33.6162808, 35.2945909], [33.6164954, 35.2945734], [33.6167314, 35.2945952], [33.6170157, 35.2946215], [33.617241, 35.2947397], [33.6175522, 35.2949105], [33.6177399, 35.295055], [33.6178955, 35.295217], [33.6179384, 35.2953921], [33.6179813, 35.2956023], [33.6180564, 35.2957555], [33.6181959, 35.2958387], [33.618389, 35.2959], [33.6185768, 35.2959175], [33.6191079, 35.2961671], [33.6195638, 35.2963947], [33.6196389, 35.2965173], [33.6196872, 35.296675], [33.6196658, 35.2968107], [33.6192259, 35.2980191], [33.6192634, 35.2980804], [33.6194405, 35.2981811], [33.6196818, 35.2982818], [33.6200788, 35.2984525], [33.6203524, 35.2985576], [33.6207333, 35.2986627], [33.6211946, 35.298794], [33.6215648, 35.2988947], [33.6218115, 35.2989079], [33.6220905, 35.298921], [33.6224123, 35.2989035], [33.6226806, 35.2988597], [33.6227825, 35.2989254], [33.6228361, 35.2990129], [33.6229005, 35.2991092], [33.6230346, 35.2991487], [33.6231473, 35.2992231], [33.6232224, 35.2993106], [33.6233511, 35.2993851], [33.6234691, 35.2995252], [33.6235335, 35.2996784], [33.6235818, 35.2998273], [33.6236086, 35.2999498], [33.6236569, 35.3000287], [33.6238178, 35.3000593], [33.6240485, 35.3000856], [33.6243489, 35.3001512], [33.6246064, 35.3002388], [33.6248317, 35.3002782], [33.625116, 35.3002913], [33.6252179, 35.3003089], [33.6253252, 35.3003439], [33.6254164, 35.3004139], [33.6255022, 35.3005059]]}, "properties": {"feature_type": "road", "highway": "unclassified", "landuse": ""}}, {"type": "Feature", "geometry": {"type": "LineString", "coordinates": [[33.6255022, 35.3005059], [33.6256095, 35.3005672], [33.6257919, 35.3006022], [33.6258992, 35.3006022], [33.6260172, 35.300646], [33.6261031, 35.3007248], [33.6261943, 35.300843], [33.6263874, 35.3009831], [33.6265751, 35.3010444], [33.6267361, 35.3011232], [33.6269506, 35.3012414], [33.6271008, 35.3014077], [33.6271759, 35.3015522], [33.6272618, 35.3016879], [33.6273905, 35.3017492], [33.6275515, 35.301793], [33.6277446, 35.3018237], [33.6278519, 35.3018412], [33.6280289, 35.3019112], [33.6282059, 35.3020032], [33.6284044, 35.3020907], [33.6286565, 35.3021651], [33.628855, 35.3022527], [33.6290428, 35.3023096], [33.6292359, 35.3023315], [33.6293485, 35.3023315], [33.6294773, 35.3023884], [33.6296543, 35.3025592], [33.6299869, 35.3029269], [33.6302873, 35.303264], [33.6304536, 35.3034435], [33.6307111, 35.3036142], [33.6312153, 35.3038988], [33.631725, 35.3041571], [33.6321809, 35.3043716], [33.6324921, 35.3045336], [33.6325939, 35.3045503]]}, "properties": {"feature_type": "road", "highway": "unclassified", "landuse": ""}}, {"type": "Feature", "geometry": {"type": "LineString", "coordinates": [[33.6327735, 35.3057957], [33.6330069, 35.3057403], [33.6332508, 35.3056607], [33.6335354, 35.3056142], [33.6336818, 35.3055213], [33.6338444, 35.3053952], [33.6340964, 35.3052227], [33.6342753, 35.3050834], [33.634381, 35.3049573], [33.6344949, 35.3047383], [33.634568, 35.3045857], [33.6346006, 35.3043933], [33.6347388, 35.3042207], [33.6348282, 35.3040548], [33.6349095, 35.3038292], [33.6349421, 35.3036567], [33.6350559, 35.3035439], [33.6352185, 35.303305], [33.635373, 35.3029799], [33.6354868, 35.3026879], [33.6355925, 35.302449], [33.6356657, 35.3022632], [33.6356738, 35.3019447], [33.6357064, 35.3014271], [33.6356738, 35.3011484], [33.6357714, 35.3010223], [33.6359666, 35.3008431], [33.6362349, 35.3007901], [33.6364382, 35.3008365], [33.6366333, 35.300883], [33.6367959, 35.3009029], [33.6370073, 35.3009029], [33.6372675, 35.3008299], [33.6375033, 35.3008299], [33.6376741, 35.300863], [33.6378285, 35.3008498], [33.6379424, 35.3007768], [33.6381456, 35.300737], [33.6382757, 35.3007635], [33.6384465, 35.3007768], [33.6385928, 35.3007967], [33.6386986, 35.3008763], [33.6388124, 35.3009493], [33.6390238, 35.3009891], [33.6392189, 35.3010157], [33.6394251, 35.3010427]]}, "properties": {"feature_type": "road", "highway": "unclassified", "landuse": ""}}, {"type": "Feature", "geometry": {"type": "LineString", "coordinates": [[33.6330294, 35.3065269], [33.6331451, 35.3064436], [33.6332183, 35.3062247], [33.6333403, 35.3059858], [33.6334378, 35.3057934], [33.6335354, 35.3056142]]}, "properties": {"feature_type": "road", "highway": "unclassified", "landuse": ""}}, {"type": "Feature", "geometry": {"type": "LineString", "coordinates": [[33.7876433, 35.2598817], [33.787505, 35.2600659], [33.7874432, 35.2601954], [33.7874195, 35.2602933], [33.78739, 35.2604675], [33.787357, 35.26059], [33.787286, 35.2606962]]}, "properties": {"feature_type": "road", "highway": "residential", "landuse": ""}}, {"type": "Feature", "geometry": {"type": "LineString", "coordinates": [[33.7875092, 35.2597409], [33.7876433, 35.2598817]]}, "properties": {"feature_type": "road", "highway": "residential", "landuse": ""}}, {"type": "Feature", "geometry": {"type": "LineString", "coordinates": [[33.7854737, 35.2599098], [33.78557, 35.2599998], [33.785664, 35.2601004], [33.7857069, 35.2601979], [33.785731, 35.2603545], [33.7857364, 35.2604476], [33.785718, 35.2605064], [33.7857042, 35.2605505], [33.7856318, 35.26066], [33.7855379, 35.2608221], [33.785474, 35.260909], [33.785403, 35.2609749], [33.7853743, 35.2610258], [33.7853158, 35.2612017], [33.7852584, 35.2613682]]}, "properties": {"feature_type": "road", "highway": "secondary", "landuse": ""}}, {"type": "Feature", "geometry": {"type": "LineString", "coordinates": [[33.7858944, 35.2597447], [33.7857036, 35.2598108], [33.7854737, 35.2599098]]}, "properties": {"feature_type": "road", "highway": "secondary", "landuse": ""}}, {"type": "Feature", "geometry": {"type": "LineString", "coordinates": [[33.7832633, 35.259784], [33.7832041, 35.2602109]]}, "properties": {"feature_type": "road", "highway": "residential", "landuse": ""}}, {"type": "Feature", "geometry": {"type": "LineString", "coordinates": [[33.8259221, 35.2682369], [33.8257603, 35.268077]]}, "properties": {"feature_type": "road", "highway": "residential", "landuse": ""}}, {"type": "Feature", "geometry": {"type": "LineString", "coordinates": [[33.6011171, 35.2587719], [33.6010918, 35.2586173], [33.6010434, 35.2584013], [33.6009431, 35.2581965], [33.6009127, 35.2580834], [33.6008975, 35.2579827], [33.6009093, 35.2578902], [33.600987, 35.2577191], [33.6011408, 35.2575577], [33.6011881, 35.2575108], [33.6012118, 35.2574735], [33.6012337, 35.2573963], [33.601276, 35.2571548], [33.6013317, 35.2568416], [33.6013712, 35.2565785]]}, "properties": {"feature_type": "road", "highway": "residential", "landuse": ""}}, {"type": "Feature", "geometry": {"type": "LineString", "coordinates": [[33.6013712, 35.2565785], [33.6014757, 35.2568935], [33.6016843, 35.2572237], [33.6017461, 35.2573663], [33.6017589, 35.2574828], [33.6017397, 35.2576496], [33.6016865, 35.2577783], [33.6015311, 35.2579991], [33.6014012, 35.2582859], [33.6013033, 35.2584371], [33.6011171, 35.2587719]]}, "properties": {"feature_type": "road", "highway": "residential", "landuse": ""}}, {"type": "Feature", "geometry": {"type": "LineString", "coordinates": [[33.5962756, 35.2542985], [33.5958363, 35.2543067], [33.5952913, 35.2542546], [33.5945803, 35.2541746], [33.5942908, 35.2541989], [33.593882, 35.2542302], [33.5936223, 35.2542059], [33.5927069, 35.2539451], [33.5923325, 35.2538516]]}, "properties": {"feature_type": "road", "highway": "unclassified", "landuse": ""}}, {"type": "Feature", "geometry": {"type": "LineString", "coordinates": [[33.6107748, 35.2474745], [33.611186, 35.2476423], [33.6116127, 35.2478279], [33.6116557, 35.2478863], [33.6116061, 35.2480133], [33.6115055, 35.2480823], [33.6113633, 35.2481699], [33.6112158, 35.2482455], [33.611016, 35.2483145], [33.6107799, 35.2484076], [33.610678, 35.2484602], [33.6106069, 35.248516], [33.6104943, 35.2487044], [33.6104447, 35.2489267], [33.6104257, 35.2493062]]}, "properties": {"feature_type": "road", "highway": "service", "landuse": ""}}, {"type": "Feature", "geometry": {"type": "LineString", "coordinates": [[33.6081258, 35.2488485], [33.6080838, 35.2478182], [33.608065, 35.2474055], [33.6080557, 35.2468208], [33.6080873, 35.2466877], [33.6081773, 35.2464501]]}, "properties": {"feature_type": "road", "highway": "residential", "landuse": ""}}, {"type": "Feature", "geometry": {"type": "LineString", "coordinates": [[33.6101859, 35.247239], [33.6098613, 35.2475291], [33.6096213, 35.2476892], [33.6093983, 35.2478852], [33.6092057, 35.2481142], [33.6089894, 35.2483267], [33.6087393, 35.2484895], [33.6081258, 35.2488485]]}, "properties": {"feature_type": "road", "highway": "residential", "landuse": ""}}, {"type": "Feature", "geometry": {"type": "LineString", "coordinates": [[33.6627985, 35.264568], [33.6619375, 35.2645162]]}, "properties": {"feature_type": "road", "highway": "residential", "landuse": ""}}, {"type": "Feature", "geometry": {"type": "LineString", "coordinates": [[33.6618564, 35.2645918], [33.6611436, 35.2643329], [33.6610645, 35.2643161]]}, "properties": {"feature_type": "road", "highway": "residential", "landuse": ""}}, {"type": "Feature", "geometry": {"type": "LineString", "coordinates": [[33.6601241, 35.2648526], [33.6602794, 35.2651555]]}, "properties": {"feature_type": "road", "highway": "residential", "landuse": ""}}, {"type": "Feature", "geometry": {"type": "LineString", "coordinates": [[33.8295162, 35.2750142], [33.8291342, 35.2744078], [33.8281776, 35.2730961], [33.8275034, 35.2722096], [33.8270645, 35.2715921], [33.8268728, 35.2714589], [33.826333, 35.2708784], [33.826278, 35.2707777], [33.8261452, 35.2703814], [33.8261291, 35.2702981], [33.8261399, 35.2702062], [33.8262089, 35.2699611], [33.8261962, 35.2698426], [33.8261613, 35.2697419], [33.826113, 35.269593], [33.8260916, 35.2694791], [33.8261585, 35.2693027], [33.8264, 35.2692032], [33.8264751, 35.2691003], [33.826569, 35.2689141], [33.8266119, 35.2687652], [33.8266331, 35.2683357], [33.8266602, 35.2680119], [33.8267036, 35.267735], [33.8268959, 35.2672219], [33.8270465, 35.2669848], [33.8273713, 35.2666436], [33.8283688, 35.2655977], [33.8285163, 35.2654431], [33.8287443, 35.265119], [33.8293317, 35.2641247], [33.8300539, 35.2628598]]}, "properties": {"feature_type": "road", "highway": "tertiary", "landuse": ""}}, {"type": "Feature", "geometry": {"type": "LineString", "coordinates": [[33.7526643, 35.373255], [33.7528001, 35.3731214], [33.7528513, 35.3730735], [33.7529194, 35.3730141], [33.7529844, 35.3729335], [33.7530737, 35.3728524], [33.7531836, 35.3727466], [33.7533244, 35.3725921], [33.7533526, 35.3724562], [33.7533582, 35.3722669], [33.7533309, 35.3721565], [33.7533155, 35.3720943], [33.7534492, 35.371849], [33.7534158, 35.3717339], [33.7533471, 35.3716415], [33.7533619, 35.371484], [33.7534102, 35.3714492]]}, "properties": {"feature_type": "road", "highway": "tertiary", "landuse": ""}}, {"type": "Feature", "geometry": {"type": "LineString", "coordinates": [[33.7542079, 35.3724249], [33.7542711, 35.3723175], [33.7542926, 35.3722183], [33.7543174, 35.3718767], [33.7543228, 35.3717054], [33.7544437, 35.3716413], [33.7546053, 35.3715791], [33.7547705, 35.3714822], [33.7548653, 35.3714037], [33.7549331, 35.3713748], [33.7549949, 35.3713871], [33.7550427, 35.3714153], [33.7550607, 35.3714402], [33.7550674, 35.3714684], [33.7550624, 35.3715741], [33.7550317, 35.371768], [33.7550744, 35.3719488], [33.7551673, 35.3722147], [33.7552969, 35.3724697], [33.7553897, 35.372655], [33.7555113, 35.3726922], [33.7556406, 35.3727098], [33.7558241, 35.3726609], [33.755956, 35.3724385], [33.7560405, 35.3722477], [33.756046, 35.3721805]]}, "properties": {"feature_type": "road", "highway": "tertiary", "landuse": ""}}, {"type": "Feature", "geometry": {"type": "LineString", "coordinates": [[33.7539078, 35.3755094], [33.7537579, 35.3754577], [33.7535599, 35.3754133], [33.7533185, 35.3753452], [33.7530832, 35.3752095], [33.7529006, 35.3750635], [33.752804, 35.374959], [33.7526165, 35.374847], [33.7524345, 35.3748167], [33.7521891, 35.3748208]]}, "properties": {"feature_type": "road", "highway": "residential", "landuse": ""}}, {"type": "Feature", "geometry": {"type": "LineString", "coordinates": [[33.7817333, 35.3391004], [33.7820897, 35.339527], [33.7824139, 35.3398623], [33.7827255, 35.3401833], [33.7831575, 35.3406407], [33.783372, 35.3407501], [33.7835598, 35.3407195], [33.7837905, 35.3407108], [33.7843698, 35.3409952], [33.7844287, 35.3410544], [33.7845437, 35.3412998], [33.7846102, 35.3413529], [33.7849474, 35.3415037], [33.7850629, 35.3415009], [33.7854874, 35.3413811], [33.7855866, 35.3413716], [33.7858611, 35.3413453], [33.7861991, 35.341389], [33.7865907, 35.3415203], [33.7866901, 35.3415744], [33.7867819, 35.3417193], [33.7868288, 35.3417932], [33.7869046, 35.3418555], [33.7872682, 35.3420266], [33.7873857, 35.3420482], [33.7875865, 35.3420409], [33.7876923, 35.3420725], [33.7878408, 35.3421774], [33.787886, 35.3423], [33.7878988, 35.3425796], [33.7879371, 35.3426612], [33.7880257, 35.3427105], [33.7883329, 35.3427565], [33.7886038, 35.3428632], [33.7888598, 35.3428943], [33.789061, 35.3429752], [33.7892018, 35.3430113], [33.7894566, 35.3430529], [33.7896068, 35.3431153], [33.7897785, 35.3432433], [33.7899958, 35.3433264], [33.7901272, 35.3433833], [33.7903512, 35.343496], [33.7904636, 35.3435504], [33.7905657, 35.3435999], [33.7909788, 35.3436983], [33.7910995, 35.3437684], [33.7911464, 35.3440178], [33.7912001, 35.3441458], [33.7913127, 35.3442311], [33.7915903, 35.3443098], [33.7920529, 35.3443601], [33.7921336, 35.3443956], [33.7921705, 35.344474], [33.7921612, 35.3445962], [33.7921062, 35.3446979], [33.7919965, 35.3447904], [33.7919631, 35.344881], [33.7919551, 35.3449093], [33.7919519, 35.3449508], [33.7920402, 35.3452196], [33.792053, 35.3454672], [33.792053, 35.3456182], [33.7920691, 35.3457735], [33.7920865, 35.3459212], [33.7921, 35.3460689], [33.7920986, 35.3462931], [33.7921053, 35.3464266], [33.7921536, 35.3466082], [33.7921965, 35.3467263], [33.7923306, 35.3467996], [33.792458, 35.3468073], [33.7925626, 35.3467897], [33.7927531, 35.3467317], [33.7928818, 35.3466869], [33.7929931, 35.3466792], [33.793134, 35.3467033], [33.7933244, 35.3467656], [33.7935189, 35.3468324], [33.7936664, 35.3469242], [33.7938568, 35.3471025], [33.7939842, 35.3471879], [33.7940774, 35.3472143], [33.7941773, 35.3472021], [33.7942886, 35.3471124], [33.7944026, 35.3470687], [33.7946239, 35.347003], [33.7948412, 35.3469724], [33.7950289, 35.3469341], [33.7952033, 35.3469101], [33.7953642, 35.3469079], [33.7954916, 35.3469429], [33.7955895, 35.347014], [33.7956606, 35.3471431], [33.7958403, 35.3475019], [33.7959744, 35.3475642], [33.796142, 35.3475237], [33.7963606, 35.3474439], [33.7965886, 35.3473542], [33.7967724, 35.3472798], [33.7969869, 35.3472218], [33.7971278, 35.3472065], [33.7973974, 35.3473033], [33.7975357, 35.3473224], [33.7977575, 35.3472998], [33.7979671, 35.3472696], [33.7982228, 35.3472822], [33.7984982, 35.3473314]]}, "properties": {"feature_type": "road", "highway": "unclassified", "landuse": ""}}, {"type": "Feature", "geometry": {"type": "LineString", "coordinates": [[33.7515501, 35.3742804], [33.7511352, 35.3742199], [33.7510893, 35.3742151], [33.7510259, 35.3742084], [33.7509187, 35.3741554]]}, "properties": {"feature_type": "road", "highway": "residential", "landuse": ""}}, {"type": "Feature", "geometry": {"type": "LineString", "coordinates": [[33.7419751, 35.4000364], [33.7418295, 35.4003781], [33.7417169, 35.4005741], [33.7416063, 35.4006545], [33.7413874, 35.4005662], [33.7406954, 35.3999693], [33.7404755, 35.3997791], [33.7402942, 35.3994108]]}, "properties": {"feature_type": "road", "highway": "unclassified", "landuse": ""}}, {"type": "Feature", "geometry": {"type": "LineString", "coordinates": [[33.7533155, 35.3720943], [33.7530121, 35.3720044], [33.7530188, 35.3718677], [33.7531127, 35.3717835], [33.7533471, 35.3716415]]}, "properties": {"feature_type": "road", "highway": "residential", "landuse": ""}}, {"type": "Feature", "geometry": {"type": "LineString", "coordinates": [[33.7529194, 35.3730141], [33.7528418, 35.3728639], [33.7529558, 35.3727108], [33.7530027, 35.3725446], [33.7530591, 35.3723992], [33.7531194, 35.372304], [33.753287, 35.3721673], [33.7533309, 35.3721565]]}, "properties": {"feature_type": "road", "highway": "residential", "landuse": ""}}, {"type": "Feature", "geometry": {"type": "LineString", "coordinates": [[33.7563488, 35.3708988], [33.7561932, 35.3709677], [33.7560323, 35.3710628], [33.7559558, 35.3711197], [33.7558727, 35.371205]]}, "properties": {"feature_type": "road", "highway": "residential", "landuse": ""}}, {"type": "Feature", "geometry": {"type": "LineString", "coordinates": [[33.7556266, 35.3721187], [33.756046, 35.3721805]]}, "properties": {"feature_type": "road", "highway": "residential", "landuse": ""}}, {"type": "Feature", "geometry": {"type": "LineString", "coordinates": [[33.7540054, 35.3723757], [33.7539697, 35.3724517], [33.7538289, 35.3725665], [33.753735, 35.372643], [33.7536411, 35.3726811]]}, "properties": {"feature_type": "road", "highway": "residential", "landuse": ""}}, {"type": "Feature", "geometry": {"type": "LineString", "coordinates": [[33.7534918, 35.372928], [33.7536478, 35.3729897], [33.7537913, 35.373099]]}, "properties": {"feature_type": "road", "highway": "residential", "landuse": ""}}, {"type": "Feature", "geometry": {"type": "LineString", "coordinates": [[33.7544936, 35.3728024], [33.7544699, 35.3729073], [33.7544376, 35.3729071], [33.7543519, 35.3728956], [33.754191, 35.3728574], [33.7540193, 35.3728005], [33.7538832, 35.3727622], [33.7537625, 35.3727065], [33.7536411, 35.3726811]]}, "properties": {"feature_type": "road", "highway": "residential", "landuse": ""}}, {"type": "Feature", "geometry": {"type": "LineString", "coordinates": [[33.7542302, 35.3737479], [33.7541896, 35.3738262]]}, "properties": {"feature_type": "road", "highway": "residential", "landuse": ""}}, {"type": "Feature", "geometry": {"type": "LineString", "coordinates": [[33.7522067, 35.3746102], [33.7523174, 35.3746158], [33.7524287, 35.3746245], [33.7525253, 35.3746081], [33.752587, 35.3744845], [33.752646, 35.3743697], [33.7528069, 35.3744113], [33.7530068, 35.3744364], [33.7530738, 35.3743621], [33.7531275, 35.3742713], [33.7532321, 35.3742254], [33.7532698, 35.3740853]]}, "properties": {"feature_type": "road", "highway": "residential", "landuse": ""}}, {"type": "Feature", "geometry": {"type": "LineString", "coordinates": [[33.7521948, 35.3750523], [33.7522276, 35.3750728], [33.7523349, 35.3751024], [33.7523724, 35.3751439], [33.7523778, 35.3751953], [33.7525266, 35.375262], [33.7525454, 35.3753429], [33.7525722, 35.3754086], [33.7525736, 35.3754479], [33.7526675, 35.3754851], [33.7526795, 35.3755267], [33.7527774, 35.3755813], [33.7527989, 35.3755474], [33.7529105, 35.3754297], [33.7530832, 35.3752095]]}, "properties": {"feature_type": "road", "highway": "residential", "landuse": ""}}, {"type": "Feature", "geometry": {"type": "LineString", "coordinates": [[33.7536981, 35.3712272], [33.7536746, 35.371135], [33.7536746, 35.3709852], [33.7536813, 35.3708758], [33.7537041, 35.3707971], [33.753802, 35.3707063], [33.7539187, 35.3706714], [33.7540367, 35.3707173], [33.7541065, 35.3707829]]}, "properties": {"feature_type": "road", "highway": "residential", "landuse": ""}}, {"type": "Feature", "geometry": {"type": "LineString", "coordinates": [[33.7568689, 35.3711209], [33.7569644, 35.370936], [33.7571025, 35.3707577], [33.7572755, 35.3706757], [33.7574136, 35.3706298]]}, "properties": {"feature_type": "road", "highway": "residential", "landuse": ""}}, {"type": "Feature", "geometry": {"type": "LineString", "coordinates": [[33.7502087, 35.3782432], [33.750118, 35.3781226], [33.750051, 35.377975], [33.7500483, 35.377893]]}, "properties": {"feature_type": "road", "highway": "residential", "landuse": ""}}, {"type": "Feature", "geometry": {"type": "LineString", "coordinates": [[33.7514892, 35.37728], [33.7512459, 35.3774654], [33.7511145, 35.3776262], [33.7509388, 35.3777902], [33.750798, 35.3779531], [33.7506974, 35.3780493], [33.7505633, 35.3781587], [33.7504023, 35.3782243], [33.7502427, 35.3782461], [33.7502087, 35.3782432], [33.7500443, 35.3782287]]}, "properties": {"feature_type": "road", "highway": "residential", "landuse": ""}}, {"type": "Feature", "geometry": {"type": "LineString", "coordinates": [[33.7542136, 35.3711262], [33.7545442, 35.3709884], [33.7546538, 35.3708536], [33.7548358, 35.3706598], [33.7551237, 35.3704448], [33.7554115, 35.3702903], [33.7555359, 35.3702388], [33.7558123, 35.3701869], [33.7561879, 35.3702328], [33.7565137, 35.3701585], [33.7566237, 35.3703061], [33.7565164, 35.3704701], [33.7563582, 35.3705532], [33.7562415, 35.370632], [33.7562147, 35.3707085], [33.7562509, 35.3708037], [33.7563488, 35.3708988], [33.7567311, 35.3712037]]}, "properties": {"feature_type": "road", "highway": "residential", "landuse": ""}}, {"type": "Feature", "geometry": {"type": "LineString", "coordinates": [[33.7536411, 35.3726811], [33.7535029, 35.3726464], [33.7533668, 35.372605], [33.7533244, 35.3725921]]}, "properties": {"feature_type": "road", "highway": "residential", "landuse": ""}}, {"type": "Feature", "geometry": {"type": "LineString", "coordinates": [[33.7488163, 35.3909305], [33.748352, 35.3906485], [33.7482088, 35.3905615]]}, "properties": {"feature_type": "road", "highway": "residential", "landuse": ""}}, {"type": "Feature", "geometry": {"type": "LineString", "coordinates": [[33.6866964, 35.3653317], [33.6868851, 35.3646664], [33.6868085, 35.3644597], [33.6869853, 35.3639788], [33.6864959, 35.363849]]}, "properties": {"feature_type": "road", "highway": "residential", "landuse": ""}}, {"type": "Feature", "geometry": {"type": "LineString", "coordinates": [[33.7521076, 35.3738515], [33.751907, 35.3737437]]}, "properties": {"feature_type": "road", "highway": "residential", "landuse": ""}}, {"type": "Feature", "geometry": {"type": "LineString", "coordinates": [[33.7561878, 35.3718983], [33.7564931, 35.3720184], [33.7568068, 35.3719936], [33.7571023, 35.3719141]]}, "properties": {"feature_type": "road", "highway": "residential", "landuse": ""}}, {"type": "Feature", "geometry": {"type": "LineString", "coordinates": [[33.7542079, 35.3724249], [33.7544049, 35.3725497], [33.7544681, 35.3726845], [33.7544936, 35.3728024]]}, "properties": {"feature_type": "road", "highway": "residential", "landuse": ""}}, {"type": "Feature", "geometry": {"type": "LineString", "coordinates": [[33.7928911, 35.4088804], [33.7925736, 35.4099682]]}, "properties": {"feature_type": "road", "highway": "residential", "landuse": ""}}, {"type": "Feature", "geometry": {"type": "LineString", "coordinates": [[33.748352, 35.3906485], [33.7479745, 35.3908217], [33.7472288, 35.3911571], [33.746955, 35.3912788], [33.7465973, 35.3914456]]}, "properties": {"feature_type": "road", "highway": "residential", "landuse": ""}}, {"type": "Feature", "geometry": {"type": "LineString", "coordinates": [[33.7472288, 35.3911571], [33.747309, 35.3912419], [33.7473732, 35.3912971], [33.7474465, 35.3913197], [33.7476763, 35.3913786], [33.747819, 35.3914716], [33.7478435, 35.3915088], [33.7478437, 35.391559], [33.7477689, 35.3916362], [33.7477376, 35.3917034], [33.747798, 35.3917838], [33.7480667, 35.3918856]]}, "properties": {"feature_type": "road", "highway": "service", "landuse": ""}}, {"type": "Feature", "geometry": {"type": "LineString", "coordinates": [[33.7496404, 35.393593], [33.7498275, 35.3932875], [33.7499379, 35.3931871], [33.7501598, 35.3930456], [33.7502465, 35.3929668], [33.750412, 35.3927723], [33.7504878, 35.3926215], [33.7505684, 35.3923855], [33.7506679, 35.3922071], [33.7508014, 35.3916826], [33.7508677, 35.3915668], [33.7509374, 35.3911732], [33.7509468, 35.3908189], [33.7509354, 35.3904478], [33.7509663, 35.3903986], [33.7509622, 35.3903734], [33.7509388, 35.3902963], [33.7509361, 35.3902133], [33.7509897, 35.3899968], [33.7511265, 35.3897103], [33.7511909, 35.3894982], [33.751258, 35.3892249], [33.7511936, 35.3890325], [33.7510991, 35.3889773]]}, "properties": {"feature_type": "road", "highway": "unclassified", "landuse": ""}}, {"type": "Feature", "geometry": {"type": "LineString", "coordinates": [[33.750412, 35.3927723], [33.7507536, 35.3928907]]}, "properties": {"feature_type": "road", "highway": "service", "landuse": ""}}, {"type": "Feature", "geometry": {"type": "LineString", "coordinates": [[33.7558241, 35.3726609], [33.7561899, 35.3726566], [33.7565346, 35.3726539], [33.7567847, 35.372731], [33.7572848, 35.3725822], [33.7574707, 35.3724858], [33.7575788, 35.3723701], [33.7576397, 35.3722295]]}, "properties": {"feature_type": "road", "highway": "service", "landuse": ""}}, {"type": "Feature", "geometry": {"type": "LineString", "coordinates": [[33.7571023, 35.3719141], [33.7572747, 35.3718272], [33.7573828, 35.371739], [33.7575045, 35.3716894], [33.7577343, 35.3716894], [33.757839, 35.3716867], [33.7579134, 35.371706]]}, "properties": {"feature_type": "road", "highway": "service", "landuse": ""}}, {"type": "Feature", "geometry": {"type": "Polygon", "coordinates": [[[33.7388052, 35.4000301], [33.7392209, 35.3998294], [33.7388052, 35.3990594], [33.7392531, 35.3980996], [33.7388106, 35.3973453], [33.7381541, 35.3966058], [33.7376431, 35.3963698], [33.7372514, 35.3969043], [33.7378901, 35.3972583], [33.7375239, 35.398244], [33.7378692, 35.3984154], [33.7374958, 35.3989029], [33.7375667, 35.3994592], [33.738268, 35.3997085], [33.7388052, 35.4000301]]]}, "properties": {"feature_type": "urban", "highway": "", "landuse": "residential"}}, {"type": "Feature", "geometry": {"type": "LineString", "coordinates": [[33.5841917, 35.3425133], [33.5841273, 35.3427269], [33.5841203, 35.3429594], [33.5841297, 35.3431099]]}, "properties": {"feature_type": "road", "highway": "residential", "landuse": ""}}, {"type": "Feature", "geometry": {"type": "Polygon", "coordinates": [[[33.6321355, 35.3071373], [33.6310494, 35.3084539], [33.6304378, 35.3108791], [33.6295473, 35.3111593], [33.6297297, 35.3117284], [33.6320686, 35.3112118], [33.6345255, 35.3112643], [33.6377656, 35.3119647], [33.6389583, 35.3107717], [33.636167, 35.3099598], [33.6364996, 35.3087516], [33.6352122, 35.3079461], [33.6336672, 35.3074033], [33.6321355, 35.3071373]]]}, "properties": {"feature_type": "urban", "highway": "", "landuse": "residential"}}, {"type": "Feature", "geometry": {"type": "LineString", "coordinates": [[33.7358893, 35.2883476], [33.7344271, 35.2885288], [33.7316322, 35.2883405], [33.7310958, 35.288253], [33.7305701, 35.2881435], [33.7301516, 35.287964], [33.7290305, 35.2874079], [33.7286872, 35.2872765], [33.7284619, 35.2872546], [33.7282312, 35.2872546], [33.7274963, 35.2874472], [33.7267935, 35.287675], [33.7263107, 35.2878238], [33.7258547, 35.2879421], [33.7254471, 35.2880296], [33.7251788, 35.288126], [33.724975, 35.2882442], [33.7248033, 35.2882836], [33.7245405, 35.2883143], [33.7242615, 35.2883099], [33.7229848, 35.288323], [33.7225825, 35.2882836], [33.722105, 35.2883055], [33.7214506, 35.2884106], [33.7213747, 35.2884657]]}, "properties": {"feature_type": "road", "highway": "unclassified", "landuse": ""}}, {"type": "Feature", "geometry": {"type": "LineString", "coordinates": [[33.7332995, 35.2665228], [33.7331965, 35.2674479], [33.7332309, 35.2681977], [33.7333854, 35.2691297], [33.7336429, 35.2700897], [33.7333854, 35.2771531], [33.7334712, 35.2785404], [33.7346299, 35.2828635], [33.7347958, 35.2838843], [33.7350322, 35.2855696], [33.7351191, 35.2860855], [33.7352221, 35.2865068], [33.7356513, 35.2876488], [33.7358893, 35.2883476], [33.7361383, 35.2888091], [33.7362885, 35.289063], [33.7364214, 35.2893715], [33.7364656, 35.289586], [33.7365367, 35.2899228], [33.7366218, 35.2900225]]}, "properties": {"feature_type": "road", "highway": "unclassified", "landuse": ""}}, {"type": "Feature", "geometry": {"type": "Polygon", "coordinates": [[[33.7219226, 35.2587261], [33.7237143, 35.2588751], [33.7252808, 35.2585422], [33.7272441, 35.2572456], [33.7299049, 35.2556423], [33.7319326, 35.255178], [33.7334025, 35.2552218], [33.7349152, 35.2560453], [33.736943, 35.2577099], [33.7384128, 35.2589889], [33.7389064, 35.2606272], [33.7395072, 35.2608462], [33.7380051, 35.2621778], [33.7364602, 35.2629311], [33.7359237, 35.2643152], [33.7363314, 35.2655241], [33.7355804, 35.2670659], [33.7316322, 35.26626], [33.7318253, 35.2651562], [33.7333703, 35.2647708], [33.733499, 35.2639648], [33.7326836, 35.2636845], [33.7324691, 35.2629487], [33.7306452, 35.2624581], [33.729701, 35.2627735], [33.7277055, 35.265384], [33.7244653, 35.2651037], [33.7238266, 35.2647209], [33.7255812, 35.262572], [33.7254739, 35.2620464], [33.7226951, 35.2614682], [33.7228131, 35.2600052], [33.7219226, 35.2587261]]]}, "properties": {"feature_type": "urban", "highway": "", "landuse": "residential"}}, {"type": "Feature", "geometry": {"type": "Polygon", "coordinates": [[[33.6856484, 35.2814218], [33.6848867, 35.2840317], [33.6874938, 35.2851615], [33.6902618, 35.2841982], [33.6926222, 35.2813781], [33.690691, 35.2800818], [33.6874294, 35.2804147], [33.6856484, 35.2814218]]]}, "properties": {"feature_type": "urban", "highway": "", "landuse": "residential"}}, {"type": "Feature", "geometry": {"type": "Polygon", "coordinates": [[[33.6018777, 35.3059324], [33.6033904, 35.3064314], [33.606416, 35.305302], [33.6055577, 35.3046541], [33.6040878, 35.303866], [33.6024034, 35.3041812], [33.6018777, 35.3059324]]]}, "properties": {"feature_type": "urban", "highway": "", "landuse": "residential"}}, {"type": "Feature", "geometry": {"type": "Polygon", "coordinates": [[[33.6094522, 35.2972464], [33.6097848, 35.2976492], [33.6090123, 35.2980257], [33.6075854, 35.3002936], [33.6066413, 35.3010642], [33.6054182, 35.3007314], [33.6055041, 35.3002323], [33.6073279, 35.2975003], [33.6076712, 35.2969925], [33.6090928, 35.2975134], [33.6094522, 35.2972464]]]}, "properties": {"feature_type": "urban", "highway": "", "landuse": "residential"}}, {"type": "Feature", "geometry": {"type": "Polygon", "coordinates": [[[33.6860581, 35.2507262], [33.6834168, 35.2512442], [33.6824512, 35.2552568], [33.6828172, 35.2562219], [33.6828707, 35.2563631], [33.6844682, 35.2567462], [33.6890816, 35.2564133], [33.6906887, 35.2563404], [33.692062, 35.2525556], [33.6860581, 35.2507262]]]}, "properties": {"feature_type": "urban", "highway": "", "landuse": "residential"}}, {"type": "Feature", "geometry": {"type": "Polygon", "coordinates": [[[33.6562514, 35.2601103], [33.657496, 35.2600052], [33.660264, 35.2599001], [33.6650491, 35.2602242], [33.6640406, 35.2620902], [33.664298, 35.2634567], [33.664341, 35.2654978], [33.662678, 35.2658833], [33.6615515, 35.2668206], [33.659749, 35.2672673], [33.6595774, 35.2679681], [33.6601782, 35.2682747], [33.6591375, 35.2711916], [33.6584401, 35.271288], [33.6574745, 35.2710777], [33.6576676, 35.2698689], [33.654921, 35.2692032], [33.6563587, 35.2652789], [33.6578393, 35.2646306], [33.6581397, 35.2633341], [33.6559939, 35.2617748], [33.6562514, 35.2601103]]]}, "properties": {"feature_type": "urban", "highway": "", "landuse": "residential"}}, {"type": "Feature", "geometry": {"type": "LineString", "coordinates": [[33.644378, 35.2580402], [33.6433661, 35.2587699], [33.6411345, 35.2583932], [33.6403942, 35.2583845], [33.6401904, 35.2592605]]}, "properties": {"feature_type": "road", "highway": "service", "landuse": ""}}, {"type": "Feature", "geometry": {"type": "Polygon", "coordinates": [[[33.5861814, 35.2716821], [33.5871577, 35.2708675], [33.5861492, 35.2702368], [33.5854196, 35.2710339], [33.5861814, 35.2716821]]]}, "properties": {"feature_type": "urban", "highway": "", "landuse": "residential"}}, {"type": "Feature", "geometry": {"type": "Polygon", "coordinates": [[[33.5818791, 35.2666979], [33.5828018, 35.2655679], [33.5835206, 35.2658395], [33.5835743, 35.2673374], [33.5818791, 35.2666979]]]}, "properties": {"feature_type": "urban", "highway": "", "landuse": "residential"}}, {"type": "Feature", "geometry": {"type": "Polygon", "coordinates": [[[33.5890889, 35.2650248], [33.5891855, 35.2639298], [33.5901832, 35.2639999], [33.5900652, 35.2650861], [33.5890889, 35.2650248]]]}, "properties": {"feature_type": "urban", "highway": "", "landuse": "residential"}}, {"type": "Feature", "geometry": {"type": "Polygon", "coordinates": [[[33.5865569, 35.2678104], [33.5871041, 35.266987], [33.5885095, 35.2674863], [33.5878122, 35.268336], [33.5865569, 35.2678104]]]}, "properties": {"feature_type": "urban", "highway": "", "landuse": "residential"}}, {"type": "Feature", "geometry": {"type": "Polygon", "coordinates": [[[33.5888314, 35.2621252], [33.5891855, 35.2608725], [33.5906446, 35.2606184], [33.5927045, 35.2620113], [33.591932, 35.2627647], [33.589915, 35.2620902], [33.589164, 35.2626158], [33.5887241, 35.262169], [33.5888314, 35.2621252]]]}, "properties": {"feature_type": "urban", "highway": "", "landuse": "residential"}}, {"type": "Feature", "geometry": {"type": "LineString", "coordinates": [[33.712397, 35.3850446], [33.7131316, 35.3855538], [33.7141114, 35.3861667], [33.714465, 35.3863293], [33.714592, 35.3863877], [33.7151658, 35.3865893], [33.7153931, 35.3866691], [33.7156396, 35.3867319]]}, "properties": {"feature_type": "road", "highway": "unclassified", "landuse": ""}}, {"type": "Feature", "geometry": {"type": "LineString", "coordinates": [[33.7382934, 35.3970232], [33.7383458, 35.396993], [33.7384076, 35.3970043], [33.7388537, 35.3974641], [33.7392782, 35.3980905], [33.740021, 35.3989654], [33.7402942, 35.3994108]]}, "properties": {"feature_type": "road", "highway": "unclassified", "landuse": ""}}, {"type": "Feature", "geometry": {"type": "LineString", "coordinates": [[33.7770814, 35.239523], [33.7768563, 35.2396117], [33.7764091, 35.2399636], [33.7757342, 35.2402425], [33.7732055, 35.2407539], [33.7728803, 35.2409133], [33.7722054, 35.2416105], [33.7716281, 35.2424074], [33.7710996, 35.2432774], [33.7704898, 35.2439082], [33.7698475, 35.2444992], [33.7691075, 35.2449574], [33.7668797, 35.2458207], [33.7659934, 35.2460863], [33.7641721, 35.246664], [33.7615572, 35.2475996], [33.7608042, 35.2478062], [33.7573484, 35.2484011], [33.7565406, 35.2484826], [33.7540515, 35.2487761], [33.7538691, 35.24882], [33.7521257, 35.2497706], [33.7519433, 35.2498276], [33.7503125, 35.2497531], [33.7500351, 35.2497361]]}, "properties": {"feature_type": "road", "highway": "unclassified", "landuse": ""}}, {"type": "Feature", "geometry": {"type": "LineString", "coordinates": [[33.7251666, 35.2633213], [33.7240724, 35.2645607], [33.7235574, 35.2656381], [33.723257, 35.2661769]]}, "properties": {"feature_type": "road", "highway": "residential", "landuse": ""}}, {"type": "Feature", "geometry": {"type": "LineString", "coordinates": [[33.8251892, 35.2702426], [33.8247582, 35.2701225], [33.8242694, 35.27002], [33.8236024, 35.2700093], [33.823008, 35.2698745], [33.8223806, 35.2694], [33.8218853, 35.2691897], [33.8210003, 35.2690818], [33.8201351, 35.2691627], [33.8195011, 35.2691304]]}, "properties": {"feature_type": "road", "highway": "residential", "landuse": ""}}, {"type": "Feature", "geometry": {"type": "LineString", "coordinates": [[33.8214801, 35.2627629], [33.8230383, 35.2623291], [33.8231215, 35.2623894]]}, "properties": {"feature_type": "road", "highway": "residential", "landuse": ""}}, {"type": "Feature", "geometry": {"type": "LineString", "coordinates": [[33.8218758, 35.2633114], [33.8233248, 35.2629102]]}, "properties": {"feature_type": "road", "highway": "residential", "landuse": ""}}, {"type": "Feature", "geometry": {"type": "LineString", "coordinates": [[33.8211468, 35.2642036], [33.8235968, 35.2635506]]}, "properties": {"feature_type": "road", "highway": "residential", "landuse": ""}}, {"type": "Feature", "geometry": {"type": "LineString", "coordinates": [[33.8216113, 35.2647385], [33.8226889, 35.2644484], [33.8238204, 35.2641438]]}, "properties": {"feature_type": "road", "highway": "residential", "landuse": ""}}, {"type": "Feature", "geometry": {"type": "LineString", "coordinates": [[33.8226577, 35.2651516], [33.8229381, 35.2650774], [33.8240604, 35.2647804]]}, "properties": {"feature_type": "road", "highway": "residential", "landuse": ""}}, {"type": "Feature", "geometry": {"type": "LineString", "coordinates": [[33.8229381, 35.2650774], [33.8226889, 35.2644484]]}, "properties": {"feature_type": "road", "highway": "residential", "landuse": ""}}, {"type": "Feature", "geometry": {"type": "LineString", "coordinates": [[33.8236236, 35.2657055], [33.8243275, 35.2654956]]}, "properties": {"feature_type": "road", "highway": "residential", "landuse": ""}}, {"type": "Feature", "geometry": {"type": "LineString", "coordinates": [[33.8258108, 35.2730731], [33.8261004, 35.2729423], [33.8269424, 35.2730407]]}, "properties": {"feature_type": "road", "highway": "residential", "landuse": ""}}, {"type": "Feature", "geometry": {"type": "LineString", "coordinates": [[33.8047133, 35.2670554], [33.8042495, 35.2682645], [33.8041286, 35.268519]]}, "properties": {"feature_type": "road", "highway": "service", "landuse": ""}}, {"type": "Feature", "geometry": {"type": "LineString", "coordinates": [[33.8055401, 35.2685966], [33.8042495, 35.2682645]]}, "properties": {"feature_type": "road", "highway": "service", "landuse": ""}}, {"type": "Feature", "geometry": {"type": "LineString", "coordinates": [[33.7847333, 35.2585608], [33.7856576, 35.2586611], [33.7857443, 35.2585646]]}, "properties": {"feature_type": "road", "highway": "residential", "landuse": ""}}, {"type": "Feature", "geometry": {"type": "LineString", "coordinates": [[33.7885905, 35.2598061], [33.788682, 35.2594472], [33.7889285, 35.2589088], [33.7889783, 35.2587717]]}, "properties": {"feature_type": "road", "highway": "service", "landuse": ""}}, {"type": "Feature", "geometry": {"type": "LineString", "coordinates": [[33.7977187, 35.2643472], [33.7978517, 35.2641078], [33.7981973, 35.2637341], [33.7987203, 35.2634443], [33.7991686, 35.2632765], [33.799206, 35.2632079], [33.7995236, 35.2628647], [33.7996181, 35.2627047], [33.7999158, 35.2622012], [33.8002614, 35.2614691], [33.8005229, 35.2607751], [33.8010344, 35.2598032]]}, "properties": {"feature_type": "road", "highway": "unclassified", "landuse": ""}}, {"type": "Feature", "geometry": {"type": "LineString", "coordinates": [[33.7917027, 35.259287], [33.7929482, 35.2598141], [33.7941437, 35.2600353], [33.7951525, 35.2604548], [33.7959963, 35.2612211], [33.7965139, 35.2616911], [33.7969043, 35.2620456], [33.7972353, 35.2623461], [33.7972821, 35.2623835], [33.7981039, 35.2630401], [33.7988231, 35.2630553], [33.799206, 35.2632079], [33.7997851, 35.2637188], [33.800551, 35.2637951], [33.8019333, 35.2638002], [33.8025964, 35.2638027]]}, "properties": {"feature_type": "road", "highway": "unclassified", "landuse": ""}}, {"type": "Feature", "geometry": {"type": "LineString", "coordinates": [[33.8026805, 35.2643594], [33.8025964, 35.2638027]]}, "properties": {"feature_type": "road", "highway": "residential", "landuse": ""}}, {"type": "Feature", "geometry": {"type": "LineString", "coordinates": [[33.8020267, 35.2643823], [33.8019333, 35.2638002]]}, "properties": {"feature_type": "road", "highway": "residential", "landuse": ""}}, {"type": "Feature", "geometry": {"type": "LineString", "coordinates": [[33.7780905, 35.2594568], [33.7790917, 35.2596744], [33.779684, 35.2599014], [33.7803165, 35.260046], [33.7809632, 35.260156], [33.7817728, 35.2604671], [33.7820006, 35.26051]]}, "properties": {"feature_type": "road", "highway": "residential", "landuse": ""}}, {"type": "Feature", "geometry": {"type": "LineString", "coordinates": [[33.7835291, 35.2539388], [33.7847688, 35.2539375]]}, "properties": {"feature_type": "road", "highway": "residential", "landuse": ""}}, {"type": "Feature", "geometry": {"type": "LineString", "coordinates": [[33.7850809, 35.255015], [33.784891, 35.2549497], [33.7840964, 35.2546765]]}, "properties": {"feature_type": "road", "highway": "residential", "landuse": ""}}, {"type": "Feature", "geometry": {"type": "LineString", "coordinates": [[33.7839757, 35.2561397], [33.7844046, 35.2558663], [33.784891, 35.2549497]]}, "properties": {"feature_type": "road", "highway": "residential", "landuse": ""}}, {"type": "Feature", "geometry": {"type": "LineString", "coordinates": [[33.7885873, 35.2609482], [33.7889063, 35.2624054], [33.7889854, 35.2628735], [33.789017, 35.2630717], [33.7890082, 35.263296]]}, "properties": {"feature_type": "road", "highway": "residential", "landuse": ""}}, {"type": "Feature", "geometry": {"type": "LineString", "coordinates": [[33.7314295, 35.25671], [33.7308183, 35.2566834], [33.7306515, 35.2566762], [33.7302528, 35.2565686], [33.7297335, 35.2564284]]}, "properties": {"feature_type": "road", "highway": "residential", "landuse": ""}}, {"type": "Feature", "geometry": {"type": "LineString", "coordinates": [[33.7298603, 35.2577132], [33.7300137, 35.2576562], [33.7305535, 35.2577562], [33.730742, 35.2577254], [33.7307993, 35.2571221], [33.7308183, 35.2566834]]}, "properties": {"feature_type": "road", "highway": "residential", "landuse": ""}}, {"type": "Feature", "geometry": {"type": "LineString", "coordinates": [[33.7300137, 35.2576562], [33.7302528, 35.2565686]]}, "properties": {"feature_type": "road", "highway": "residential", "landuse": ""}}, {"type": "Feature", "geometry": {"type": "LineString", "coordinates": [[33.7307993, 35.2571221], [33.731228, 35.2571098], [33.7315862, 35.2569888]]}, "properties": {"feature_type": "road", "highway": "residential", "landuse": ""}}, {"type": "Feature", "geometry": {"type": "LineString", "coordinates": [[33.7335182, 35.2575661], [33.7333144, 35.2576435], [33.7330883, 35.2579526]]}, "properties": {"feature_type": "road", "highway": "residential", "landuse": ""}}, {"type": "Feature", "geometry": {"type": "LineString", "coordinates": [[33.7316758, 35.259143], [33.7319418, 35.2591566], [33.7322221, 35.2592016], [33.7324974, 35.2591811], [33.7326948, 35.2592049]]}, "properties": {"feature_type": "road", "highway": "residential", "landuse": ""}}, {"type": "Feature", "geometry": {"type": "LineString", "coordinates": [[33.7364496, 35.2583336], [33.7357062, 35.2582964]]}, "properties": {"feature_type": "road", "highway": "residential", "landuse": ""}}, {"type": "Feature", "geometry": {"type": "LineString", "coordinates": [[33.7357062, 35.2582964], [33.7356615, 35.2588474], [33.7356303, 35.2592318], [33.7355241, 35.259492]]}, "properties": {"feature_type": "road", "highway": "residential", "landuse": ""}}, {"type": "Feature", "geometry": {"type": "LineString", "coordinates": [[33.7355241, 35.259492], [33.7362923, 35.2598651], [33.7364041, 35.2599194], [33.7367216, 35.2601377]]}, "properties": {"feature_type": "road", "highway": "residential", "landuse": ""}}, {"type": "Feature", "geometry": {"type": "LineString", "coordinates": [[33.7356303, 35.2592318], [33.7364345, 35.25943], [33.7362923, 35.2598651]]}, "properties": {"feature_type": "road", "highway": "residential", "landuse": ""}}, {"type": "Feature", "geometry": {"type": "LineString", "coordinates": [[33.7356615, 35.2588474], [33.7366416, 35.2590053], [33.7371248, 35.2590831]]}, "properties": {"feature_type": "road", "highway": "residential", "landuse": ""}}, {"type": "Feature", "geometry": {"type": "LineString", "coordinates": [[33.7366416, 35.2590053], [33.7367076, 35.2586247]]}, "properties": {"feature_type": "road", "highway": "residential", "landuse": ""}}, {"type": "Feature", "geometry": {"type": "LineString", "coordinates": [[33.7343318, 35.2612099], [33.7353256, 35.2612298]]}, "properties": {"feature_type": "road", "highway": "residential", "landuse": ""}}, {"type": "Feature", "geometry": {"type": "LineString", "coordinates": [[33.6837204, 35.2556795], [33.6843856, 35.2551579], [33.684866, 35.2547813], [33.6849726, 35.2547856]]}, "properties": {"feature_type": "road", "highway": "residential", "landuse": ""}}, {"type": "Feature", "geometry": {"type": "LineString", "coordinates": [[33.6843856, 35.2551579], [33.6851694, 35.2553884], [33.6854978, 35.2550641]]}, "properties": {"feature_type": "road", "highway": "residential", "landuse": ""}}, {"type": "Feature", "geometry": {"type": "LineString", "coordinates": [[33.686839, 35.2526132], [33.6869668, 35.2522312], [33.6870228, 35.2519566], [33.6869854, 35.2515905]]}, "properties": {"feature_type": "road", "highway": "residential", "landuse": ""}}, {"type": "Feature", "geometry": {"type": "LineString", "coordinates": [[33.688528, 35.2521818], [33.6893018, 35.2524523]]}, "properties": {"feature_type": "road", "highway": "residential", "landuse": ""}}, {"type": "Feature", "geometry": {"type": "LineString", "coordinates": [[33.7111299, 35.372138], [33.7110865, 35.3721537], [33.711049, 35.3721684], [33.71101, 35.372187], [33.7108911, 35.372236], [33.7107284, 35.3723073], [33.7105648, 35.3723908], [33.7104524, 35.3724654]]}, "properties": {"feature_type": "road", "highway": "primary", "landuse": ""}}, {"type": "Feature", "geometry": {"type": "LineString", "coordinates": [[33.7106634, 35.3719379], [33.71101, 35.372187]]}, "properties": {"feature_type": "road", "highway": "primary", "landuse": ""}}, {"type": "Feature", "geometry": {"type": "LineString", "coordinates": [[33.7840391, 35.2625537], [33.7845405, 35.2616994], [33.7846619, 35.2614278], [33.784693, 35.2613466]]}, "properties": {"feature_type": "road", "highway": "residential", "landuse": ""}}, {"type": "Feature", "geometry": {"type": "LineString", "coordinates": [[33.8265574, 35.2747841], [33.8264825, 35.2740911], [33.8264931, 35.2739799], [33.8265421, 35.2738339], [33.826789, 35.2734498], [33.8268763, 35.2733055], [33.8269253, 35.2731474], [33.8269424, 35.2730407], [33.8269827, 35.2727894], [33.8270466, 35.2722645], [33.8270645, 35.2715921]]}, "properties": {"feature_type": "road", "highway": "residential", "landuse": ""}}, {"type": "Feature", "geometry": {"type": "LineString", "coordinates": [[33.8082245, 35.3629997], [33.8084266, 35.3629023]]}, "properties": {"feature_type": "road", "highway": "service", "landuse": ""}}, {"type": "Feature", "geometry": {"type": "LineString", "coordinates": [[33.8078333, 35.3628957], [33.8081986, 35.3629876], [33.8082245, 35.3629997], [33.8084507, 35.3631057], [33.8086626, 35.3630969], [33.8087431, 35.3629351]]}, "properties": {"feature_type": "road", "highway": "service", "landuse": ""}}, {"type": "Feature", "geometry": {"type": "LineString", "coordinates": [[33.7257434, 35.3464813], [33.7259585, 35.3463324], [33.7259848, 35.3462647]]}, "properties": {"feature_type": "road", "highway": "tertiary", "landuse": ""}}, {"type": "Feature", "geometry": {"type": "LineString", "coordinates": [[33.7256755, 35.34651], [33.7257434, 35.3464813]]}, "properties": {"feature_type": "road", "highway": "tertiary", "landuse": ""}}, {"type": "Feature", "geometry": {"type": "LineString", "coordinates": [[33.7259848, 35.3462647], [33.7259781, 35.3461968]]}, "properties": {"feature_type": "road", "highway": "tertiary", "landuse": ""}}, {"type": "Feature", "geometry": {"type": "LineString", "coordinates": [[33.7241999, 35.3470477], [33.7243071, 35.3471474], [33.7244512, 35.34714], [33.7245904, 35.3470606], [33.7248263, 35.3469705]]}, "properties": {"feature_type": "road", "highway": "unclassified", "landuse": ""}}, {"type": "Feature", "geometry": {"type": "LineString", "coordinates": [[33.7226041, 35.3415594], [33.7221968, 35.3415368], [33.7219077, 35.3414732], [33.7213772, 35.3412825], [33.7204696, 35.3409257], [33.7202006, 35.3408231], [33.7199869, 35.3406775], [33.7199301, 35.340589], [33.7197958, 35.3403801], [33.7194926, 35.3400565], [33.7194224, 35.3399917], [33.7192643, 35.3398456], [33.7191079, 35.3397832], [33.7187417, 35.3397049], [33.7184501, 35.3395787], [33.7182439, 35.3394163], [33.717963, 35.3391524], [33.7177781, 35.3390929], [33.7174848, 35.3391311], [33.717328, 35.3390653]]}, "properties": {"feature_type": "road", "highway": "tertiary", "landuse": ""}}, {"type": "Feature", "geometry": {"type": "LineString", "coordinates": [[33.7235676, 35.3422868], [33.7234592, 35.3422015], [33.7232439, 35.3420429], [33.7230344, 35.3418519], [33.7228742, 35.3417514], [33.7226041, 35.3415594]]}, "properties": {"feature_type": "road", "highway": "tertiary", "landuse": ""}}, {"type": "Feature", "geometry": {"type": "LineString", "coordinates": [[33.7236073, 35.3409359], [33.7235561, 35.3421417], [33.7235676, 35.3422868]]}, "properties": {"feature_type": "road", "highway": "unclassified", "landuse": ""}}, {"type": "Feature", "geometry": {"type": "LineString", "coordinates": [[33.7243321, 35.3404552], [33.7245217, 35.3408136], [33.724637, 35.3417522], [33.7238672, 35.3420213], [33.7235561, 35.3421417]]}, "properties": {"feature_type": "road", "highway": "unclassified", "landuse": ""}}, {"type": "Feature", "geometry": {"type": "LineString", "coordinates": [[33.6908313, 35.3329508], [33.6909387, 35.3329822], [33.6913267, 35.3329959], [33.6915469, 35.3330716], [33.691753, 35.3332109], [33.6919443, 35.3333911], [33.6921851, 35.3336637], [33.6926947, 35.3343017], [33.6928168, 35.3344115], [33.6929885, 35.3345039], [33.6934716, 35.3347811], [33.6937423, 35.3348908], [33.6939374, 35.3349694], [33.693982, 35.3349922], [33.694012, 35.3350238], [33.6941119, 35.3351519], [33.6942941, 35.3354532], [33.6943671, 35.3356563], [33.6944014, 35.3357325], [33.6944543, 35.3357934], [33.6946448, 35.3359547], [33.6949658, 35.3362296], [33.6951166, 35.3363336]]}, "properties": {"feature_type": "road", "highway": "unclassified", "landuse": ""}}, {"type": "Feature", "geometry": {"type": "Polygon", "coordinates": [[[33.6313605, 35.3361466], [33.6320955, 35.3366586], [33.6328679, 35.3370524], [33.6327231, 35.3377307], [33.6312586, 35.3378401], [33.6307973, 35.3386541], [33.630749, 35.3388378], [33.6309636, 35.3397568], [33.630234, 35.3406582], [33.6289048, 35.3406091], [33.6288751, 35.3400331], [33.6293311, 35.3398837], [33.6294278, 35.3395506], [33.6285038, 35.3396519], [33.6285794, 35.3394954], [33.6288124, 35.3390129], [33.6292577, 35.3382383], [33.6303198, 35.3370831], [33.6309206, 35.3359803], [33.6313605, 35.3361466]]]}, "properties": {"feature_type": "urban", "highway": "", "landuse": "residential"}}, {"type": "Feature", "geometry": {"type": "LineString", "coordinates": [[33.623815, 35.3231484], [33.6227733, 35.3230226], [33.6225677, 35.3229806], [33.6223683, 35.3229006], [33.6222783, 35.3228789]]}, "properties": {"feature_type": "road", "highway": "tertiary", "landuse": ""}}, {"type": "Feature", "geometry": {"type": "LineString", "coordinates": [[33.6222783, 35.3228789], [33.6222061, 35.3229098], [33.6221749, 35.3229513]]}, "properties": {"feature_type": "road", "highway": "tertiary", "landuse": ""}}, {"type": "Feature", "geometry": {"type": "LineString", "coordinates": [[33.6168837, 35.3249032], [33.6166879, 35.32483], [33.6164137, 35.3246751], [33.6162026, 35.3245982], [33.6159532, 35.3245208], [33.6157627, 35.3244819], [33.6156727, 35.324496], [33.6156028, 35.3245478], [33.6155798, 35.3246167], [33.6155945, 35.3252142], [33.6156051, 35.3253225], [33.6155491, 35.3253931], [33.61545, 35.325439], [33.6148622, 35.3254949], [33.6147179, 35.3254743], [33.614594, 35.3254161], [33.6145231, 35.3253503], [33.6143338, 35.3248053], [33.6142255, 35.324664], [33.614102, 35.324581], [33.6139102, 35.3245463], [33.6135641, 35.3245818], [33.613423, 35.3245835], [33.6133222, 35.3245526], [33.6132431, 35.3244794], [33.6131558, 35.3242912], [33.6130361, 35.3241678], [33.6125821, 35.323799], [33.6123494, 35.323544], [33.6122779, 35.3235086], [33.6121882, 35.323523], [33.612113, 35.3235729], [33.6118126, 35.3240259], [33.611767, 35.324131], [33.611767, 35.3242469], [33.6118206, 35.3244198], [33.6118314, 35.3245467], [33.6117916, 35.324658], [33.6116685, 35.3248193], [33.6116329, 35.3249035], [33.6116517, 35.3249888], [33.6117107, 35.3250763], [33.6117616, 35.3251879], [33.6117853, 35.3253143], [33.6117884, 35.3254615], [33.6117616, 35.325665], [33.6116892, 35.3258445], [33.6115417, 35.3260327], [33.6113243, 35.3262187], [33.6111263, 35.3263336], [33.6109593, 35.3263936], [33.6107886, 35.326455], [33.6106958, 35.3265062], [33.6105245, 35.3266319], [33.6104503, 35.3266768], [33.6103393, 35.3267184], [33.610216, 35.3267318], [33.6099202, 35.3267296], [33.6096132, 35.326792], [33.6094534, 35.3268514], [33.6090744, 35.3270937], [33.6089219, 35.3271621], [33.6087445, 35.3271949], [33.6085904, 35.3271797], [33.6083902, 35.3271261], [33.6082894, 35.327074], [33.6082344, 35.3270056], [33.6081695, 35.3268403], [33.6080794, 35.3265892], [33.6080284, 35.3263441], [33.6080337, 35.3261733], [33.608072, 35.326012], [33.6082209, 35.3256336], [33.6082261, 35.3255647], [33.608202, 35.3255268], [33.6081555, 35.32551], [33.6080712, 35.3255155], [33.6079221, 35.3255739], [33.607472, 35.3258425], [33.6068946, 35.3263284], [33.6067746, 35.3264029], [33.6066538, 35.3264384], [33.6065074, 35.3264281], [33.6063634, 35.326365], [33.6062762, 35.3262971], [33.6059554, 35.325894], [33.6057971, 35.3257635], [33.605607, 35.3256185], [33.6054955, 35.3254784], [33.6052761, 35.3250339], [33.6052386, 35.3249864], [33.605178, 35.3249672], [33.6051091, 35.3249764], [33.605045, 35.3250282], [33.6050158, 35.3251089], [33.6049718, 35.3252967], [33.6048143, 35.3258069], [33.6047809, 35.3260566], [33.6047947, 35.3265378], [33.6048703, 35.3269708], [33.605049, 35.3273764], [33.6050078, 35.3276307], [33.6048016, 35.32794], [33.6046022, 35.3281119], [33.6043204, 35.32827], [33.6040661, 35.3284349], [33.6039286, 35.3285174], [33.603798, 35.3285793], [33.6033885, 35.3288272], [33.6029393, 35.3290195], [33.602403, 35.3291047], [33.6020661, 35.3292163], [33.6017519, 35.3293214], [33.6014917, 35.3293927], [33.6011826, 35.3294598], [33.6009403, 35.329454], [33.6008477, 35.3294139], [33.6007719, 35.3293261], [33.6007127, 35.3291122], [33.6006838, 35.3289642], [33.6007075, 35.3288393], [33.6007572, 35.3287383], [33.600922, 35.3285624], [33.6010681, 35.3284471], [33.6010844, 35.3284092], [33.6010712, 35.3283577], [33.601031, 35.3283267], [33.6009683, 35.3283111], [33.6008234, 35.3283337], [33.60069, 35.3283199], [33.6004691, 35.3282514], [33.6003506, 35.32825], [33.6002627, 35.3283012], [33.6002215, 35.3283975], [33.6002283, 35.3285418], [33.6001879, 35.3286608], [33.6000449, 35.3289024], [33.5999803, 35.3290873], [33.5999224, 35.3291532], [33.599836, 35.3291767], [33.5995641, 35.3291415], [33.5994552, 35.3291762], [33.5993452, 35.3292702], [33.5992816, 35.3294345], [33.5990934, 35.3297947], [33.5990616, 35.3298687], [33.5990632, 35.3300305], [33.5990946, 35.3301849], [33.5990926, 35.33038], [33.599052, 35.330463], [33.5989848, 35.3305435], [33.5988367, 35.3305871], [33.5986711, 35.3305844], [33.5982228, 35.330545], [33.5979723, 35.3305574], [33.5977094, 35.3306518], [33.5975475, 35.3307591], [33.5972184, 35.3310852], [33.5970926, 35.3311856], [33.5969185, 35.3312775], [33.596819, 35.3312976], [33.5967378, 35.331285], [33.5966911, 35.3312565], [33.596628, 35.3311507], [33.5965027, 35.3310685], [33.5963883, 35.3310544], [33.5962847, 35.3310904], [33.5961841, 35.331175], [33.596009, 35.331402], [33.595788, 35.3317068], [33.5957111, 35.3317811], [33.5956102, 35.331832], [33.5953902, 35.331887], [33.5950091, 35.3319255], [33.5947243, 35.3319231], [33.5944635, 35.3319724], [33.5942438, 35.3320378], [33.5940062, 35.3320791], [33.5935337, 35.3321206], [33.5930514, 35.3322687], [33.5929005, 35.3322746], [33.5927744, 35.3322296], [33.5926458, 35.3320849], [33.5925702, 35.3319062], [33.5925014, 35.3317687], [33.592422, 35.3316889], [33.5923524, 35.3316642], [33.5922953, 35.3316792], [33.59224, 35.3317249], [33.5921767, 35.3318609], [33.5920942, 35.3320052], [33.591906, 35.3321413], [33.5918239, 35.3322018], [33.5915776, 35.3325099], [33.5914951, 35.3325993], [33.5912766, 35.3327532], [33.591035, 35.3328162], [33.5909082, 35.3328244], [33.590756, 35.3328101], [33.5902008, 35.3328166], [33.5898945, 35.3328593], [33.5897372, 35.3329093], [33.5894156, 35.3330932], [33.5892658, 35.3331762], [33.5890458, 35.3332242], [33.5888332, 35.3332453]]}, "properties": {"feature_type": "road", "highway": "tertiary", "landuse": ""}}, {"type": "Feature", "geometry": {"type": "LineString", "coordinates": [[33.5855029, 35.302684], [33.5848699, 35.3025701], [33.5845052, 35.3024738], [33.5843442, 35.3022724], [33.584355, 35.302036], [33.5841833, 35.3018872], [33.5835718, 35.3016595], [33.5830836, 35.3015282], [33.5826544, 35.3014625], [33.5823433, 35.3012786], [33.5820858, 35.3011779], [33.5819678, 35.3012305], [33.582, 35.3015282], [33.5818283, 35.3015895], [33.581485, 35.3015106], [33.5810612, 35.3013049], [33.5802512, 35.3013049], [33.5798757, 35.3013881], [33.5793553, 35.3013837], [33.5788082, 35.3014012], [33.5785828, 35.3013049], [33.5781859, 35.3013706], [33.5779552, 35.3011998], [33.5776602, 35.300959], [33.5774295, 35.3007138], [33.577328, 35.3006384], [33.5771881, 35.3005343], [33.5769735, 35.3004731], [33.5759811, 35.3005825], [33.575552, 35.3006394], [33.5752301, 35.3006438], [33.5750316, 35.3004205], [33.5747634, 35.3000571], [33.5744844, 35.2998426], [33.5740016, 35.2996938], [33.5735564, 35.2995055], [33.5730146, 35.2991684], [33.5727195, 35.2988882], [33.572505, 35.2986868], [33.5721241, 35.2985116], [33.572062, 35.2985183], [33.5715555, 35.2985729], [33.5711424, 35.2983715], [33.5705845, 35.2983934]]}, "properties": {"feature_type": "road", "highway": "service", "landuse": ""}}, {"type": "Feature", "geometry": {"type": "LineString", "coordinates": [[33.8097355, 35.3624784], [33.8101934, 35.3625319], [33.8102853, 35.3626172], [33.810701, 35.3630219], [33.8108941, 35.3634244], [33.8109934, 35.3635191], [33.8111785, 35.3634638], [33.8115164, 35.3631794], [33.8121494, 35.3631575], [33.8124123, 35.3629519], [33.8127824, 35.3629869], [33.8132116, 35.3631969], [33.8137426, 35.3631969], [33.8142335, 35.3631516], [33.8144025, 35.3633238], [33.8143112, 35.3636606], [33.8144132, 35.3639318], [33.8147646, 35.3641359], [33.8151964, 35.3641374], [33.8154083, 35.3642978], [33.815765, 35.3643518], [33.816044, 35.3642993], [33.81628, 35.3637919], [33.8164946, 35.3635513], [33.8166824, 35.3635119], [33.8169774, 35.3637481], [33.8172027, 35.3640893], [33.8172698, 35.3642584], [33.8175353, 35.3643693], [33.8181308, 35.3643999], [33.8184514, 35.3645051], [33.8187396, 35.3645996], [33.8193807, 35.3647806], [33.8204643, 35.3651742], [33.8210651, 35.3655067], [33.8212797, 35.3657342], [33.8217732, 35.3660578], [33.822374, 35.3662941], [33.8230392, 35.3664691], [33.8237044, 35.3665391], [33.8240262, 35.3665391], [33.8244983, 35.3664341], [33.8250133, 35.3665216], [33.8256999, 35.3666266], [33.8261452, 35.366526], [33.8265234, 35.3667388], [33.8268211, 35.366841], [33.8271644, 35.3667753], [33.8274193, 35.36673], [33.8275917, 35.3668463], [33.8276418, 35.3669809], [33.8278779, 35.3671428], [33.8285913, 35.3674884], [33.8290473, 35.3676502], [33.8294711, 35.3677814], [33.8297769, 35.3677202], [33.8310626, 35.3677014], [33.8320978, 35.3675607], [33.8330287, 35.3674681], [33.8337065, 35.3676337], [33.8342375, 35.3676399], [33.8346982, 35.3677114], [33.8353072, 35.3678307], [33.8365962, 35.368033], [33.8371503, 35.368178], [33.8377609, 35.3681716], [33.8389004, 35.368065], [33.8389655, 35.3680532], [33.8395729, 35.3679431], [33.8403388, 35.3676384], [33.8407767, 35.3675962], [33.8412409, 35.3675662], [33.842132, 35.367608], [33.8430619, 35.3676968], [33.8441379, 35.3679301], [33.8452142, 35.3680954], [33.8459241, 35.3683391], [33.8466091, 35.3686696], [33.8471407, 35.3685696], [33.8476177, 35.3684524], [33.8484646, 35.3686438], [33.8487634, 35.3684762], [33.8495106, 35.3684915], [33.8504073, 35.3685219], [33.8510237, 35.3687504], [33.8519204, 35.3688875], [33.8526115, 35.3690094], [33.8533214, 35.3690703], [33.8539208, 35.3692232], [33.8540509, 35.3693566], [33.8540831, 35.3694899], [33.854068, 35.3697426], [33.854059, 35.3699056], [33.8541273, 35.3700025], [33.8543301, 35.3701344], [33.8544422, 35.3702584], [33.8544554, 35.3704069], [33.85431, 35.3705607], [33.8542724, 35.3706709], [33.8543154, 35.3707615], [33.854626, 35.3710604], [33.8547849, 35.3712883], [33.8549278, 35.3713551], [33.8550614, 35.3713401], [33.8551949, 35.3712857], [33.8553014, 35.3711419], [33.8555345, 35.3710339], [33.8558805, 35.3710048], [33.8562617, 35.370988], [33.856361, 35.3710105], [33.8567398, 35.3710962], [33.8572255, 35.3713399], [33.8576596, 35.3714444], [33.8577646, 35.3715006], [33.8579846, 35.3716182]]}, "properties": {"feature_type": "road", "highway": "unclassified", "landuse": ""}}, {"type": "Feature", "geometry": {"type": "LineString", "coordinates": [[33.7510893, 35.3742151], [33.7509509, 35.3742936], [33.7508597, 35.374322], [33.7506907, 35.3743319], [33.7506733, 35.3744008]]}, "properties": {"feature_type": "road", "highway": "service", "landuse": ""}}, {"type": "Feature", "geometry": {"type": "LineString", "coordinates": [[33.7522721, 35.3742692], [33.752421, 35.3743047], [33.752646, 35.3743697]]}, "properties": {"feature_type": "road", "highway": "residential", "landuse": ""}}, {"type": "Feature", "geometry": {"type": "LineString", "coordinates": [[33.7416063, 35.4006545], [33.741331, 35.4008181], [33.7410978, 35.4011185], [33.7408722, 35.4015414], [33.7408722, 35.4016089]]}, "properties": {"feature_type": "road", "highway": "service", "landuse": ""}}, {"type": "Feature", "geometry": {"type": "LineString", "coordinates": [[33.759548, 35.3700091], [33.7595907, 35.3698268], [33.7597323, 35.3694352], [33.7597277, 35.3693674], [33.7596141, 35.3692403], [33.7591912, 35.3690754], [33.7590783, 35.3689704], [33.7590755, 35.3689642], [33.7590021, 35.3688034], [33.7589575, 35.3685035], [33.7589259, 35.3682508], [33.7588655, 35.3679488], [33.7587609, 35.3678735], [33.7586586, 35.3678744], [33.7585088, 35.3678756], [33.758378, 35.3679078], [33.7580649, 35.3679849], [33.7577603, 35.3680427], [33.7575528, 35.3679399], [33.7574882, 35.3678727], [33.757425, 35.367807], [33.7573715, 35.3677514], [33.757335, 35.367672], [33.7572455, 35.3674773], [33.7571588, 35.3672181], [33.7571545, 35.3672123], [33.7567359, 35.3666377], [33.7565941, 35.3662629], [33.7565862, 35.3659952], [33.7566703, 35.3656632], [33.7566953, 35.3655875], [33.7567438, 35.3654404], [33.7568673, 35.3653055], [33.7571483, 35.365147], [33.7571956, 35.3650463], [33.7571563, 35.3649744], [33.7570486, 35.3648962], [33.7570043, 35.3647318], [33.7568739, 35.3642473], [33.7568306, 35.3640202], [33.7568411, 35.3639046], [33.7569133, 35.3638285], [33.7570963, 35.3637377], [33.7571786, 35.3636968], [33.7572522, 35.3636347], [33.7572629, 35.3634846], [33.7572629, 35.3632211], [33.757326, 35.3629455], [33.7573331, 35.3628194], [33.7573372, 35.3627455], [33.7572777, 35.3625911], [33.7573043, 35.3624013], [33.7573112, 35.3623518], [33.7574342, 35.362101], [33.757482, 35.3620034], [33.7577173, 35.3617726], [33.7579018, 35.3615915], [33.7580227, 35.3615393], [33.7582175, 35.3614551], [33.758392, 35.36144], [33.7588415, 35.36144], [33.7592018, 35.3614491], [33.7594692, 35.3613946], [33.7597295, 35.3613298], [33.7598221, 35.3613067], [33.7600895, 35.3613431], [33.7605649, 35.3614218], [33.7615703, 35.3613804], [33.7621844, 35.3613552], [33.7622583, 35.3613637], [33.7625261, 35.3613946], [33.7627564, 35.3614551], [33.7627895, 35.3614407], [33.7630424, 35.3613309], [33.7631353, 35.3612401], [33.7632071, 35.3611122], [33.7631588, 35.3610655], [33.7631068, 35.3610152], [33.7624903, 35.3607426], [33.762398, 35.3607376], [33.762156, 35.3607244], [33.7617585, 35.3607274], [33.7613871, 35.3606245], [33.7610825, 35.3603942], [33.7609177, 35.3603147], [33.7608188, 35.360267], [33.7603025, 35.3601156], [33.7602431, 35.3600186], [33.7602988, 35.3599308], [33.7604139, 35.3599277], [33.7606999, 35.3599823], [33.7611271, 35.3598763], [33.76169, 35.3598164], [33.7617664, 35.3597856], [33.7619851, 35.3596975], [33.7622784, 35.3595213], [33.762338, 35.3594855], [33.7627205, 35.3591311], [33.7629248, 35.3589887], [33.7630808, 35.358913], [33.763144, 35.3587888], [33.7630618, 35.3586828], [33.7629583, 35.3585495], [33.7628357, 35.358504], [33.7621708, 35.3584616], [33.7618737, 35.3583586], [33.761688, 35.3582374], [33.7614567, 35.357986], [33.7613425, 35.3578618], [33.7612014, 35.357565], [33.7610454, 35.3574074], [33.7609219, 35.3573029], [33.7609487, 35.3571688], [33.761054, 35.3570675], [33.7613538, 35.3570035], [33.7616497, 35.3568514], [33.7620472, 35.356835], [33.7626805, 35.356878], [33.7634467, 35.3568388], [33.7636165, 35.3567584], [33.7638827, 35.3566041], [33.7642475, 35.3565056], [33.7645563, 35.356529], [33.7648784, 35.356554], [33.7649744, 35.356516], [33.7650086, 35.3563835], [33.7650208, 35.3560251], [33.7650234, 35.3559473], [33.7651683, 35.3557746], [33.7653726, 35.3556747], [33.7657855, 35.3555323], [33.7658555, 35.3555081], [33.7660792, 35.3555305], [33.7662742, 35.3555501], [33.7669143, 35.355721], [33.7672496, 35.3558173], [33.7674235, 35.3558066], [33.7675506, 35.3557987], [33.7678325, 35.3557117], [33.767898, 35.3557265], [33.7680383, 35.3557583], [33.7681716, 35.3557552], [33.7682592, 35.3556713], [33.7682336, 35.3555982], [33.7681526, 35.3553668], [33.7680154, 35.3551524], [33.7678897, 35.3551244], [33.7676192, 35.3551524], [33.7673906, 35.355084], [33.7672839, 35.3549224], [33.7670858, 35.3543973], [33.7670324, 35.3540057], [33.7669696, 35.3538395], [33.7666914, 35.353796], [33.7662228, 35.3536903], [33.7660095, 35.3534759], [33.765838, 35.3533423], [33.7656894, 35.3533144], [33.7653694, 35.3534169], [33.7651103, 35.3535567], [33.7649122, 35.3536127], [33.7646607, 35.3536313], [33.7643064, 35.3535878], [33.7640054, 35.3535132], [33.7638721, 35.3533983], [33.7637082, 35.3530067], [33.7635901, 35.3528545], [33.7634339, 35.3527923], [33.7628624, 35.3528078], [33.7626834, 35.352755], [33.7622833, 35.3525375], [33.7620547, 35.3524878], [33.7618185, 35.3524474], [33.7614527, 35.3523091], [33.7610965, 35.3522299], [33.7608489, 35.3522143], [33.760605, 35.352146], [33.7604374, 35.3520667], [33.7602297, 35.3519098], [33.7600316, 35.3517715], [33.7597744, 35.3516332], [33.7595592, 35.3515711], [33.7592944, 35.3514934], [33.7590848, 35.3514064], [33.7589534, 35.3513194], [33.7588982, 35.3512432], [33.7589515, 35.3510972]]}, "properties": {"feature_type": "road", "highway": "tertiary", "landuse": ""}}, {"type": "Feature", "geometry": {"type": "Polygon", "coordinates": [[[33.6780188, 35.330315], [33.6767859, 35.3301626], [33.6767112, 35.3290043], [33.6774958, 35.3283795], [33.6771595, 35.3279375], [33.6777947, 35.3278308], [33.6779254, 35.3270536], [33.6791396, 35.3278613], [33.6784858, 35.3291262], [33.6780188, 35.330315]]]}, "properties": {"feature_type": "urban", "highway": "", "landuse": "residential"}}, {"type": "Feature", "geometry": {"type": "LineString", "coordinates": [[33.8143616, 35.3268492], [33.8142525, 35.3262936], [33.8142525, 35.3256573], [33.8138789, 35.3252572], [33.8138229, 35.3250934], [33.8138415, 35.3249029], [33.8137481, 35.3242742], [33.8136267, 35.3241028], [33.8135987, 35.3236227], [33.8135053, 35.3231845], [33.813502, 35.3230894]]}, "properties": {"feature_type": "road", "highway": "residential", "landuse": ""}}, {"type": "Feature", "geometry": {"type": "LineString", "coordinates": [[33.8140297, 35.3269728], [33.81353, 35.3267893], [33.813393, 35.3267561], [33.8128151, 35.3266161], [33.8123408, 35.3265063], [33.8119787, 35.3263389], [33.8115274, 35.3258321], [33.8114227, 35.3256209], [33.8113056, 35.3253092], [33.8112132, 35.3252288], [33.8107942, 35.3251031], [33.8106647, 35.3249874], [33.8102827, 35.3242936], [33.8102129, 35.3242274], [33.8099741, 35.3240009], [33.8094508, 35.3235043], [33.809082, 35.3229742], [33.8085336, 35.322743], [33.808471, 35.3226374], [33.8084528, 35.322576], [33.8083056, 35.3220793], [33.8078434, 35.3219486], [33.8075169, 35.3217676], [33.8071718, 35.3216167], [33.8069315, 35.3211693], [33.8066542, 35.3209028], [33.8066049, 35.3208475], [33.805927, 35.3205458], [33.8056313, 35.3202995], [33.8055881, 35.3200883], [33.8057915, 35.3199525], [33.8061427, 35.3199173], [33.806802, 35.3203196], [33.8072334, 35.3204302], [33.8073751, 35.3203648], [33.8074676, 35.320219], [33.8070732, 35.3194347], [33.806155, 35.3185296], [33.8053971, 35.3171419], [33.8045714, 35.3164329], [33.8035669, 35.315915]]}, "properties": {"feature_type": "road", "highway": "residential", "landuse": ""}}, {"type": "Feature", "geometry": {"type": "LineString", "coordinates": [[33.8205903, 35.3220105], [33.8214441, 35.3219515], [33.8223731, 35.3218949], [33.8225185, 35.3218553], [33.8226995, 35.3218093], [33.8233264, 35.3216115], [33.8234114, 35.3215446], [33.8234067, 35.3213884], [33.823332, 35.3209654]]}, "properties": {"feature_type": "road", "highway": "residential", "landuse": ""}}, {"type": "Feature", "geometry": {"type": "LineString", "coordinates": [[33.6869656, 35.2831286], [33.6870367, 35.2830217], [33.6872688, 35.2829117], [33.6875121, 35.2828292], [33.6876282, 35.2825633], [33.6876993, 35.2821997], [33.6877122, 35.2820533]]}, "properties": {"feature_type": "road", "highway": "residential", "landuse": ""}}, {"type": "Feature", "geometry": {"type": "LineString", "coordinates": [[33.6875121, 35.2828292], [33.6881531, 35.2830361]]}, "properties": {"feature_type": "road", "highway": "residential", "landuse": ""}}, {"type": "Feature", "geometry": {"type": "LineString", "coordinates": [[33.6880479, 35.2831663], [33.6875346, 35.2831409], [33.6872501, 35.2831317], [33.6869656, 35.2831286], [33.6863931, 35.283106], [33.6861451, 35.2831778], [33.6859215, 35.2833437], [33.6857113, 35.2836204]]}, "properties": {"feature_type": "road", "highway": "residential", "landuse": ""}}, {"type": "Feature", "geometry": {"type": "LineString", "coordinates": [[33.7402942, 35.3994108], [33.7401268, 35.3994708], [33.7395689, 35.3997594], [33.7390807, 35.3999409], [33.73896, 35.3999781], [33.7388608, 35.4000393], [33.7387991, 35.400142], [33.7387052, 35.4002142], [33.7385631, 35.4002732], [33.738437, 35.4003672], [33.7383378, 35.4004656], [33.738209, 35.4005203], [33.7380213, 35.4004722], [33.7377986, 35.4003475], [33.7375626, 35.4003301], [33.7372997, 35.400341], [33.7370717, 35.4003956], [33.7369189, 35.4004831], [33.7367713, 35.4006033], [33.7366372, 35.4007455], [33.7365434, 35.400881], [33.7364843, 35.4009641], [33.7364629, 35.4010778]]}, "properties": {"feature_type": "road", "highway": "service", "landuse": ""}}, {"type": "Feature", "geometry": {"type": "Polygon", "coordinates": [[[33.626365, 35.3402233], [33.6270281, 35.3402995], [33.6279061, 35.339629], [33.6278781, 35.3392176], [33.6262436, 35.3390119], [33.6261969, 35.3394233], [33.6267386, 35.3395909], [33.626365, 35.3402233]]]}, "properties": {"feature_type": "urban", "highway": "", "landuse": "residential"}}, {"type": "Feature", "geometry": {"type": "LineString", "coordinates": [[33.6287317, 35.3403433], [33.6285058, 35.3403244], [33.6283046, 35.3403529], [33.6280578, 35.3404338], [33.6279418, 35.3405437], [33.6278891, 35.3405764], [33.6278463, 35.3405775], [33.6278218, 35.3405541], [33.6278216, 35.3405008], [33.6279568, 35.3402622], [33.6279559, 35.3401822], [33.6278739, 35.3400247], [33.6278619, 35.3399323], [33.6279121, 35.3398413], [33.6281839, 35.3396636], [33.6285794, 35.3394954], [33.6288357, 35.3394404], [33.6290991, 35.3393099], [33.6294823, 35.3392592]]}, "properties": {"feature_type": "road", "highway": "residential", "landuse": ""}}, {"type": "Feature", "geometry": {"type": "LineString", "coordinates": [[33.6281839, 35.3396636], [33.6280839, 35.3396097], [33.627989, 35.3396036], [33.627647, 35.3397197], [33.6268737, 35.3395815]]}, "properties": {"feature_type": "road", "highway": "residential", "landuse": ""}}, {"type": "Feature", "geometry": {"type": "Polygon", "coordinates": [[[33.5846901, 35.3472656], [33.5841536, 35.3460054], [33.5848188, 35.3449903], [33.5863209, 35.3452003], [33.5866945, 35.3460006], [33.5891838, 35.3467334], [33.5890708, 35.34716], [33.5884647, 35.3471448], [33.5883152, 35.3478228], [33.5872739, 35.3476256], [33.5870088, 35.3470556], [33.5868302, 35.3466724], [33.5855973, 35.3466648], [33.5854689, 35.3474009], [33.5846901, 35.3472656]]]}, "properties": {"feature_type": "urban", "highway": "", "landuse": "residential"}}, {"type": "Feature", "geometry": {"type": "Polygon", "coordinates": [[[33.5904442, 35.350599], [33.5915167, 35.3507354], [33.5916839, 35.3501428], [33.5906748, 35.3499923], [33.5904442, 35.350599]]]}, "properties": {"feature_type": "urban", "highway": "", "landuse": "residential"}}, {"type": "Feature", "geometry": {"type": "Polygon", "coordinates": [[[33.5895446, 35.3496537], [33.5916551, 35.3499829], [33.5919492, 35.3490517], [33.5906806, 35.3488776], [33.5903173, 35.3493009], [33.5892851, 35.3491222], [33.5892217, 35.3493715], [33.5895446, 35.3496537]]]}, "properties": {"feature_type": "urban", "highway": "", "landuse": "residential"}}, {"type": "Feature", "geometry": {"type": "Polygon", "coordinates": [[[33.5888055, 35.352219], [33.5899713, 35.3521649], [33.5899912, 35.3513654], [33.5891036, 35.3512951], [33.5890241, 35.3518732], [33.5887857, 35.3519272], [33.5888055, 35.352219]]]}, "properties": {"feature_type": "urban", "highway": "", "landuse": "residential"}}, {"type": "Feature", "geometry": {"type": "LineString", "coordinates": [[33.5890876, 35.3518453], [33.5898802, 35.3518372], [33.5910429, 35.3517865]]}, "properties": {"feature_type": "road", "highway": "residential", "landuse": ""}}, {"type": "Feature", "geometry": {"type": "Polygon", "coordinates": [[[33.6012274, 35.3532131], [33.6032301, 35.3536956], [33.603834, 35.3525095], [33.6016896, 35.3519818], [33.6012274, 35.3532131]]]}, "properties": {"feature_type": "urban", "highway": "", "landuse": "residential"}}, {"type": "Feature", "geometry": {"type": "Polygon", "coordinates": [[[33.6014095, 35.3513963], [33.6018648, 35.3507132], [33.6025072, 35.3508259], [33.602808, 35.3507795], [33.6030601, 35.3503816], [33.6057514, 35.3511111], [33.6053693, 35.3522584], [33.6014095, 35.3513963]]]}, "properties": {"feature_type": "urban", "highway": "", "landuse": "residential"}}, {"type": "Feature", "geometry": {"type": "Polygon", "coordinates": [[[33.5892922, 35.3409631], [33.5888211, 35.3409336], [33.5889208, 35.3403572], [33.5882323, 35.3401355], [33.5883048, 35.33984], [33.5889932, 35.3400099], [33.5893284, 35.340202], [33.5892922, 35.3409631]]]}, "properties": {"feature_type": "urban", "highway": "", "landuse": "residential"}}, {"type": "Feature", "geometry": {"type": "Polygon", "coordinates": [[[33.5904082, 35.3446018], [33.5901802, 35.3446278], [33.5889935, 35.3440007], [33.589096, 35.3438182], [33.5895138, 35.3434007], [33.590596, 35.3440101], [33.5904082, 35.3446018]]]}, "properties": {"feature_type": "urban", "highway": "", "landuse": "residential"}}, {"type": "Feature", "geometry": {"type": "LineString", "coordinates": [[33.5898344, 35.3442471], [33.5900829, 35.3438385]]}, "properties": {"feature_type": "road", "highway": "service", "landuse": ""}}, {"type": "Feature", "geometry": {"type": "LineString", "coordinates": [[33.5896993, 35.3441721], [33.5899081, 35.3437658]]}, "properties": {"feature_type": "road", "highway": "service", "landuse": ""}}, {"type": "Feature", "geometry": {"type": "LineString", "coordinates": [[33.7090032, 35.3780653], [33.7083131, 35.377823], [33.7074172, 35.3774731], [33.7066716, 35.377285]]}, "properties": {"feature_type": "road", "highway": "residential", "landuse": ""}}, {"type": "Feature", "geometry": {"type": "LineString", "coordinates": [[33.6039413, 35.3045794], [33.6038355, 35.3045988], [33.6036138, 35.3046394], [33.6032805, 35.3048011], [33.6031502, 35.3049286], [33.6030582, 35.3051243], [33.6031079, 35.3053104], [33.603158, 35.3052963], [33.6033494, 35.3052284], [33.6034729, 35.3052593], [33.603658, 35.305321], [33.6037938, 35.3053827], [33.6041272, 35.3054197], [33.6044114, 35.3053831]]}, "properties": {"feature_type": "road", "highway": "residential", "landuse": ""}}, {"type": "Feature", "geometry": {"type": "LineString", "coordinates": [[33.5794233, 35.2772053], [33.5798415, 35.277361], [33.5799228, 35.2774374], [33.5799919, 35.2775701], [33.5799838, 35.2778124], [33.5799025, 35.2779982], [33.5797399, 35.278204], [33.5790569, 35.2788843], [33.5789431, 35.2789142], [33.5787398, 35.2789175], [33.5785284, 35.2788942], [33.578378, 35.2788445], [33.5781725, 35.2787013]]}, "properties": {"feature_type": "road", "highway": "residential", "landuse": ""}}, {"type": "Feature", "geometry": {"type": "Polygon", "coordinates": [[[33.5774485, 35.2789196], [33.5778025, 35.2793225], [33.5789504, 35.2787445], [33.5800447, 35.2781052], [33.579755, 35.2777548], [33.5787895, 35.2775622], [33.5774485, 35.2789196]]]}, "properties": {"feature_type": "urban", "highway": "", "landuse": "residential"}}, {"type": "Feature", "geometry": {"type": "Polygon", "coordinates": [[[33.5953132, 35.2447863], [33.5959983, 35.2439893], [33.5968995, 35.2441471], [33.5973286, 35.2440244], [33.5975218, 35.2425874], [33.597672, 35.2419302], [33.6013305, 35.2420178], [33.6049032, 35.2432971], [33.6041819, 35.2443496], [33.6065751, 35.245032], [33.6104607, 35.2468984], [33.6117804, 35.2481163], [33.6118126, 35.2484405], [33.6104218, 35.249041], [33.6094254, 35.2486553], [33.6065581, 35.2506003], [33.6056428, 35.2534746], [33.6035841, 35.2544347], [33.6036058, 35.2551831], [33.6048151, 35.2555239], [33.6066814, 35.2555768], [33.6066738, 35.2558872], [33.6055679, 35.2568533], [33.6031249, 35.2572964], [33.6031283, 35.2583332], [33.6022097, 35.2581099], [33.6019856, 35.2585771], [33.6011245, 35.2595361], [33.5979385, 35.2586587], [33.597364, 35.2582211], [33.5972252, 35.2575355], [33.5973392, 35.2570186], [33.5971355, 35.256571], [33.5975432, 35.2551342], [33.595891, 35.2539777], [33.596363, 35.2533119], [33.5980582, 35.2529965], [33.599689, 35.2515946], [33.6009764, 35.2515946], [33.6019682, 35.2506806], [33.6033329, 35.250795], [33.6037788, 35.2501881], [33.6040234, 35.2491589], [33.6055684, 35.2474767], [33.6067179, 35.2477526], [33.6068773, 35.2471437], [33.6038041, 35.2454449], [33.6032261, 35.2462583], [33.6026332, 35.246131], [33.6027338, 35.2452631], [33.5989397, 35.244929], [33.5987663, 35.2461799], [33.5973072, 35.2462675], [33.5953132, 35.2447863]]]}, "properties": {"feature_type": "urban", "highway": "", "landuse": "residential"}}, {"type": "Feature", "geometry": {"type": "LineString", "coordinates": [[33.785403, 35.2609749], [33.785216, 35.2609252], [33.7850284, 35.260905], [33.7848467, 35.2609558]]}, "properties": {"feature_type": "road", "highway": "residential", "landuse": ""}}, {"type": "Feature", "geometry": {"type": "LineString", "coordinates": [[33.7835386, 35.2571655], [33.784288, 35.2570843]]}, "properties": {"feature_type": "road", "highway": "residential", "landuse": ""}}, {"type": "Feature", "geometry": {"type": "Polygon", "coordinates": [[[33.6680806, 35.3623943], [33.6674626, 35.3622816], [33.6670479, 35.3629115], [33.6666089, 35.3629446], [33.6662267, 35.3627325], [33.6662267, 35.3624739], [33.66469, 35.3616516], [33.6647875, 35.3611411], [33.6653323, 35.3611477], [33.6660559, 35.3611941], [33.6662348, 35.3611079], [33.6664218, 35.3611411], [33.6663974, 35.3613731], [33.666926, 35.3616782], [33.6670317, 35.3614991], [33.6682838, 35.361897], [33.6680806, 35.3623943]]]}, "properties": {"feature_type": "urban", "highway": "", "landuse": "residential"}}, {"type": "Feature", "geometry": {"type": "Polygon", "coordinates": [[[33.6777972, 35.366103], [33.6785289, 35.3666136], [33.680082, 35.3669252], [33.6808544, 35.3664611], [33.6807487, 35.3661229], [33.6802202, 35.3656057], [33.6801958, 35.3650687], [33.6795778, 35.3647106], [33.6783826, 35.3648764], [33.6781468, 35.3655195], [33.6779842, 35.3655129], [33.6777972, 35.366103]]]}, "properties": {"feature_type": "urban", "highway": "", "landuse": "residential"}}, {"type": "Feature", "geometry": {"type": "Polygon", "coordinates": [[[33.6821177, 35.3684908], [33.6841993, 35.3690729], [33.684366, 35.3685071], [33.6840058, 35.368431], [33.6846129, 35.3675006], [33.6849865, 35.3677128], [33.6853134, 35.3677128], [33.6857204, 35.3668804], [33.6844795, 35.3663962], [33.6847063, 35.365825], [33.6842193, 35.3656726], [33.6843861, 35.3651558], [33.6835454, 35.3650034], [33.6830317, 35.3664397], [33.6821177, 35.3684908]]]}, "properties": {"feature_type": "urban", "highway": "", "landuse": "residential"}}, {"type": "Feature", "geometry": {"type": "LineString", "coordinates": [[33.6610076, 35.36038], [33.6609306, 35.3602125], [33.6605766, 35.3597506], [33.6602429, 35.3594042], [33.6600912, 35.3593218], [33.6599294, 35.3592475], [33.6598738, 35.3591774], [33.6598081, 35.3589754], [33.6597095, 35.3587651], [33.6594023, 35.3583831], [33.6593726, 35.358239]]}, "properties": {"feature_type": "road", "highway": "residential", "landuse": ""}}, {"type": "Feature", "geometry": {"type": "Polygon", "coordinates": [[[33.6575781, 35.3591663], [33.6578158, 35.3585022], [33.6592948, 35.3585992], [33.6595281, 35.3586351], [33.6596953, 35.3593781], [33.6595325, 35.3595792], [33.6590879, 35.3594535], [33.6589206, 35.3598233], [33.6578026, 35.3594248], [33.6575781, 35.3591663]]]}, "properties": {"feature_type": "urban", "highway": "", "landuse": "residential"}}, {"type": "Feature", "geometry": {"type": "Polygon", "coordinates": [[[33.675748, 35.3612081], [33.6746256, 35.3611257], [33.6742615, 35.3606226], [33.6743222, 35.3601608], [33.6731491, 35.3600618], [33.6724514, 35.3598309], [33.6723447, 35.3598137], [33.672173, 35.3588512], [33.6724549, 35.3582883], [33.6740087, 35.358668], [33.673948, 35.3590639], [33.6760818, 35.3595835], [33.6757784, 35.3603917], [33.675748, 35.3612081]]]}, "properties": {"feature_type": "urban", "highway": "", "landuse": "residential"}}, {"type": "Feature", "geometry": {"type": "Polygon", "coordinates": [[[33.6808915, 35.3636874], [33.6793245, 35.3632208], [33.6793157, 35.3628833], [33.6792188, 35.3624311], [33.6793597, 35.3623018], [33.6805129, 35.3616485], [33.6807418, 35.3612824], [33.6814637, 35.3613972], [33.6808915, 35.3636874]]]}, "properties": {"feature_type": "urban", "highway": "", "landuse": "residential"}}, {"type": "Feature", "geometry": {"type": "LineString", "coordinates": [[33.6958985, 35.3685188], [33.6959722, 35.3683834], [33.6961117, 35.3681778], [33.6963531, 35.3675916], [33.6963638, 35.3675085], [33.696337, 35.3674035], [33.6961975, 35.367141], [33.6961546, 35.3668654], [33.696061, 35.366374], [33.6959818, 35.3659581], [33.6959661, 35.3659104], [33.6956966, 35.3650781], [33.6955995, 35.3647782], [33.6955633, 35.3643913], [33.6955123, 35.3642836]]}, "properties": {"feature_type": "road", "highway": "residential", "landuse": ""}}, {"type": "Feature", "geometry": {"type": "LineString", "coordinates": [[33.6927659, 35.3674063], [33.6928515, 35.3676649], [33.6930947, 35.368196], [33.693404, 35.3687541], [33.6937956, 35.3690515], [33.6940535, 35.3695265], [33.6942467, 35.3697015], [33.6945256, 35.3698852], [33.6935332, 35.3715343]]}, "properties": {"feature_type": "road", "highway": "residential", "landuse": ""}}, {"type": "Feature", "geometry": {"type": "LineString", "coordinates": [[33.7073617, 35.3781528], [33.7071256, 35.3789139]]}, "properties": {"feature_type": "road", "highway": "residential", "landuse": ""}}, {"type": "Feature", "geometry": {"type": "LineString", "coordinates": [[33.6959661, 35.3659104], [33.6963329, 35.3658995], [33.6963743, 35.3658695], [33.6963927, 35.3657756], [33.695992, 35.364705]]}, "properties": {"feature_type": "road", "highway": "residential", "landuse": ""}}, {"type": "Feature", "geometry": {"type": "LineString", "coordinates": [[33.6441765, 35.3535082], [33.64416, 35.3536493], [33.644177, 35.3537], [33.6442244, 35.3538418], [33.6443478, 35.3540561], [33.6443531, 35.3542399], [33.6443263, 35.3544149], [33.6442351, 35.3545637], [33.6442173, 35.354754], [33.6442978, 35.3548327], [33.6444372, 35.3548896], [33.6446786, 35.3549815], [33.6447913, 35.3550077], [33.644861, 35.3550515], [33.64492, 35.3551215], [33.6449147, 35.3552178], [33.6447913, 35.355314], [33.644507, 35.355314], [33.64433, 35.3552309], [33.6440456, 35.3550778], [33.6438579, 35.3549815], [33.6436565, 35.3548522], [33.643684, 35.3547115]]}, "properties": {"feature_type": "road", "highway": "residential", "landuse": ""}}, {"type": "Feature", "geometry": {"type": "LineString", "coordinates": [[33.6416112, 35.3560852], [33.6417084, 35.3558408], [33.6418391, 35.3556417], [33.6419185, 35.355599], [33.641999, 35.3555917], [33.6421289, 35.3556203], [33.6424541, 35.3556816], [33.6425204, 35.3556723]]}, "properties": {"feature_type": "road", "highway": "residential", "landuse": ""}}, {"type": "Feature", "geometry": {"type": "LineString", "coordinates": [[33.5766642, 35.3448805], [33.5770833, 35.3449815], [33.5776681, 35.3451828], [33.5783064, 35.3454628]]}, "properties": {"feature_type": "road", "highway": "residential", "landuse": ""}}, {"type": "Feature", "geometry": {"type": "LineString", "coordinates": [[33.582107, 35.3498586], [33.5821474, 35.349677], [33.5822412, 35.3492586]]}, "properties": {"feature_type": "road", "highway": "service", "landuse": ""}}, {"type": "Feature", "geometry": {"type": "LineString", "coordinates": [[33.7151658, 35.3865893], [33.7147987, 35.387598]]}, "properties": {"feature_type": "road", "highway": "residential", "landuse": ""}}, {"type": "Feature", "geometry": {"type": "LineString", "coordinates": [[33.714465, 35.3863293], [33.7140798, 35.3874056], [33.7139082, 35.3879654]]}, "properties": {"feature_type": "road", "highway": "residential", "landuse": ""}}, {"type": "Feature", "geometry": {"type": "LineString", "coordinates": [[33.7156784, 35.3878692], [33.7147987, 35.387598], [33.7140798, 35.3874056], [33.7135327, 35.3872832]]}, "properties": {"feature_type": "road", "highway": "residential", "landuse": ""}}, {"type": "Feature", "geometry": {"type": "LineString", "coordinates": [[33.707267, 35.3741838], [33.7080932, 35.3744725], [33.7085431, 35.3746997], [33.708707, 35.3747768], [33.7089676, 35.3749187], [33.7091446, 35.3750061], [33.7094986, 35.3751286], [33.70974, 35.3751855], [33.7099546, 35.3751636], [33.7103355, 35.3748465]]}, "properties": {"feature_type": "road", "highway": "service", "landuse": ""}}, {"type": "Feature", "geometry": {"type": "LineString", "coordinates": [[33.650297, 35.3567291], [33.6502504, 35.3566964], [33.6499539, 35.3566689], [33.6494528, 35.3566271], [33.6491664, 35.356597], [33.6490792, 35.3565893], [33.649047, 35.35655], [33.6489733, 35.356142], [33.6490148, 35.3559374], [33.6491453, 35.3558483], [33.6494452, 35.3557376], [33.6495373, 35.3556665], [33.6495986, 35.355619], [33.6499059, 35.3553597], [33.6500332, 35.3552054], [33.6501308, 35.3550552], [33.6501634, 35.3549223], [33.6502016, 35.3548681], [33.650284, 35.3547921], [33.6506001, 35.354748], [33.6510005, 35.3546743], [33.6510782, 35.3545707]]}, "properties": {"feature_type": "road", "highway": "residential", "landuse": ""}}, {"type": "Feature", "geometry": {"type": "LineString", "coordinates": [[33.6370063, 35.3550252], [33.6372895, 35.3548852], [33.6376945, 35.3547376], [33.6378314, 35.3546501], [33.6379574, 35.3545396], [33.6381251, 35.3542749], [33.6381585, 35.3542071]]}, "properties": {"feature_type": "road", "highway": "residential", "landuse": ""}}, {"type": "Feature", "geometry": {"type": "LineString", "coordinates": [[33.6382197, 35.3551824], [33.6380339, 35.3550799], [33.6379601, 35.3550504], [33.6378649, 35.3550253], [33.6377938, 35.3550263], [33.6376409, 35.3550734], [33.6374706, 35.3551313], [33.6373472, 35.3551587], [33.6372345, 35.3551499], [33.6371326, 35.355092], [33.6370063, 35.3550252], [33.636827, 35.3549583], [33.636564, 35.3548601], [33.6363346, 35.3547625], [33.6361241, 35.354673], [33.6359967, 35.3545888], [33.6358868, 35.354475], [33.6355287, 35.3540846], [33.6351682, 35.3538226]]}, "properties": {"feature_type": "road", "highway": "residential", "landuse": ""}}, {"type": "Feature", "geometry": {"type": "LineString", "coordinates": [[33.640518, 35.3528738], [33.6401743, 35.3525642], [33.6395198, 35.3522404], [33.639214, 35.3521573], [33.6387312, 35.3521223], [33.6385835, 35.3520791], [33.6385127, 35.3519838], [33.6384985, 35.3518337], [33.6385056, 35.3516749], [33.6385835, 35.350884], [33.6385481, 35.3507339]]}, "properties": {"feature_type": "road", "highway": "residential", "landuse": ""}}, {"type": "Feature", "geometry": {"type": "LineString", "coordinates": [[33.6403584, 35.3534731], [33.640518, 35.3528738], [33.6408126, 35.3517679]]}, "properties": {"feature_type": "road", "highway": "residential", "landuse": ""}}, {"type": "Feature", "geometry": {"type": "LineString", "coordinates": [[33.6304861, 35.3508753], [33.6311942, 35.3513741], [33.6318433, 35.3520392], [33.6322083, 35.3523637], [33.6323798, 35.3525161], [33.6325997, 35.3526298], [33.6329699, 35.3527786], [33.6331415, 35.3528748], [33.6332756, 35.3530148], [33.6333239, 35.3532992], [33.6332683, 35.3536661]]}, "properties": {"feature_type": "road", "highway": "residential", "landuse": ""}}, {"type": "Feature", "geometry": {"type": "LineString", "coordinates": [[33.7860639, 35.2630587], [33.7860465, 35.2631813], [33.7861146, 35.2632784], [33.7862374, 35.2633283], [33.7863734, 35.263314], [33.7864768, 35.2632404], [33.7864939, 35.2631434]]}, "properties": {"feature_type": "road", "highway": "service", "landuse": ""}}, {"type": "Feature", "geometry": {"type": "LineString", "coordinates": [[33.6937231, 35.2548822], [33.6938131, 35.2545647], [33.6938614, 35.2542887], [33.6938828, 35.2541617], [33.6937702, 35.2540609], [33.6935234, 35.2539865]]}, "properties": {"feature_type": "road", "highway": "service", "landuse": ""}}, {"type": "Feature", "geometry": {"type": "LineString", "coordinates": [[33.6898541, 35.2531607], [33.6904442, 35.2534958], [33.6909887, 35.2538485]]}, "properties": {"feature_type": "road", "highway": "service", "landuse": ""}}, {"type": "Feature", "geometry": {"type": "LineString", "coordinates": [[33.6909887, 35.2538485], [33.6907607, 35.2540259], [33.6900794, 35.2544815], [33.6899346, 35.2546107], [33.689771, 35.2547005], [33.6894625, 35.2547618], [33.6893123, 35.2547859], [33.6891954, 35.2548386]]}, "properties": {"feature_type": "road", "highway": "service", "landuse": ""}}, {"type": "Feature", "geometry": {"type": "LineString", "coordinates": [[33.7272602, 35.2588291], [33.7273675, 35.2584655], [33.7274219, 35.2581618]]}, "properties": {"feature_type": "road", "highway": "residential", "landuse": ""}}, {"type": "Feature", "geometry": {"type": "LineString", "coordinates": [[33.785853, 35.2614131], [33.7860722, 35.2610811], [33.7861819, 35.2608847], [33.7862964, 35.2606231], [33.7863291, 35.2605333]]}, "properties": {"feature_type": "road", "highway": "residential", "landuse": ""}}, {"type": "Feature", "geometry": {"type": "LineString", "coordinates": [[33.7897862, 35.2603262], [33.7897742, 35.2601195], [33.7897157, 35.2598453], [33.7896659, 35.2595591]]}, "properties": {"feature_type": "road", "highway": "residential", "landuse": ""}}, {"type": "Feature", "geometry": {"type": "LineString", "coordinates": [[33.7843256, 35.2607531], [33.7842254, 35.2606155], [33.7841843, 35.2604998], [33.7841843, 35.2603553], [33.7841593, 35.2601913]]}, "properties": {"feature_type": "road", "highway": "residential", "landuse": ""}}, {"type": "Feature", "geometry": {"type": "LineString", "coordinates": [[33.7869908, 35.2601329], [33.7874432, 35.2601954]]}, "properties": {"feature_type": "road", "highway": "residential", "landuse": ""}}, {"type": "Feature", "geometry": {"type": "LineString", "coordinates": [[33.5841189, 35.2972639], [33.5837069, 35.2970256], [33.5833492, 35.2966274], [33.5830158, 35.2963288], [33.5830564, 35.295997], [33.5830971, 35.295612], [33.5828613, 35.2952205], [33.5826824, 35.2948953], [33.5824304, 35.2947759], [33.5828613, 35.2944507], [33.5831459, 35.2945237], [33.5828776, 35.2941587], [33.5831459, 35.2937207], [33.5833979, 35.2932561], [33.5828303, 35.2930253], [33.5823905, 35.2930165], [33.5818969, 35.2926488], [33.5812854, 35.292281], [33.5804915, 35.2919044], [33.5798048, 35.2916504], [33.5792166, 35.2919408], [33.5784032, 35.2916088], [33.5778732, 35.2916591], [33.5774665, 35.2918804], [33.5769366, 35.2919508], [33.5766161, 35.292826], [33.5762341, 35.2933289], [33.5754207, 35.2936307], [33.5743382, 35.2928014], [33.5739145, 35.2929339], [33.5733296, 35.2931167], [33.5726178, 35.2931062], [33.5722168, 35.2929641], [33.5715497, 35.293402], [33.5711958, 35.2935869], [33.5704172, 35.2940722], [33.5705021, 35.2936447], [33.5702614, 35.293402], [33.5700066, 35.2930669], [33.5698216, 35.292671], [33.5694606, 35.2925208], [33.5693332, 35.2922897], [33.5688291, 35.2920691], [33.5686466, 35.2919893], [33.5681016, 35.291787], [33.5674221, 35.2914404], [33.5673159, 35.2912208], [33.5669266, 35.2907933], [33.5668629, 35.2902733], [33.5665726, 35.2898689], [33.5662116, 35.2897013], [33.5655109, 35.2898689], [33.5647393, 35.2898862], [33.5638262, 35.2892276], [33.5633363, 35.2886623], [33.5632954, 35.2886151], [33.5626512, 35.2878929], [33.5618443, 35.2877658], [33.5613417, 35.2874191], [33.5608179, 35.2869453], [33.5604215, 35.2867373], [33.5596783, 35.2865178], [33.5593668, 35.2862751], [33.5591757, 35.28594], [33.5588926, 35.2857782], [33.5588855, 35.2854777], [33.5590979, 35.2852755], [33.5589917, 35.2849635], [33.5589421, 35.2846226], [33.5588501, 35.2843048], [33.5583971, 35.2841315], [33.5577954, 35.2840217], [33.5577055, 35.2840177]]}, "properties": {"feature_type": "road", "highway": "service", "landuse": ""}}, {"type": "Feature", "geometry": {"type": "LineString", "coordinates": [[33.7761006, 35.40636], [33.7758196, 35.4069395], [33.7756578, 35.4076023], [33.7755173, 35.4078453], [33.7754832, 35.4079598], [33.7755173, 35.4084144], [33.775496, 35.4086608], [33.7754066, 35.4089002], [33.775381, 35.409046], [33.7753342, 35.4092924], [33.7752022, 35.4095839], [33.7749766, 35.40991], [33.7749127, 35.4101668], [33.7748488, 35.4105555], [33.7749084, 35.410729], [33.7748546, 35.4113328], [33.7748501, 35.4115218], [33.7748792, 35.4119738]]}, "properties": {"feature_type": "road", "highway": "residential", "landuse": ""}}, {"type": "Feature", "geometry": {"type": "LineString", "coordinates": [[33.6771218, 35.2767219], [33.6776451, 35.2768988], [33.6781652, 35.2771502], [33.6791328, 35.2773917]]}, "properties": {"feature_type": "road", "highway": "service", "landuse": ""}}, {"type": "Feature", "geometry": {"type": "LineString", "coordinates": [[33.6304861, 35.3508753], [33.6303913, 35.3508056], [33.6301612, 35.3503229], [33.6299328, 35.3500065], [33.6296921, 35.3495956], [33.6292181, 35.3491036], [33.6290788, 35.348946], [33.628863, 35.3486554], [33.6287099, 35.3484988], [33.6279151, 35.3479365], [33.6278936, 35.3479198]]}, "properties": {"feature_type": "road", "highway": "residential", "landuse": ""}}, {"type": "Feature", "geometry": {"type": "LineString", "coordinates": [[33.6487849, 35.3517816], [33.6496387, 35.352104]]}, "properties": {"feature_type": "road", "highway": "residential", "landuse": ""}}, {"type": "Feature", "geometry": {"type": "LineString", "coordinates": [[33.6491592, 35.3510933], [33.6498298, 35.351348], [33.6499802, 35.3513811]]}, "properties": {"feature_type": "road", "highway": "residential", "landuse": ""}}, {"type": "Feature", "geometry": {"type": "LineString", "coordinates": [[33.6671068, 35.362719], [33.667335, 35.3622626], [33.6674806, 35.3619713], [33.6675805, 35.3617715]]}, "properties": {"feature_type": "road", "highway": "residential", "landuse": ""}}, {"type": "Feature", "geometry": {"type": "LineString", "coordinates": [[33.680684, 35.3646787], [33.6806304, 35.3646262], [33.6805177, 35.3646065], [33.6801932, 35.3646262], [33.6797157, 35.3646175], [33.6794824, 35.3645934], [33.6792651, 35.3645343], [33.6791874, 35.364495], [33.6791524, 35.3644332]]}, "properties": {"feature_type": "road", "highway": "residential", "landuse": ""}}, {"type": "Feature", "geometry": {"type": "LineString", "coordinates": [[33.6760675, 35.3583465], [33.6754368, 35.3583865]]}, "properties": {"feature_type": "road", "highway": "residential", "landuse": ""}}, {"type": "Feature", "geometry": {"type": "Polygon", "coordinates": [[[33.6855046, 35.3311837], [33.6856333, 35.3303697], [33.6860839, 35.3303171], [33.6863414, 35.3306848], [33.6875967, 35.3310086], [33.6883155, 35.3309211], [33.6884657, 35.331385], [33.689367, 35.331385], [33.6897317, 35.3307635], [33.6889271, 35.3305185], [33.6891095, 35.3300195], [33.6895708, 35.3300458], [33.6896781, 35.3305185], [33.6911265, 35.3300808], [33.6915235, 35.3302296], [33.6912338, 35.330711], [33.6918561, 35.3309386], [33.6925427, 35.3318226], [33.6924998, 35.3322953], [33.6917917, 35.332269], [33.6917488, 35.3317351], [33.6907724, 35.332094], [33.6910836, 35.3326104], [33.6912982, 35.3328905], [33.6912123, 35.3332931], [33.6915235, 35.3334331], [33.6912552, 35.3337132], [33.6916308, 35.3341508], [33.6910836, 35.3345622], [33.6903647, 35.3339933], [33.6896459, 35.3338095], [33.6891417, 35.3341771], [33.6885623, 35.3340546], [33.6881224, 35.3341858], [33.6880795, 35.334676], [33.6875109, 35.3346672], [33.6870817, 35.3344134], [33.6868883, 35.3339242], [33.6867599, 35.3335994], [33.6871461, 35.3323478], [33.6864702, 35.3321552], [33.6858265, 35.332234], [33.6859659, 35.3315863], [33.6855046, 35.3311837]]]}, "properties": {"feature_type": "urban", "highway": "", "landuse": "residential"}}, {"type": "Feature", "geometry": {"type": "LineString", "coordinates": [[33.6863518, 35.3310967], [33.6862418, 35.3315211], [33.68604, 35.3317087]]}, "properties": {"feature_type": "road", "highway": "residential", "landuse": ""}}, {"type": "Feature", "geometry": {"type": "LineString", "coordinates": [[33.6909233, 35.3302799], [33.6909393, 35.3305274]]}, "properties": {"feature_type": "road", "highway": "residential", "landuse": ""}}, {"type": "Feature", "geometry": {"type": "Polygon", "coordinates": [[[33.7457533, 35.3353253], [33.7465566, 35.3352796], [33.7465472, 35.33499], [33.7489943, 35.3347614], [33.7511518, 35.3347233], [33.7517216, 35.334731], [33.7513947, 35.3340757], [33.7516445, 35.3338928], [33.7519878, 35.33403], [33.7530292, 35.3337252], [33.7530292, 35.3338623], [33.7537203, 35.3340909], [33.7537484, 35.3345481], [33.7550933, 35.3345176], [33.7556724, 35.3336261], [33.7556605, 35.3332113], [33.7552075, 35.3332344], [33.7551615, 35.3334625], [33.7543722, 35.3333903], [33.7544218, 35.3331247], [33.753498, 35.3325068], [33.7532609, 35.3329774], [33.7529778, 35.3330872], [33.7529282, 35.3334827], [33.7522275, 35.3333759], [33.7526203, 35.3327551], [33.7534273, 35.3316926], [33.753768, 35.3314962], [33.7542478, 35.3310318], [33.7536827, 35.3307897], [33.7533574, 35.3314696], [33.7515971, 35.3313469], [33.7513328, 35.3319572], [33.7511092, 35.3322557], [33.7508775, 35.3323187], [33.750662, 35.332657], [33.7494261, 35.3328726], [33.7491253, 35.3321562], [33.7484707, 35.3320832], [33.7483081, 35.3326504], [33.7482593, 35.3332772], [33.7490033, 35.3333037], [33.7488895, 35.333453], [33.7490806, 35.3337316], [33.7500197, 35.3331943], [33.7503856, 35.3332075], [33.7501294, 35.3335956], [33.7494343, 35.3340068], [33.7482837, 35.3339869], [33.7478853, 35.3339704], [33.7471535, 35.3343849], [33.7463242, 35.3344977], [33.7463079, 35.3342987], [33.7456778, 35.3341859], [33.7447305, 35.3344214], [33.7447142, 35.3346801], [33.7444378, 35.3347829], [33.7443768, 35.3349388], [33.7444175, 35.3350947], [33.7456208, 35.3351046], [33.7457533, 35.3353253]]]}, "properties": {"feature_type": "urban", "highway": "", "landuse": "residential"}}, {"type": "Feature", "geometry": {"type": "Polygon", "coordinates": [[[33.7512783, 35.3771525], [33.7510907, 35.3773062], [33.7508713, 35.3774859], [33.7507211, 35.3775485], [33.7503771, 35.3776919], [33.7498417, 35.3782385], [33.7509495, 35.3785097], [33.7511507, 35.3786256], [33.7508495, 35.3791194], [33.7514221, 35.379626], [33.7515093, 35.3810081], [33.7521343, 35.3809206], [33.7520833, 35.3797047], [33.7518432, 35.3784319], [33.7516698, 35.3780987], [33.7521689, 35.3767603], [33.7529228, 35.3764593], [33.7532447, 35.3760919], [33.7543068, 35.3758907], [33.7548433, 35.3742461], [33.7553046, 35.3735462], [33.7549077, 35.3731875], [33.7553583, 35.3729251], [33.756399, 35.3731175], [33.7579332, 35.3726014], [33.7581478, 35.3715341], [33.7568496, 35.3714728], [33.7571178, 35.3709829], [33.7565599, 35.370563], [33.7557016, 35.3705542], [33.7553905, 35.3711841], [33.7557338, 35.3715166], [33.7555836, 35.3719453], [33.7550471, 35.3710617], [33.7546394, 35.3710617], [33.7540494, 35.3704755], [33.7540279, 35.3699768], [33.7524293, 35.3697144], [33.7521074, 35.3695482], [33.7515066, 35.3699593], [33.7527941, 35.3716478], [33.752322, 35.371814], [33.752558, 35.3727064], [33.7523327, 35.3731438], [33.751453, 35.3734675], [33.7508629, 35.3735724], [33.7506269, 35.3740274], [33.7505303, 35.3745697], [33.7512062, 35.3756895], [33.751746, 35.3759375], [33.7512783, 35.3771525]]]}, "properties": {"feature_type": "urban", "highway": "", "landuse": "residential"}}, {"type": "Feature", "geometry": {"type": "LineString", "coordinates": [[33.6294823, 35.3392592], [33.6294745, 35.3391883], [33.6294646, 35.3390038], [33.6295143, 35.338651], [33.6295598, 35.3385541], [33.6296409, 35.3384948], [33.6298198, 35.3384448], [33.6299209, 35.3384303], [33.6299969, 35.3383874], [33.6302109, 35.3381617], [33.6302615, 35.3381144], [33.6303478, 35.3380336], [33.6304354, 35.3379558], [33.6305645, 35.3378377], [33.6306741, 35.3376624], [33.6306892, 35.3376007], [33.6307061, 35.3375315], [33.6307135, 35.3374372], [33.6307009, 35.3371381], [33.6307303, 35.3370141], [33.6308188, 35.3368485], [33.6309367, 35.3366564], [33.631088, 35.3364969], [33.6311227, 35.3364006], [33.6311488, 35.3361611], [33.6313253, 35.3356235], [33.6314824, 35.3351651], [33.6317772, 35.3345976], [33.6318, 35.3345289], [33.631795, 35.3344092], [33.6318259, 35.3343317], [33.6318774, 35.3343202], [33.6319339, 35.3343539], [33.6319584, 35.3344161], [33.6319608, 35.334691], [33.6319839, 35.3349157], [33.6321807, 35.335585], [33.6323134, 35.3358015], [33.6325435, 35.3360085], [33.632671, 35.3360772], [33.6327888, 35.3360978], [33.6329036, 35.3360876], [33.6332267, 35.3360014], [33.6338322, 35.3358796], [33.6342882, 35.3358435], [33.6345416, 35.3357976], [33.6348702, 35.3357669], [33.6349322, 35.3357511], [33.6349643, 35.3357232], [33.634976, 35.3356871], [33.6349548, 35.3356539], [33.6348796, 35.3356171], [33.6347694, 35.3356026], [33.6344916, 35.3356079], [33.6343977, 35.3356149], [33.6343562, 35.3356032], [33.634337, 35.3355838], [33.63434, 35.3355538], [33.6343687, 35.3355212], [33.6344493, 35.3354732], [33.6348022, 35.3352848], [33.6348606, 35.3352262], [33.6348781, 35.3351752], [33.6348626, 35.335084], [33.6348516, 35.3350359], [33.6347668, 35.3348586], [33.6346305, 35.3346287], [33.6345766, 35.3345882], [33.634541, 35.3345818], [33.6344894, 35.3345939], [33.6344657, 35.3346278], [33.634466, 35.3346896], [33.6345307, 35.3348619], [33.6345153, 35.3349913], [33.634385, 35.3351378], [33.6342475, 35.3352253], [33.6341439, 35.3352492], [33.6339978, 35.3352336], [33.6338194, 35.3351662], [33.6337117, 35.3351578], [33.6335613, 35.3351714], [33.6334524, 35.3351798], [33.633381, 35.3351509], [33.6333438, 35.3351032], [33.6333363, 35.3350465], [33.6333686, 35.3349675], [33.6334927, 35.3348551], [33.633843, 35.3346666], [33.6340701, 35.3344289], [33.6344585, 35.3338131], [33.6345792, 35.3332715], [33.6346353, 35.333176], [33.6347825, 35.3330381], [33.6348455, 35.3329507], [33.6348537, 35.332896], [33.6348206, 35.3328562], [33.6346412, 35.3327736], [33.634582, 35.3327279], [33.6345583, 35.3326777], [33.6345556, 35.3325886], [33.6345864, 35.3324596], [33.6345952, 35.3324012], [33.6345909, 35.3323444], [33.634539, 35.3322596], [33.6337261, 35.3314695], [33.6336492, 35.3313685], [33.6336307, 35.3312544], [33.6337301, 35.3309267], [33.6338415, 35.3307689], [33.6339927, 35.3305833], [33.6340701, 35.3304902], [33.634297, 35.330064], [33.6346972, 35.329685], [33.6348262, 35.3294767], [33.6348744, 35.3292736], [33.6348626, 35.3291636], [33.6348694, 35.3290467], [33.6349038, 35.3289711], [33.635, 35.328923], [33.6351335, 35.3289062], [33.6352332, 35.3288746], [33.6352971, 35.3288268], [33.6353133, 35.3287812], [33.635301, 35.3287423], [33.6352377, 35.3287095], [33.6351666, 35.3286957], [33.6345442, 35.3286741], [33.6344342, 35.3286966], [33.6342478, 35.3287928], [33.6341323, 35.3288229], [33.6340346, 35.3288104], [33.6339396, 35.3287723], [33.6335812, 35.3284204], [33.633493, 35.328383], [33.6333972, 35.3283833], [33.6332619, 35.3284169], [33.6329702, 35.328535], [33.6328191, 35.328542], [33.6326743, 35.3284829], [33.6323869, 35.328271], [33.632272, 35.3281929], [33.6321086, 35.3281709], [33.6319615, 35.3282122], [33.6316415, 35.3284137], [33.6315652, 35.328452], [33.6314692, 35.3284467], [33.6313998, 35.3284146], [33.6313073, 35.3283165], [33.6312239, 35.3282686], [33.6309478, 35.3281877], [33.6308332, 35.3281221], [33.6307599, 35.3280207], [33.6307414, 35.3279539], [33.6306895, 35.3278148], [33.6306139, 35.3276636], [33.6305108, 35.3275605], [33.6304241, 35.3275138], [33.6303091, 35.3274339], [33.6301175, 35.3272193], [33.6298578, 35.3267999], [33.629789, 35.3267422], [33.6296523, 35.3266858], [33.6295824, 35.3266484], [33.6295378, 35.3265802], [33.6295329, 35.3265041], [33.6295611, 35.3264352], [33.6297094, 35.3262774], [33.6297239, 35.3262224], [33.629706, 35.3261625], [33.6296362, 35.3260884], [33.6291166, 35.3258889], [33.6285656, 35.325789], [33.6280249, 35.3256067], [33.6270115, 35.3253652], [33.6268114, 35.3253235], [33.6263324, 35.3251307], [33.6257728, 35.3249498], [33.6255597, 35.3248673], [33.6253741, 35.3247298], [33.6251679, 35.3245168], [33.6250412, 35.324282], [33.624926, 35.3241963], [33.6247992, 35.324168], [33.6242569, 35.3241407], [33.6240702, 35.3241182], [33.6239546, 35.324066], [33.6238271, 35.3239183], [33.6236641, 35.3236714], [33.6234166, 35.3235133], [33.6232585, 35.3234652], [33.6229196, 35.3234022], [33.6228047, 35.3233505], [33.6224469, 35.3230997], [33.6223438, 35.323031], [33.6221749, 35.3229513]]}, "properties": {"feature_type": "road", "highway": "unclassified", "landuse": ""}}, {"type": "Feature", "geometry": {"type": "LineString", "coordinates": [[33.756046, 35.3721805], [33.75605, 35.3721318], [33.7560948, 35.3720214], [33.7561878, 35.3718983], [33.7562086, 35.3718707], [33.7563835, 35.3716498], [33.7565305, 35.3714338], [33.7567311, 35.3712037]]}, "properties": {"feature_type": "road", "highway": "tertiary", "landuse": ""}}, {"type": "Feature", "geometry": {"type": "LineString", "coordinates": [[33.7589515, 35.3510972], [33.759727, 35.351218], [33.7600475, 35.3510897], [33.7603385, 35.3510299], [33.761229, 35.3512005], [33.7621302, 35.3511655], [33.7625808, 35.351253], [33.7635464, 35.351883], [33.7644047, 35.352093], [33.7658853, 35.352023], [33.7670561, 35.3521194], [33.7680646, 35.352452], [33.7686678, 35.3526057], [33.7687513, 35.352627], [33.769674, 35.352732], [33.7702319, 35.352907], [33.770897, 35.352907], [33.7717554, 35.352837], [33.7725922, 35.3529245], [33.7733432, 35.3530645], [33.7740942, 35.353397], [33.77521, 35.3535545], [33.7758109, 35.353642], [33.7762535, 35.3539511], [33.776637, 35.3542196], [33.7775275, 35.3543771], [33.7779593, 35.3545199], [33.778536, 35.3544471], [33.7790939, 35.3544646], [33.7794265, 35.3546484], [33.780317, 35.3547621], [33.7810251, 35.3547971], [33.7813684, 35.3549721], [33.7823984, 35.3554971], [33.7835356, 35.3560571], [33.7840291, 35.3563808], [33.7846219, 35.3564012], [33.7853381, 35.3566871], [33.7864753, 35.3570196], [33.7868535, 35.3573025], [33.787913, 35.3575271], [33.7883421, 35.3574309], [33.7889215, 35.3572821], [33.7895572, 35.357355], [33.7898871, 35.3575621], [33.7901366, 35.3578275], [33.7906596, 35.3579996], [33.7912818, 35.3581046], [33.7920436, 35.3581046], [33.792741, 35.3582883], [33.7935563, 35.3586821], [33.7943503, 35.3587171], [33.7948653, 35.3588221], [33.795273, 35.3588134], [33.7958309, 35.3594346], [33.7962842, 35.3598312], [33.7968394, 35.3598546], [33.7969681, 35.3599246], [33.7976333, 35.3601696], [33.7978479, 35.3600471], [33.7981912, 35.3596271], [33.7986847, 35.3595746], [33.7992212, 35.3596271], [33.7994787, 35.3596796], [33.799586, 35.3600821], [33.7999507, 35.3604671], [33.8000795, 35.3608083], [33.8004872, 35.3611495], [33.8005301, 35.3613245], [33.800573, 35.361727], [33.8009807, 35.3620245], [33.8012382, 35.362252], [33.8019463, 35.3625144], [33.8029334, 35.3627769], [33.8035342, 35.3631444], [33.8043281, 35.3633194], [33.8053581, 35.3634769], [33.8058301, 35.3634069], [33.8061869, 35.3633747], [33.8066241, 35.3631969], [33.8069928, 35.3630425], [33.8077399, 35.3629169], [33.8078333, 35.3628957], [33.8081261, 35.3628294], [33.8084668, 35.3627163], [33.8087484, 35.3625494], [33.8092312, 35.362556], [33.809596, 35.3625713], [33.8097355, 35.3624784]]}, "properties": {"feature_type": "road", "highway": "unclassified", "landuse": ""}}, {"type": "Feature", "geometry": {"type": "LineString", "coordinates": [[33.6607353, 35.2631298], [33.661029, 35.2632129], [33.6616812, 35.2633641], [33.6623577, 35.2635087], [33.662478, 35.2635048], [33.662619, 35.2634851], [33.6628663, 35.2634023]]}, "properties": {"feature_type": "road", "highway": "tertiary", "landuse": ""}}, {"type": "Feature", "geometry": {"type": "LineString", "coordinates": [[33.6628663, 35.2634023], [33.6636731, 35.2629343], [33.6643915, 35.2625428], [33.665232, 35.262115], [33.6663065, 35.2616527], [33.6670259, 35.2613543], [33.6672085, 35.2612715], [33.6675431, 35.2611027], [33.6679157, 35.2608228], [33.6685441, 35.2603053], [33.6687155, 35.2601565], [33.6688814, 35.2599924]]}, "properties": {"feature_type": "road", "highway": "tertiary", "landuse": ""}}, {"type": "Feature", "geometry": {"type": "LineString", "coordinates": [[33.6877413, 35.2817233], [33.6878898, 35.2811358], [33.6883696, 35.2802032], [33.6885524, 35.2795037], [33.6881868, 35.2782354], [33.6878098, 35.2771908], [33.6876156, 35.2767712], [33.687627, 35.2759598], [33.6878669, 35.274794], [33.6879126, 35.2741504], [33.6876841, 35.272826], [33.687707, 35.2718094], [33.6876384, 35.2705689], [33.68733, 35.2692911], [33.6867359, 35.268032], [33.686496, 35.2672298], [33.6865125, 35.2669624], [33.6866445, 35.2648233], [33.6866902, 35.2629484], [33.6865532, 35.2621369], [33.6865062, 35.2619418], [33.686343, 35.2616309], [33.6862206, 35.2612644], [33.6861036, 35.2604226], [33.6857037, 35.2589899], [33.6855351, 35.2583547], [33.6855079, 35.2578993], [33.6856604, 35.2569161]]}, "properties": {"feature_type": "road", "highway": "tertiary", "landuse": ""}}, {"type": "Feature", "geometry": {"type": "LineString", "coordinates": [[33.689305, 35.2819108], [33.6887885, 35.2824593], [33.6885481, 35.2827038], [33.68823, 35.2829787], [33.6881531, 35.2830361], [33.6880479, 35.2831663]]}, "properties": {"feature_type": "road", "highway": "residential", "landuse": ""}}, {"type": "Feature", "geometry": {"type": "LineString", "coordinates": [[33.6002069, 35.2564641], [33.6001172, 35.2565498], [33.5996871, 35.2567788], [33.5992908, 35.2570412], [33.5989975, 35.2573393], [33.5986668, 35.2575967], [33.5980521, 35.2580757]]}, "properties": {"feature_type": "road", "highway": "tertiary", "landuse": ""}}, {"type": "Feature", "geometry": {"type": "LineString", "coordinates": [[33.7314515, 35.3361491], [33.7312478, 35.3361983], [33.731107, 35.3363029], [33.7310542, 35.33643], [33.7310417, 35.3369592], [33.7310316, 35.3375806], [33.7309964, 35.3377303], [33.7308808, 35.3378637], [33.7307299, 35.3379477], [33.7305992, 35.337958], [33.7304885, 35.3379108], [33.7304635, 35.3378939], [33.7300611, 35.3376216], [33.7298449, 35.3375027], [33.7295419, 35.3374008], [33.7293019, 35.3373202], [33.7290655, 35.3372853], [33.7289021, 35.3373345], [33.7287362, 35.3374391], [33.7286256, 35.337595], [33.728525, 35.3377652], [33.7284546, 35.3379765], [33.7283515, 35.3387681], [33.7282987, 35.3388625], [33.7282308, 35.3389158], [33.7281101, 35.3389568], [33.7279216, 35.3389363], [33.7276576, 35.3388296], [33.7273509, 35.3387558], [33.7270718, 35.3387579], [33.7267475, 35.3388132], [33.7260158, 35.3391147], [33.7256764, 35.3392542], [33.7254627, 35.3393321], [33.7253395, 35.3394552], [33.7249348, 35.3399556], [33.724618, 35.3402571], [33.7243321, 35.3404552], [33.7242157, 35.340536], [33.7236073, 35.3409359], [33.7226041, 35.3415594]]}, "properties": {"feature_type": "road", "highway": "tertiary", "landuse": ""}}, {"type": "Feature", "geometry": {"type": "LineString", "coordinates": [[33.7519569, 35.3331563], [33.7520615, 35.3330612], [33.7522031, 35.332877], [33.7523144, 35.3327516], [33.7524489, 35.3326543], [33.7525883, 35.3324815], [33.7526467, 35.3323468], [33.7527364, 35.3322026], [33.7528554, 35.3319987], [33.7531091, 35.3317747], [33.7532946, 35.3315964], [33.7535286, 35.3314614], [33.7537451, 35.3313919], [33.7538614, 35.3313356], [33.754251, 35.3309717], [33.7545973, 35.3307845], [33.7550393, 35.3304944], [33.7551995, 35.3303808], [33.7552772, 35.3303589], [33.7553828, 35.3303441], [33.7555468, 35.3303567], [33.7556916, 35.3303611], [33.7557533, 35.3303469], [33.7558141, 35.3303111], [33.755862, 35.3302495], [33.7558569, 35.3302126], [33.7557839, 35.330069], [33.7557437, 35.3297162], [33.7558111, 35.3295447], [33.7560032, 35.3293815], [33.7561013, 35.3292974], [33.7565362, 35.3291005], [33.7570944, 35.3288728], [33.7573483, 35.3287949], [33.7575167, 35.3288113], [33.757645, 35.3288482]]}, "properties": {"feature_type": "road", "highway": "residential", "landuse": ""}}, {"type": "Feature", "geometry": {"type": "LineString", "coordinates": [[33.751275, 35.3330841], [33.7512392, 35.3331926], [33.7511432, 35.333299], [33.7509995, 35.3333919], [33.7507471, 35.3334789], [33.7506089, 35.3335558], [33.7505281, 35.3336283], [33.7503966, 35.3337767], [33.7501796, 35.3339233], [33.7498822, 35.3340684], [33.7497184, 35.3341598], [33.7495654, 35.3342057], [33.7493321, 35.334186], [33.7490636, 35.3341159], [33.7487028, 35.3340881]]}, "properties": {"feature_type": "road", "highway": "residential", "landuse": ""}}, {"type": "Feature", "geometry": {"type": "LineString", "coordinates": [[33.7809059, 35.2381026], [33.7807658, 35.2383474], [33.780446, 35.2389529], [33.7803921, 35.2389903], [33.7802958, 35.2390159], [33.7801829, 35.2391196], [33.7801219, 35.239217], [33.7801296, 35.2393832], [33.7802112, 35.2398318], [33.7802063, 35.2406519], [33.7795195, 35.2407862], [33.7799003, 35.2411741], [33.7802012, 35.2414564], [33.7808231, 35.2420354], [33.7811823, 35.2423953], [33.7813604, 35.2426531], [33.7824019, 35.2442939], [33.7826608, 35.2447982], [33.7827256, 35.2450753], [33.7830422, 35.2464289], [33.783338, 35.2476933], [33.7840815, 35.2515641], [33.7842949, 35.2523008], [33.7847688, 35.2539375], [33.7850809, 35.255015], [33.7851569, 35.2552776], [33.7854927, 35.2568434], [33.7857167, 35.2582476], [33.7857443, 35.2585646], [33.7858136, 35.2592864], [33.7858471, 35.2594942], [33.7858944, 35.2597447]]}, "properties": {"feature_type": "road", "highway": "secondary", "landuse": ""}}, {"type": "Feature", "geometry": {"type": "LineString", "coordinates": [[33.7852584, 35.2613682], [33.7849358, 35.2613521], [33.784693, 35.2613466], [33.784339, 35.2613039], [33.7840064, 35.2612349], [33.7832312, 35.2610553], [33.7830381, 35.261017], [33.7823984, 35.2608768], [33.7819491, 35.2608374], [33.7817614, 35.2608429], [33.7813161, 35.2608681], [33.7809379, 35.2609316], [33.7801453, 35.2610783], [33.7798814, 35.2611364], [33.779802, 35.2611539], [33.7795606, 35.2612305], [33.7792046, 35.2613799]]}, "properties": {"feature_type": "road", "highway": "secondary", "landuse": ""}}, {"type": "Feature", "geometry": {"type": "LineString", "coordinates": [[33.8143616, 35.3268492], [33.8140297, 35.3269728], [33.8137653, 35.3270543], [33.8130327, 35.3272364], [33.8122426, 35.3277224]]}, "properties": {"feature_type": "road", "highway": "residential", "landuse": ""}}, {"type": "Feature", "geometry": {"type": "LineString", "coordinates": [[33.8155317, 35.3268205], [33.8164651, 35.3265885], [33.8172966, 35.3263653]]}, "properties": {"feature_type": "road", "highway": "tertiary", "landuse": ""}}, {"type": "Feature", "geometry": {"type": "LineString", "coordinates": [[33.8172966, 35.3263653], [33.8177344, 35.3261376], [33.8182247, 35.3258182], [33.8186431, 35.3255031], [33.8189056, 35.3252447], [33.819319, 35.3248378], [33.8196623, 35.3243739], [33.8198984, 35.3240544], [33.820231, 35.323284], [33.8205435, 35.3223434], [33.8205903, 35.3220105], [33.8207245, 35.3207892], [33.8208081, 35.3204597], [33.8208246, 35.3204004], [33.8217598, 35.3185963], [33.8220667, 35.3181652], [33.8270262, 35.3145914], [33.827912, 35.3138999], [33.8288725, 35.3134486], [33.8296728, 35.3129067], [33.8304541, 35.3123594], [33.8322209, 35.3111215], [33.833145, 35.3101963], [33.8343679, 35.3098387], [33.8355463, 35.3090513], [33.8366312, 35.3082333], [33.8387451, 35.306567], [33.8398574, 35.3059886], [33.8407995, 35.3054618], [33.8429855, 35.3048637], [33.8441971, 35.3047464], [33.8453246, 35.3045758], [33.8461785, 35.3041396], [33.8474134, 35.3035164], [33.848569, 35.3028971], [33.8490829, 35.3023904], [33.8495034, 35.3018571], [33.8499175, 35.3013127], [33.8501147, 35.3007729], [33.8501531, 35.3001645], [33.8501308, 35.2993534], [33.8501089, 35.29904], [33.8500268, 35.2978674], [33.8501658, 35.2969869], [33.8502656, 35.2964764], [33.8504805, 35.2958968], [33.851436, 35.2934375], [33.8516827, 35.2909872], [33.8516082, 35.2901864], [33.8518479, 35.288145], [33.8520484, 35.2873547], [33.8522993, 35.2866522], [33.8529031, 35.2849616], [33.8530011, 35.2818243], [33.8529945, 35.2816903], [33.8529871, 35.2815384], [33.8529629, 35.2810446], [33.8527575, 35.2768534], [33.8526147, 35.2765736], [33.8522579, 35.2762531]]}, "properties": {"feature_type": "road", "highway": "tertiary", "landuse": ""}}, {"type": "Feature", "geometry": {"type": "LineString", "coordinates": [[33.7984982, 35.3473314], [33.7987277, 35.3471256], [33.7988585, 35.3470438], [33.7989637, 35.346915], [33.7992829, 35.3466574], [33.7994358, 35.3465108], [33.7995191, 35.3464081], [33.7999097, 35.3457265], [33.7999928, 35.3455413], [33.8006384, 35.3444104], [33.8026584, 35.3417415], [33.804557, 35.3391535], [33.8065228, 35.3376937], [33.807528, 35.3365535], [33.8078499, 35.3361028], [33.8085097, 35.3351619], [33.8095933, 35.3334683], [33.8099643, 35.3328014], [33.8101244, 35.3324399], [33.8102746, 35.3320985], [33.810634, 35.3316609], [33.8110632, 35.3311839], [33.8114816, 35.3307331], [33.8121572, 35.3301627], [33.812592, 35.3293676], [33.8128656, 35.3289256], [33.8133109, 35.3284661], [33.8139492, 35.3279759], [33.8145018, 35.3277045], [33.814711, 35.3275907], [33.8150221, 35.3274419], [33.8152903, 35.3270437], [33.8155317, 35.3268205]]}, "properties": {"feature_type": "road", "highway": "tertiary", "landuse": ""}}, {"type": "Feature", "geometry": {"type": "LineString", "coordinates": [[33.7817333, 35.3391004], [33.7814988, 35.3388569], [33.7812096, 35.3386428], [33.7809205, 35.3384287], [33.7806979, 35.3382733], [33.7802405, 35.3379459], [33.7793048, 35.3372909], [33.7790561, 35.3371168], [33.7776157, 35.3363951], [33.777411, 35.3363116], [33.7771166, 35.3362345], [33.7768188, 35.3361565], [33.7760657, 35.3362639], [33.7756563, 35.3361923], [33.7749178, 35.3359299], [33.7744572, 35.3358046], [33.7738306, 35.3360455], [33.7736312, 35.3361549], [33.7733874, 35.3362902], [33.7730714, 35.3363962], [33.7726087, 35.3363572], [33.7722895, 35.3363921], [33.7718738, 35.3364892], [33.7713333, 35.3366245], [33.7710341, 35.3366532], [33.7707173, 35.3366225], [33.7703209, 35.3364967], [33.7701567, 35.336444], [33.7697418, 35.3364687], [33.7694829, 35.3364215], [33.7692189, 35.3361651], [33.7691258, 35.3361302], [33.7690529, 35.3361097], [33.7687445, 35.3362116], [33.7684202, 35.3363285], [33.7681838, 35.33647], [33.7679945, 35.3364994], [33.7676777, 35.3364646], [33.7674087, 35.3363887], [33.767205, 35.3362841], [33.7669511, 35.3360585], [33.7668053, 35.3360072], [33.7667097, 35.3360113], [33.7660284, 35.3359867], [33.7655784, 35.3359334], [33.7654728, 35.3358636], [33.7654476, 35.3356954], [33.765337, 35.3355744], [33.7645126, 35.3352147], [33.7641661, 35.3350931], [33.7638838, 35.334996], [33.7635308, 35.3347744], [33.7631849, 35.3345264], [33.7629685, 35.3343964], [33.7627499, 35.3342577], [33.7626007, 35.3341744], [33.7624708, 35.3340906], [33.7623451, 35.3339482], [33.7622203, 35.3338388], [33.7621075, 35.333814], [33.7619913, 35.3338136], [33.7618182, 35.333827], [33.7617105, 35.3337943], [33.7616261, 35.3337593], [33.7610196, 35.333391], [33.7606675, 35.33342], [33.7603553, 35.3335202], [33.7599881, 35.3336725], [33.7596977, 35.3337798], [33.7594061, 35.3337982], [33.75922, 35.3337777], [33.7588401, 35.3336494], [33.7586499, 35.3336073], [33.7584508, 35.3336146], [33.7582375, 35.3336639], [33.7580284, 35.3336338]]}, "properties": {"feature_type": "road", "highway": "unclassified", "landuse": ""}}, {"type": "Feature", "geometry": {"type": "LineString", "coordinates": [[33.7450699, 35.2513072], [33.7453439, 35.2511356]]}, "properties": {"feature_type": "road", "highway": "unclassified", "landuse": ""}}, {"type": "Feature", "geometry": {"type": "LineString", "coordinates": [[33.7447573, 35.2514563], [33.7450699, 35.2513072]]}, "properties": {"feature_type": "road", "highway": "unclassified", "landuse": ""}}, {"type": "Feature", "geometry": {"type": "LineString", "coordinates": [[33.7580284, 35.3336338], [33.7574595, 35.3338372], [33.7572301, 35.3339412], [33.7570728, 35.3339932], [33.7569031, 35.3340035], [33.7565247, 35.3339508], [33.7562412, 35.3339427]]}, "properties": {"feature_type": "road", "highway": "unclassified", "landuse": ""}}, {"type": "Feature", "geometry": {"type": "LineString", "coordinates": [[33.6332683, 35.3536661], [33.633194, 35.3537774], [33.6330543, 35.3538636], [33.6328948, 35.3539314], [33.6326614, 35.3540627], [33.6323489, 35.3542782], [33.6320485, 35.3544455], [33.6319466, 35.3546479], [33.6317299, 35.3556755]]}, "properties": {"feature_type": "road", "highway": "residential", "landuse": ""}}, {"type": "Feature", "geometry": {"type": "LineString", "coordinates": [[33.7316033, 35.2593251], [33.7313908, 35.2596307], [33.7313211, 35.2597577], [33.7312701, 35.2599022], [33.7312648, 35.2599811], [33.7312677, 35.2600854]]}, "properties": {"feature_type": "road", "highway": "service", "landuse": ""}}, {"type": "Feature", "geometry": {"type": "LineString", "coordinates": [[33.7086259, 35.3843255], [33.7085083, 35.3843101], [33.7083641, 35.3843209], [33.7082048, 35.384341], [33.7080967, 35.3843626], [33.7079924, 35.3844044], [33.707926, 35.3844585], [33.7078634, 35.3845405], [33.7077667, 35.3846874]]}, "properties": {"feature_type": "road", "highway": "service", "landuse": ""}}, {"type": "Feature", "geometry": {"type": "LineString", "coordinates": [[33.7096933, 35.3846545], [33.7097374, 35.3846088], [33.7097615, 35.3845322], [33.7097535, 35.3844645], [33.709732, 35.384377], [33.7096998, 35.3843289], [33.7096381, 35.3843048], [33.7095734, 35.3842896]]}, "properties": {"feature_type": "road", "highway": "service", "landuse": ""}}, {"type": "Feature", "geometry": {"type": "LineString", "coordinates": [[33.7097164, 35.3837921], [33.7095855, 35.3837611], [33.7094376, 35.3837024], [33.7091057, 35.3835307], [33.7090602, 35.383506], [33.70899, 35.3834921], [33.7089331, 35.3834921], [33.7089009, 35.3835106], [33.7088819, 35.3835323], [33.7088705, 35.3835926]]}, "properties": {"feature_type": "road", "highway": "service", "landuse": ""}}, {"type": "Feature", "geometry": {"type": "LineString", "coordinates": [[33.7096933, 35.3846545], [33.7096475, 35.3846788], [33.7095912, 35.384705], [33.7095335, 35.3847236], [33.7094209, 35.3847258], [33.7093176, 35.384717], [33.7092505, 35.3847017], [33.7092023, 35.3846766], [33.7091392, 35.3846405], [33.7090628, 35.3845913], [33.7090078, 35.3845476], [33.7089676, 35.3845104], [33.708871, 35.3844415], [33.7086993, 35.3843496], [33.7086259, 35.3843255]]}, "properties": {"feature_type": "road", "highway": "service", "landuse": ""}}, {"type": "Feature", "geometry": {"type": "LineString", "coordinates": [[33.7101963, 35.3847337], [33.7102322, 35.3847586], [33.7103221, 35.384846], [33.7103865, 35.3849412], [33.7104736, 35.3850713]]}, "properties": {"feature_type": "road", "highway": "service", "landuse": ""}}, {"type": "Feature", "geometry": {"type": "LineString", "coordinates": [[33.712397, 35.3850446], [33.7115977, 35.3843273], [33.7114746, 35.3842513], [33.7108866, 35.3833947], [33.710788, 35.3833143], [33.7105756, 35.3831658], [33.710354, 35.38292], [33.7102961, 35.3827392], [33.7102045, 35.382588]]}, "properties": {"feature_type": "road", "highway": "unclassified", "landuse": ""}}, {"type": "Feature", "geometry": {"type": "LineString", "coordinates": [[33.7813161, 35.2608681], [33.781247, 35.2614514], [33.7812773, 35.2615474], [33.7813684, 35.2615877], [33.7816035, 35.2616063]]}, "properties": {"feature_type": "road", "highway": "service", "landuse": ""}}, {"type": "Feature", "geometry": {"type": "LineString", "coordinates": [[33.5923924, 35.3463579], [33.5923527, 35.3460191], [33.5922551, 35.3455946], [33.5921742, 35.3454195], [33.5921317, 35.3452983], [33.5921777, 35.3451943], [33.5923897, 35.3451141], [33.5926263, 35.3449183]]}, "properties": {"feature_type": "road", "highway": "unclassified", "landuse": ""}}, {"type": "Feature", "geometry": {"type": "Polygon", "coordinates": [[[33.7802867, 35.2613787], [33.7818559, 35.26176], [33.7822108, 35.2612871], [33.7853677, 35.2622786], [33.7883939, 35.262126], [33.7883752, 35.2628582], [33.7899256, 35.2627819], [33.7897762, 35.2618667], [33.7910464, 35.2618515], [33.7910464, 35.2594415], [33.7901311, 35.2581145], [33.7887675, 35.2573366], [33.7883378, 35.2569247], [33.7899817, 35.2565587], [33.7896081, 35.2556587], [33.788151, 35.2553536], [33.7873104, 35.2557045], [33.7866232, 35.2558369], [33.7858391, 35.2559006], [33.7857251, 35.2549637], [33.7856426, 35.2545933], [33.7853099, 35.2543043], [33.7851259, 35.2532581], [33.7833988, 35.2534893], [33.7835474, 35.2547263], [33.7843119, 35.2550673], [33.7835403, 35.2558129], [33.783059, 35.2563563], [33.7833209, 35.2566857], [33.7829316, 35.2571077], [33.7826414, 35.2583793], [33.7821965, 35.2581962], [33.7817898, 35.2592327], [33.7801384, 35.2587597], [33.7798426, 35.2593031], [33.7809887, 35.2599673], [33.7808039, 35.260551], [33.7798919, 35.2606516], [33.7802867, 35.2613787]]]}, "properties": {"feature_type": "urban", "highway": "", "landuse": "residential"}}, {"type": "Feature", "geometry": {"type": "Polygon", "coordinates": [[[33.8261503, 35.2743471], [33.826664, 35.2743242], [33.8266827, 35.2738438], [33.827131, 35.2729974], [33.8273832, 35.2729745], [33.8273645, 35.2724255], [33.8279436, 35.2722883], [33.8274952, 35.2710987], [33.8283078, 35.2710987], [33.8284012, 35.2713808], [33.8292979, 35.271358], [33.8291391, 35.2702828], [33.8280743, 35.2701913], [33.8279996, 35.2696117], [33.8271123, 35.269566], [33.8273458, 35.2684755], [33.8268041, 35.2683993], [33.8267854, 35.2681857], [33.8268788, 35.26814], [33.8271777, 35.267507], [33.8260195, 35.267324], [33.8257487, 35.2669961], [33.8252069, 35.2667978], [33.8251229, 35.2660886], [33.824647, 35.265016], [33.8242562, 35.2650945], [33.8232065, 35.2621976], [33.8209296, 35.2628608], [33.8217819, 35.2653067], [33.8241142, 35.2659742], [33.8240301, 35.2668588], [33.8235724, 35.2668131], [33.823012, 35.2676748], [33.8229747, 35.2681552], [33.8227412, 35.2686433], [33.8220033, 35.2688339], [33.8217605, 35.269322], [33.8230681, 35.2694668], [33.8232082, 35.2690017], [33.8247306, 35.2690779], [33.8245998, 35.2694516], [33.8241142, 35.2699168], [33.8240581, 35.2703514], [33.8240861, 35.2711063], [33.8237966, 35.2713656], [33.8234884, 35.272273], [33.8239927, 35.2722654], [33.825786, 35.271602], [33.8263091, 35.2717316], [33.8260102, 35.2721968], [33.8262624, 35.2724331], [33.826169, 35.272822], [33.8253097, 35.2730813], [33.825347, 35.2736456], [33.8260008, 35.2735617], [33.8261503, 35.2743471]]]}, "properties": {"feature_type": "urban", "highway": "", "landuse": "residential"}}, {"type": "Feature", "geometry": {"type": "Polygon", "coordinates": [[[33.8118121, 35.3272446], [33.8127134, 35.3279448], [33.8139364, 35.3276997], [33.8153956, 35.3280324], [33.8164899, 35.3275072], [33.8172195, 35.3277173], [33.8181207, 35.3262817], [33.8187644, 35.3260191], [33.8177344, 35.3251613], [33.8168118, 35.3259578], [33.8156745, 35.325809], [33.8150093, 35.3260366], [33.8144729, 35.3250212], [33.8153312, 35.3247936], [33.8152883, 35.3236557], [33.8143871, 35.3237257], [33.8128206, 35.3242684], [33.8129923, 35.3253539], [33.8116619, 35.3253714], [33.811104, 35.3265443], [33.8118121, 35.3272446]]]}, "properties": {"feature_type": "urban", "highway": "", "landuse": "residential"}}, {"type": "Feature", "geometry": {"type": "Polygon", "coordinates": [[[33.8202104, 35.3226245], [33.8217251, 35.3228902], [33.82198, 35.3224975], [33.8228294, 35.322278], [33.8230983, 35.3218737], [33.8232618, 35.3217836], [33.8235806, 35.3221698], [33.8240305, 35.3219386], [33.8236221, 35.321585], [33.8235655, 35.3207418], [33.8223905, 35.3208919], [33.8221074, 35.3217698], [33.8203661, 35.3219199], [33.8202104, 35.3226245]]]}, "properties": {"feature_type": "urban", "highway": "", "landuse": "residential"}}, {"type": "Feature", "geometry": {"type": "LineString", "coordinates": [[33.821464, 35.3227334], [33.8214827, 35.3223562], [33.8214441, 35.3219515]]}, "properties": {"feature_type": "road", "highway": "residential", "landuse": ""}}, {"type": "Feature", "geometry": {"type": "LineString", "coordinates": [[33.8225185, 35.3218553], [33.8225054, 35.321636], [33.8226035, 35.3210188]]}, "properties": {"feature_type": "road", "highway": "residential", "landuse": ""}}, {"type": "Feature", "geometry": {"type": "Polygon", "coordinates": [[[33.7976863, 35.3481629], [33.7978553, 35.3484157], [33.7986161, 35.3487834], [33.8002645, 35.3485191], [33.800659, 35.3475998], [33.7996869, 35.3471631], [33.8000391, 35.3467839], [33.8004195, 35.3469333], [33.800659, 35.3467609], [33.8003631, 35.3464736], [33.8005463, 35.3462323], [33.8008421, 35.3462553], [33.8011521, 35.3458875], [33.8011239, 35.3456117], [33.8009267, 35.3451635], [33.8005885, 35.3449222], [33.8006308, 35.3447728], [33.8010675, 35.3447843], [33.8011662, 35.3444855], [33.7997432, 35.3439569], [33.799546, 35.3442097], [33.799067, 35.3443821], [33.7979399, 35.3466575], [33.7983484, 35.3468988], [33.7976581, 35.3474963], [33.7976863, 35.3481629]]]}, "properties": {"feature_type": "urban", "highway": "", "landuse": "residential"}}, {"type": "Feature", "geometry": {"type": "Polygon", "coordinates": [[[33.7411837, 35.3980169], [33.7421386, 35.3983492], [33.7415592, 35.3993287], [33.7416344, 35.4003344], [33.7425892, 35.4009991], [33.7443702, 35.4009291], [33.7448745, 35.4001945], [33.7436299, 35.3985853], [33.7443273, 35.3974397], [33.7459259, 35.3955418], [33.7468271, 35.3952007], [33.7474816, 35.3935652], [33.7452822, 35.3933816], [33.7448959, 35.3949559], [33.744456, 35.3948247], [33.7435226, 35.396705], [33.7427287, 35.3972647], [33.7414627, 35.3969149], [33.7411837, 35.3980169]]]}, "properties": {"feature_type": "urban", "highway": "", "landuse": "residential"}}, {"type": "Feature", "geometry": {"type": "Polygon", "coordinates": [[[33.6280135, 35.3417384], [33.6277614, 35.3416772], [33.6278472, 35.3414978], [33.6276648, 35.3414103], [33.627697, 35.3411958], [33.6283461, 35.3413315], [33.6280135, 35.3417384]]]}, "properties": {"feature_type": "urban", "highway": "", "landuse": "residential"}}, {"type": "Feature", "geometry": {"type": "LineString", "coordinates": [[33.6306892, 35.3376007], [33.631021, 35.3375754], [33.6312952, 35.3374346], [33.6317019, 35.3373944], [33.6317296, 35.337231], [33.6320131, 35.3368616]]}, "properties": {"feature_type": "road", "highway": "residential", "landuse": ""}}, {"type": "Feature", "geometry": {"type": "LineString", "coordinates": [[33.6299179, 35.3396971], [33.6300487, 35.3395828], [33.6302154, 35.3395828], [33.6303942, 35.3394999], [33.6304918, 35.3393639], [33.6305121, 35.3391782], [33.6304593, 35.33883], [33.6303861, 35.3386078], [33.6304349, 35.3384685], [33.6304512, 35.3382463], [33.6304349, 35.3381932], [33.6302615, 35.3381144]]}, "properties": {"feature_type": "road", "highway": "residential", "landuse": ""}}, {"type": "Feature", "geometry": {"type": "LineString", "coordinates": [[33.6877829, 35.3333736], [33.6871148, 35.3333391]]}, "properties": {"feature_type": "road", "highway": "residential", "landuse": ""}}, {"type": "Feature", "geometry": {"type": "LineString", "coordinates": [[33.6404684, 35.2997147], [33.6404699, 35.2994348], [33.6405265, 35.2991806], [33.6406646, 35.2990188], [33.6408344, 35.2989466], [33.6410362, 35.2989062], [33.6411742, 35.2988946], [33.6413447, 35.2988861]]}, "properties": {"feature_type": "road", "highway": "unclassified", "landuse": ""}}, {"type": "Feature", "geometry": {"type": "LineString", "coordinates": [[33.6430531, 35.2977037], [33.6429572, 35.2973949], [33.6428555, 35.2970881], [33.6428493, 35.2969322], [33.6428925, 35.2967989], [33.6430065, 35.2966707], [33.643179, 35.29656], [33.6434409, 35.2964494], [33.6438199, 35.2963387], [33.6442358, 35.2962256], [33.6446379, 35.2961301]]}, "properties": {"feature_type": "road", "highway": "unclassified", "landuse": ""}}, {"type": "Feature", "geometry": {"type": "LineString", "coordinates": [[33.6576491, 35.2828787], [33.6577842, 35.2828155], [33.6582372, 35.2825677], [33.6583353, 35.2824419], [33.6583539, 35.2822284], [33.6583212, 35.2814507], [33.6582249, 35.2812104]]}, "properties": {"feature_type": "road", "highway": "unclassified", "landuse": ""}}, {"type": "Feature", "geometry": {"type": "LineString", "coordinates": [[33.6602836, 35.2626088], [33.6605878, 35.2628959], [33.6607353, 35.2631298]]}, "properties": {"feature_type": "road", "highway": "tertiary", "landuse": ""}}, {"type": "Feature", "geometry": {"type": "LineString", "coordinates": [[33.6600768, 35.2624499], [33.6602836, 35.2626088]]}, "properties": {"feature_type": "road", "highway": "tertiary", "landuse": ""}}, {"type": "Feature", "geometry": {"type": "LineString", "coordinates": [[33.6576773, 35.2671909], [33.6578039, 35.2666581], [33.6578379, 35.266352], [33.6578795, 35.2662578]]}, "properties": {"feature_type": "road", "highway": "residential", "landuse": ""}}, {"type": "Feature", "geometry": {"type": "LineString", "coordinates": [[33.6587028, 35.264386], [33.6585554, 35.264381]]}, "properties": {"feature_type": "road", "highway": "residential", "landuse": ""}}, {"type": "Feature", "geometry": {"type": "LineString", "coordinates": [[33.5840291, 35.3409557], [33.5844889, 35.3410876], [33.5846183, 35.3411079], [33.5846881, 35.3410893], [33.5847417, 35.3410849], [33.5852889, 35.3412025]]}, "properties": {"feature_type": "road", "highway": "residential", "landuse": ""}}, {"type": "Feature", "geometry": {"type": "LineString", "coordinates": [[33.5851335, 35.3421081], [33.5851045, 35.3421132], [33.5850787, 35.342114], [33.5850535, 35.3421121], [33.5848215, 35.3420585], [33.5847592, 35.342058], [33.5847136, 35.342076], [33.5846411, 35.3422018]]}, "properties": {"feature_type": "road", "highway": "residential", "landuse": ""}}, {"type": "Feature", "geometry": {"type": "LineString", "coordinates": [[33.7567311, 35.3712037], [33.7568689, 35.3711209], [33.75707, 35.3710906], [33.7583245, 35.3710329], [33.7587132, 35.3710414], [33.7589207, 35.3710735], [33.7591755, 35.371247], [33.759312, 35.3713862], [33.7594648, 35.3716572], [33.7595165, 35.3716829], [33.7595378, 35.3716827], [33.7595735, 35.3716823], [33.7596137, 35.3716654], [33.7596459, 35.3716304], [33.759656, 35.3715817], [33.7596358, 35.371217], [33.7596479, 35.3711427], [33.7596908, 35.3710344], [33.7597284, 35.3708715], [33.759717, 35.3707182], [33.7595682, 35.3703892], [33.7595412, 35.3701829], [33.759548, 35.3700091]]}, "properties": {"feature_type": "road", "highway": "tertiary", "landuse": ""}}, {"type": "Feature", "geometry": {"type": "LineString", "coordinates": [[33.5896179, 35.3496439], [33.589646, 35.3496159], [33.5896629, 35.3495583], [33.5897046, 35.3493605]]}, "properties": {"feature_type": "road", "highway": "residential", "landuse": ""}}, {"type": "Feature", "geometry": {"type": "LineString", "coordinates": [[33.5914198, 35.3493355], [33.5914288, 35.3493651], [33.5913779, 35.3495309], [33.5913425, 35.3495477]]}, "properties": {"feature_type": "road", "highway": "residential", "landuse": ""}}, {"type": "Feature", "geometry": {"type": "LineString", "coordinates": [[33.5913425, 35.3495477], [33.5912917, 35.349546], [33.5907245, 35.3494669]]}, "properties": {"feature_type": "road", "highway": "residential", "landuse": ""}}, {"type": "Feature", "geometry": {"type": "LineString", "coordinates": [[33.5905614, 35.3497355], [33.5907245, 35.3494669], [33.5908304, 35.3492865], [33.590852, 35.3492657]]}, "properties": {"feature_type": "road", "highway": "residential", "landuse": ""}}, {"type": "Feature", "geometry": {"type": "LineString", "coordinates": [[33.588928, 35.3492127], [33.5891345, 35.3493002], [33.5893491, 35.3495124], [33.5895798, 35.3496218], [33.5896179, 35.3496439], [33.5896414, 35.3496765], [33.5897058, 35.3498405], [33.5897943, 35.3498974], [33.589993, 35.3501167]]}, "properties": {"feature_type": "road", "highway": "residential", "landuse": ""}}, {"type": "Feature", "geometry": {"type": "LineString", "coordinates": [[33.5883942, 35.3489425], [33.588751, 35.3491492], [33.588928, 35.3492127]]}, "properties": {"feature_type": "road", "highway": "unclassified", "landuse": ""}}, {"type": "Feature", "geometry": {"type": "LineString", "coordinates": [[33.589993, 35.3501167], [33.5900331, 35.3498646], [33.5900599, 35.3496721]]}, "properties": {"feature_type": "road", "highway": "residential", "landuse": ""}}, {"type": "Feature", "geometry": {"type": "LineString", "coordinates": [[33.6605327, 35.2649035], [33.6608521, 35.2645628], [33.6609719, 35.264428], [33.6610645, 35.2643161], [33.6611143, 35.2641521], [33.6611355, 35.2639948], [33.6611518, 35.2638531], [33.6611456, 35.2637141]]}, "properties": {"feature_type": "road", "highway": "tertiary", "landuse": ""}}, {"type": "Feature", "geometry": {"type": "LineString", "coordinates": [[33.6623577, 35.2635087], [33.6622864, 35.2636013], [33.6621699, 35.2636555], [33.661985, 35.2636675], [33.6615705, 35.2636569], [33.661218, 35.263623], [33.661121, 35.2636308]]}, "properties": {"feature_type": "road", "highway": "residential", "landuse": ""}}, {"type": "Feature", "geometry": {"type": "LineString", "coordinates": [[33.6607353, 35.2631298], [33.6608052, 35.2632887], [33.6608414, 35.2633461], [33.6608946, 35.2634069], [33.6609542, 35.2634521], [33.6610202, 35.2635077], [33.6610778, 35.2635684], [33.661121, 35.2636308], [33.6611456, 35.2637141]]}, "properties": {"feature_type": "road", "highway": "tertiary", "landuse": ""}}, {"type": "Feature", "geometry": {"type": "LineString", "coordinates": [[33.6355287, 35.3540846], [33.635526, 35.3542071], [33.6357218, 35.3544193], [33.6357325, 35.3544532], [33.6357272, 35.3544915], [33.6356145, 35.3545516], [33.6355998, 35.354591], [33.6356212, 35.3546402], [33.6358345, 35.3549071], [33.6358626, 35.3549913], [33.6358774, 35.3550843], [33.6358707, 35.3552002], [33.6358505, 35.355314]]}, "properties": {"feature_type": "road", "highway": "residential", "landuse": ""}}, {"type": "Feature", "geometry": {"type": "LineString", "coordinates": [[33.6376409, 35.3550734], [33.6378542, 35.355384], [33.63783, 35.3554868]]}, "properties": {"feature_type": "road", "highway": "residential", "landuse": ""}}, {"type": "Feature", "geometry": {"type": "LineString", "coordinates": [[33.586022, 35.3500305], [33.5859992, 35.3500797]]}, "properties": {"feature_type": "road", "highway": "service", "landuse": ""}}, {"type": "Feature", "geometry": {"type": "LineString", "coordinates": [[33.5853466, 35.3499411], [33.5853741, 35.3496677], [33.5854036, 35.3495955], [33.5855082, 35.3494796]]}, "properties": {"feature_type": "road", "highway": "service", "landuse": ""}}, {"type": "Feature", "geometry": {"type": "LineString", "coordinates": [[33.5878015, 35.3504159], [33.5869458, 35.350149], [33.5868023, 35.3501293], [33.5866776, 35.3500768], [33.5864885, 35.3499937], [33.586404, 35.3499784], [33.5863329, 35.3499784], [33.5862324, 35.3499937], [33.5861479, 35.3500265], [33.5860875, 35.3500418], [33.586022, 35.3500305], [33.5859896, 35.349939], [33.5859615, 35.3499073], [33.5858072, 35.3498756], [33.5857657, 35.3498788], [33.5857321, 35.349904], [33.5857065, 35.350015]]}, "properties": {"feature_type": "road", "highway": "service", "landuse": ""}}, {"type": "Feature", "geometry": {"type": "LineString", "coordinates": [[33.607681, 35.3585235], [33.6073837, 35.3590574]]}, "properties": {"feature_type": "road", "highway": "service", "landuse": ""}}, {"type": "Feature", "geometry": {"type": "LineString", "coordinates": [[33.6067782, 35.3587433], [33.6071187, 35.3589142], [33.6071742, 35.3590323], [33.6073837, 35.3590574], [33.607547, 35.3592195], [33.6077018, 35.3594705]]}, "properties": {"feature_type": "road", "highway": "service", "landuse": ""}}, {"type": "Feature", "geometry": {"type": "LineString", "coordinates": [[33.6073837, 35.3590574], [33.6074715, 35.3590474], [33.6078597, 35.3591931]]}, "properties": {"feature_type": "road", "highway": "service", "landuse": ""}}, {"type": "Feature", "geometry": {"type": "LineString", "coordinates": [[33.7487028, 35.3340881], [33.7484564, 35.3341147], [33.7481547, 35.3341865], [33.7479259, 35.3342706], [33.7477675, 35.334365], [33.7475664, 35.3346049], [33.7474707, 35.3346696], [33.7473067, 35.3347044], [33.7470409, 35.3347362], [33.7468272, 35.3347588], [33.7466236, 35.3347916], [33.7463344, 35.3348839], [33.7461241, 35.3349697], [33.7455006, 35.3350148], [33.7449651, 35.33498], [33.7446584, 35.3350128], [33.7440776, 35.3351051], [33.7435572, 35.3352138], [33.7434013, 35.3352856], [33.7431876, 35.3354927], [33.7428633, 35.3358681], [33.7428633, 35.3359891], [33.7429035, 35.3361675], [33.7428482, 35.3362926]]}, "properties": {"feature_type": "road", "highway": "tertiary", "landuse": ""}}, {"type": "Feature", "geometry": {"type": "LineString", "coordinates": [[33.8268728, 35.2714589], [33.8258059, 35.2711073], [33.8256771, 35.271053], [33.8255686, 35.2708982], [33.8254505, 35.2707054], [33.8253195, 35.2706121], [33.8251455, 35.2704615]]}, "properties": {"feature_type": "road", "highway": "residential", "landuse": ""}}, {"type": "Feature", "geometry": {"type": "LineString", "coordinates": [[33.8275034, 35.2722096], [33.8283554, 35.2721047], [33.8283822, 35.2720916], [33.8284251, 35.2720281], [33.8285565, 35.27175]]}, "properties": {"feature_type": "road", "highway": "service", "landuse": ""}}, {"type": "Feature", "geometry": {"type": "LineString", "coordinates": [[33.5907158, 35.3531788], [33.5908562, 35.3532849], [33.5912915, 35.3533981]]}, "properties": {"feature_type": "road", "highway": "unclassified", "landuse": ""}}, {"type": "Feature", "geometry": {"type": "LineString", "coordinates": [[33.5971924, 35.3531232], [33.5970912, 35.3531824], [33.5969183, 35.3532018], [33.5966637, 35.3532021], [33.5963165, 35.3531697], [33.5959739, 35.3530145], [33.5955916, 35.3528904], [33.5953227, 35.352925], [33.5950997, 35.3530001], [33.5950041, 35.353104]]}, "properties": {"feature_type": "road", "highway": "unclassified", "landuse": ""}}, {"type": "Feature", "geometry": {"type": "LineString", "coordinates": [[33.5921055, 35.3535052], [33.5919876, 35.3535146], [33.5915741, 35.3534502], [33.5912915, 35.3533981]]}, "properties": {"feature_type": "road", "highway": "unclassified", "landuse": ""}}, {"type": "Feature", "geometry": {"type": "LineString", "coordinates": [[33.596037, 35.3534287], [33.5956582, 35.3532356], [33.5955344, 35.3532717], [33.5954954, 35.3532977]]}, "properties": {"feature_type": "road", "highway": "unclassified", "landuse": ""}}, {"type": "Feature", "geometry": {"type": "LineString", "coordinates": [[33.5955916, 35.3528904], [33.5954644, 35.3526528], [33.5950814, 35.3524167], [33.594862, 35.3523576], [33.5945958, 35.35235], [33.5942735, 35.3524243], [33.5935263, 35.3524928], [33.5929332, 35.3528642], [33.5925444, 35.3532194]]}, "properties": {"feature_type": "road", "highway": "unclassified", "landuse": ""}}, {"type": "Feature", "geometry": {"type": "LineString", "coordinates": [[33.5953227, 35.352925], [33.5953757, 35.3530489], [33.5954574, 35.3531156], [33.5956862, 35.3531422], [33.595866, 35.3532241], [33.596037, 35.3534287], [33.5961112, 35.3535174], [33.596284, 35.3538316]]}, "properties": {"feature_type": "road", "highway": "unclassified", "landuse": ""}}, {"type": "Feature", "geometry": {"type": "LineString", "coordinates": [[33.5906705, 35.3525723], [33.59065, 35.3525576], [33.5906245, 35.3525467], [33.5905802, 35.352539], [33.5890235, 35.3525716], [33.5881872, 35.352591]]}, "properties": {"feature_type": "road", "highway": "residential", "landuse": ""}}, {"type": "Feature", "geometry": {"type": "LineString", "coordinates": [[33.5846303, 35.3509134], [33.584877, 35.3510133]]}, "properties": {"feature_type": "road", "highway": "residential", "landuse": ""}}, {"type": "Feature", "geometry": {"type": "LineString", "coordinates": [[33.5954954, 35.3532977], [33.595441, 35.3532984], [33.5950041, 35.353104], [33.5938681, 35.3528355], [33.5932345, 35.3529192], [33.5925444, 35.3532194], [33.592199, 35.3534582], [33.5921055, 35.3535052]]}, "properties": {"feature_type": "road", "highway": "unclassified", "landuse": ""}}, {"type": "Feature", "geometry": {"type": "LineString", "coordinates": [[33.5976287, 35.3513692], [33.5976248, 35.3514487], [33.5976064, 35.3516892], [33.5975936, 35.3518332], [33.5975578, 35.352051], [33.5975293, 35.3520972], [33.5974542, 35.3521583], [33.5973811, 35.3523577], [33.5973545, 35.3524604], [33.5973808, 35.3526083], [33.597335, 35.3527142], [33.5972863, 35.3528814], [33.5972318, 35.3530109], [33.5971924, 35.3531232]]}, "properties": {"feature_type": "road", "highway": "unclassified", "landuse": ""}}, {"type": "Feature", "geometry": {"type": "LineString", "coordinates": [[33.6287678, 35.3547472], [33.6287266, 35.3544937], [33.6285683, 35.3543908]]}, "properties": {"feature_type": "road", "highway": "service", "landuse": ""}}, {"type": "Feature", "geometry": {"type": "LineString", "coordinates": [[33.6284491, 35.3552152], [33.6283906, 35.3552252], [33.6281595, 35.3552353]]}, "properties": {"feature_type": "road", "highway": "service", "landuse": ""}}, {"type": "Feature", "geometry": {"type": "LineString", "coordinates": [[33.6285483, 35.3547657], [33.628483, 35.355175], [33.6284491, 35.3552152]]}, "properties": {"feature_type": "road", "highway": "service", "landuse": ""}}, {"type": "Feature", "geometry": {"type": "LineString", "coordinates": [[33.6335275, 35.3574783], [33.6336109, 35.3572412], [33.6337809, 35.3570733], [33.6337933, 35.3569875]]}, "properties": {"feature_type": "road", "highway": "unclassified", "landuse": ""}}, {"type": "Feature", "geometry": {"type": "LineString", "coordinates": [[33.6337933, 35.3569875], [33.633747, 35.3568601], [33.6332128, 35.3565313], [33.6330428, 35.3564541], [33.6324992, 35.3561375], [33.6319936, 35.3558317], [33.6317299, 35.3556755], [33.6316547, 35.3556353], [33.6314301, 35.3555074], [33.6309472, 35.3552454], [33.6308758, 35.3552066], [33.6306303, 35.3550866], [33.6299997, 35.3547988], [33.6298358, 35.354759], [33.6296797, 35.3547211], [33.6293153, 35.3546946], [33.6291112, 35.3547069], [33.6287678, 35.3547472], [33.6285483, 35.3547657], [33.6283083, 35.3547991], [33.6272075, 35.3549097], [33.626373, 35.3549816], [33.6258322, 35.3550441], [33.6256064, 35.3550632], [33.6256876, 35.3549816], [33.6259813, 35.3544067], [33.6263572, 35.353671], [33.6264629, 35.3534488], [33.6264367, 35.353155], [33.6264181, 35.3528885], [33.6264588, 35.3527757], [33.6266621, 35.3527326], [33.6270686, 35.3527459], [33.6271418, 35.3527359], [33.6271738, 35.3526721]]}, "properties": {"feature_type": "road", "highway": "unclassified", "landuse": ""}}, {"type": "Feature", "geometry": {"type": "LineString", "coordinates": [[33.6299997, 35.3547988], [33.6300403, 35.3547201], [33.6300316, 35.3542528], [33.630074, 35.3541835]]}, "properties": {"feature_type": "road", "highway": "residential", "landuse": ""}}, {"type": "Feature", "geometry": {"type": "LineString", "coordinates": [[33.6308208, 35.3543077], [33.6308527, 35.3543625], [33.6308758, 35.3552066]]}, "properties": {"feature_type": "road", "highway": "residential", "landuse": ""}}, {"type": "Feature", "geometry": {"type": "LineString", "coordinates": [[33.630074, 35.3541835], [33.6301484, 35.3541547], [33.6307571, 35.3542615], [33.6308208, 35.3543077]]}, "properties": {"feature_type": "road", "highway": "residential", "landuse": ""}}, {"type": "Feature", "geometry": {"type": "LineString", "coordinates": [[33.6316878, 35.3568037], [33.6317093, 35.3563553], [33.6317299, 35.3556755]]}, "properties": {"feature_type": "road", "highway": "residential", "landuse": ""}}, {"type": "Feature", "geometry": {"type": "LineString", "coordinates": [[33.63058, 35.3568168], [33.6309072, 35.3568759], [33.6316878, 35.3568037], [33.6325487, 35.3569306], [33.6327606, 35.357005]]}, "properties": {"feature_type": "road", "highway": "residential", "landuse": ""}}, {"type": "Feature", "geometry": {"type": "LineString", "coordinates": [[33.6297914, 35.3563152], [33.630403, 35.3564712], [33.63058, 35.3568168]]}, "properties": {"feature_type": "road", "highway": "residential", "landuse": ""}}, {"type": "Feature", "geometry": {"type": "LineString", "coordinates": [[33.6309472, 35.3552454], [33.6306505, 35.3565283], [33.63058, 35.3568168]]}, "properties": {"feature_type": "road", "highway": "residential", "landuse": ""}}, {"type": "Feature", "geometry": {"type": "LineString", "coordinates": [[33.6318967, 35.3544433], [33.631833, 35.3544289], [33.6313694, 35.3543971]]}, "properties": {"feature_type": "road", "highway": "residential", "landuse": ""}}, {"type": "Feature", "geometry": {"type": "LineString", "coordinates": [[33.6316547, 35.3556353], [33.6319215, 35.3544837], [33.6318967, 35.3544433]]}, "properties": {"feature_type": "road", "highway": "residential", "landuse": ""}}, {"type": "Feature", "geometry": {"type": "LineString", "coordinates": [[33.6241903, 35.3541819], [33.6241417, 35.3541649], [33.6238923, 35.3541937], [33.62287, 35.3543118]]}, "properties": {"feature_type": "road", "highway": "residential", "landuse": ""}}, {"type": "Feature", "geometry": {"type": "LineString", "coordinates": [[33.6242745, 35.3546859], [33.6228471, 35.3548191]]}, "properties": {"feature_type": "road", "highway": "residential", "landuse": ""}}, {"type": "Feature", "geometry": {"type": "LineString", "coordinates": [[33.6243307, 35.355171], [33.6242745, 35.3546859], [33.6242591, 35.3545458], [33.6242282, 35.3542055], [33.6241903, 35.3541819]]}, "properties": {"feature_type": "road", "highway": "residential", "landuse": ""}}, {"type": "Feature", "geometry": {"type": "LineString", "coordinates": [[33.6256064, 35.3550632], [33.6253644, 35.3550873], [33.6249985, 35.3551172], [33.6243307, 35.355171], [33.6236888, 35.3552257], [33.6225302, 35.3553486], [33.6222781, 35.3553748], [33.6221572, 35.3553409]]}, "properties": {"feature_type": "road", "highway": "unclassified", "landuse": ""}}, {"type": "Feature", "geometry": {"type": "LineString", "coordinates": [[33.644177, 35.3537], [33.6438596, 35.3537586], [33.6433768, 35.3536886]]}, "properties": {"feature_type": "road", "highway": "residential", "landuse": ""}}, {"type": "Feature", "geometry": {"type": "LineString", "coordinates": [[33.6433035, 35.3547839], [33.6433319, 35.3547349], [33.6434062, 35.3543596]]}, "properties": {"feature_type": "road", "highway": "residential", "landuse": ""}}, {"type": "Feature", "geometry": {"type": "LineString", "coordinates": [[33.6428983, 35.3547215], [33.6432434, 35.3547984], [33.6433035, 35.3547839]]}, "properties": {"feature_type": "road", "highway": "residential", "landuse": ""}}, {"type": "Feature", "geometry": {"type": "LineString", "coordinates": [[33.6425204, 35.3556723], [33.6425568, 35.3556181], [33.6425883, 35.3553468], [33.642771, 35.3549654], [33.6427943, 35.3549208], [33.6428983, 35.3547215], [33.6428217, 35.3544482], [33.6427271, 35.3541908]]}, "properties": {"feature_type": "road", "highway": "residential", "landuse": ""}}, {"type": "Feature", "geometry": {"type": "LineString", "coordinates": [[33.65015, 35.3575171], [33.6501896, 35.3571712], [33.6503042, 35.356765], [33.650297, 35.3567291]]}, "properties": {"feature_type": "road", "highway": "residential", "landuse": ""}}, {"type": "Feature", "geometry": {"type": "LineString", "coordinates": [[33.6510005, 35.3546743], [33.6510375, 35.3549853]]}, "properties": {"feature_type": "road", "highway": "residential", "landuse": ""}}, {"type": "Feature", "geometry": {"type": "LineString", "coordinates": [[33.6530222, 35.3553162], [33.6530175, 35.3556588], [33.6529127, 35.3558157], [33.6528687, 35.3558686]]}, "properties": {"feature_type": "road", "highway": "residential", "landuse": ""}}, {"type": "Feature", "geometry": {"type": "LineString", "coordinates": [[33.6517008, 35.3552877], [33.6512844, 35.3566688], [33.6512906, 35.3567275]]}, "properties": {"feature_type": "road", "highway": "residential", "landuse": ""}}, {"type": "Feature", "geometry": {"type": "LineString", "coordinates": [[33.6494528, 35.3566271], [33.6496104, 35.3570729], [33.6498192, 35.3571133]]}, "properties": {"feature_type": "road", "highway": "residential", "landuse": ""}}, {"type": "Feature", "geometry": {"type": "LineString", "coordinates": [[33.6490148, 35.3559374], [33.6489102, 35.3557494], [33.6485271, 35.3555637], [33.6483492, 35.3554775]]}, "properties": {"feature_type": "road", "highway": "residential", "landuse": ""}}, {"type": "Feature", "geometry": {"type": "Polygon", "coordinates": [[[33.7426425, 35.3920999], [33.7426997, 35.3920009], [33.7428451, 35.3920568], [33.742788, 35.3921558], [33.7426425, 35.3920999]]]}, "properties": {"feature_type": "urban", "highway": "", "landuse": "construction"}}, {"type": "Feature", "geometry": {"type": "Polygon", "coordinates": [[[33.6616482, 35.3589993], [33.6620877, 35.3585577], [33.662289, 35.3581311], [33.6625944, 35.3579847], [33.6627568, 35.3575093], [33.6626457, 35.3573762], [33.6630499, 35.3572731], [33.6634048, 35.3569545], [33.6639382, 35.3567216], [33.6641007, 35.3565294], [33.6644655, 35.3562494], [33.6643136, 35.3554297], [33.6643796, 35.3548669], [33.6643283, 35.3541601], [33.6647444, 35.3539218], [33.6650663, 35.3536768], [33.6652165, 35.3531868], [33.6649504, 35.3529418], [33.664298, 35.3532288], [33.6639033, 35.3533408], [33.6634741, 35.3535578], [33.6632853, 35.3533443], [33.6629205, 35.3531868], [33.6624913, 35.3533268], [33.6620837, 35.3535718], [33.660367, 35.3530993], [33.6601477, 35.3541058], [33.6598563, 35.3550887], [33.6580018, 35.3577339], [33.6593726, 35.358239], [33.6612118, 35.3588535], [33.6616482, 35.3589993]]]}, "properties": {"feature_type": "urban", "highway": "", "landuse": "residential"}}, {"type": "Feature", "geometry": {"type": "LineString", "coordinates": [[33.7509374, 35.3911732], [33.7513196, 35.391288]]}, "properties": {"feature_type": "road", "highway": "service", "landuse": ""}}, {"type": "Feature", "geometry": {"type": "LineString", "coordinates": [[33.6306505, 35.3565283], [33.6308229, 35.3565646], [33.6308844, 35.3565705], [33.6309378, 35.3565639], [33.6309824, 35.3564959], [33.6310714, 35.3564147], [33.6312025, 35.3563632], [33.6314073, 35.356348], [33.6315903, 35.356348], [33.6317093, 35.3563553]]}, "properties": {"feature_type": "road", "highway": "residential", "landuse": ""}}, {"type": "Feature", "geometry": {"type": "LineString", "coordinates": [[33.6512161, 35.3583911], [33.6518668, 35.3572911]]}, "properties": {"feature_type": "road", "highway": "residential", "landuse": ""}}, {"type": "Feature", "geometry": {"type": "LineString", "coordinates": [[33.6053633, 35.2565505], [33.6055016, 35.2573372]]}, "properties": {"feature_type": "road", "highway": "residential", "landuse": ""}}, {"type": "Feature", "geometry": {"type": "LineString", "coordinates": [[33.6949289, 35.365129], [33.6949879, 35.3650721], [33.6951166, 35.3650502], [33.6956966, 35.3650781]]}, "properties": {"feature_type": "road", "highway": "residential", "landuse": ""}}, {"type": "Feature", "geometry": {"type": "LineString", "coordinates": [[33.708707, 35.3747768], [33.7080264, 35.3758615], [33.7080086, 35.3758932], [33.7079944, 35.3759242], [33.7080021, 35.3759536], [33.7082668, 35.376086]]}, "properties": {"feature_type": "road", "highway": "service", "landuse": ""}}, {"type": "Feature", "geometry": {"type": "LineString", "coordinates": [[33.6887885, 35.2824593], [33.6890678, 35.2825386], [33.689173, 35.2825558], [33.6892604, 35.2825399], [33.6894474, 35.2825168], [33.6895891, 35.2825221], [33.6897704, 35.2825591], [33.6899582, 35.2826417], [33.6900562, 35.2827309], [33.6900594, 35.2827963], [33.6899283, 35.2829245], [33.689755, 35.2829972], [33.6896126, 35.2830447]]}, "properties": {"feature_type": "road", "highway": "service", "landuse": ""}}, {"type": "Feature", "geometry": {"type": "LineString", "coordinates": [[33.6320993, 35.3092861], [33.6323503, 35.309347], [33.6324307, 35.3093686], [33.6324683, 35.3093842], [33.6324884, 35.3093992], [33.6325038, 35.3094132], [33.6325166, 35.3094299], [33.6325246, 35.3094498], [33.6325266, 35.3094704], [33.6325266, 35.3094914], [33.6325286, 35.3095615], [33.6325452, 35.3098261]]}, "properties": {"feature_type": "road", "highway": "residential", "landuse": ""}}, {"type": "Feature", "geometry": {"type": "LineString", "coordinates": [[33.5808706, 35.3495507], [33.5809109, 35.3492805]]}, "properties": {"feature_type": "road", "highway": "service", "landuse": ""}}, {"type": "Feature", "geometry": {"type": "LineString", "coordinates": [[33.5821474, 35.349677], [33.5816981, 35.3496415], [33.5808706, 35.3495507], [33.5805139, 35.3495069]]}, "properties": {"feature_type": "road", "highway": "service", "landuse": ""}}, {"type": "Feature", "geometry": {"type": "LineString", "coordinates": [[33.6737831, 35.3626686], [33.6737247, 35.3628334], [33.6733805, 35.3637804], [33.6733264, 35.3639292], [33.6732928, 35.3640216], [33.6732747, 35.3641015], [33.6732781, 35.3642655]]}, "properties": {"feature_type": "road", "highway": "service", "landuse": ""}}, {"type": "Feature", "geometry": {"type": "LineString", "coordinates": [[33.6053273, 35.3506023], [33.6051315, 35.3503622]]}, "properties": {"feature_type": "road", "highway": "residential", "landuse": ""}}, {"type": "Feature", "geometry": {"type": "LineString", "coordinates": [[33.604433, 35.3508827], [33.6040516, 35.3519476], [33.6052377, 35.3522199], [33.6056593, 35.3511583], [33.6045789, 35.3508945], [33.604433, 35.3508827]]}, "properties": {"feature_type": "road", "highway": "residential", "landuse": ""}}, {"type": "Feature", "geometry": {"type": "LineString", "coordinates": [[33.606987, 35.3506024], [33.606934, 35.3505689], [33.6068254, 35.3504832], [33.6067627, 35.3504335], [33.6066801, 35.3503909], [33.6064976, 35.3504239]]}, "properties": {"feature_type": "road", "highway": "service", "landuse": ""}}, {"type": "Feature", "geometry": {"type": "LineString", "coordinates": [[33.6079821, 35.3510753], [33.6087643, 35.351111], [33.6091302, 35.3511691], [33.6092066, 35.3511812], [33.6092455, 35.3512008], [33.6092643, 35.3512282], [33.6093409, 35.3514835], [33.6093503, 35.3515152], [33.6093704, 35.3515327], [33.6094053, 35.3515382], [33.6096611, 35.3515037], [33.6097379, 35.3514933], [33.6097808, 35.3514868], [33.6098197, 35.3514922], [33.6098653, 35.3515163], [33.6099605, 35.3515677], [33.6099981, 35.3515721], [33.6100477, 35.351571], [33.6105144, 35.3515032], [33.6105774, 35.3515054], [33.6106324, 35.3515196], [33.6106794, 35.351548], [33.6109503, 35.3519735], [33.6109771, 35.352014], [33.6110066, 35.3520413], [33.6110616, 35.3520654], [33.611531, 35.3522951], [33.6118193, 35.3523947], [33.6122109, 35.3525642], [33.6125864, 35.3528092], [33.6128077, 35.3529252], [33.6130303, 35.3530214]]}, "properties": {"feature_type": "road", "highway": "unclassified", "landuse": ""}}, {"type": "Feature", "geometry": {"type": "LineString", "coordinates": [[33.6074317, 35.3516936], [33.6075918, 35.3514659], [33.6077984, 35.35128], [33.6079102, 35.3511542], [33.6079821, 35.3510753]]}, "properties": {"feature_type": "road", "highway": "unclassified", "landuse": ""}}, {"type": "Feature", "geometry": {"type": "LineString", "coordinates": [[33.8002371, 35.4099318], [33.8003053, 35.4100205], [33.800926, 35.4104853], [33.8016913, 35.4111258], [33.8024762, 35.4117763], [33.8032996, 35.4124594], [33.8042104, 35.4131794], [33.8046315, 35.4134929], [33.8047452, 35.4135406], [33.8048303, 35.413552], [33.8049172, 35.4135313], [33.805003, 35.4134804], [33.8057557, 35.4129414], [33.8060615, 35.4127845], [33.806499, 35.4126172], [33.8068449, 35.4125364], [33.808327, 35.4123492], [33.808777, 35.4122992], [33.8099213, 35.4122392], [33.8101713, 35.4122492], [33.8102813, 35.4122692], [33.8104813, 35.4123392], [33.8105713, 35.4123892], [33.8107713, 35.4125692], [33.8108513, 35.4126192], [33.8109313, 35.4126492], [33.811231, 35.4127047], [33.811411, 35.4126947], [33.811501, 35.4126747], [33.8115779, 35.4126412], [33.812482, 35.4121047], [33.812752, 35.4120047], [33.815877, 35.4113992], [33.81706, 35.4112189]]}, "properties": {"feature_type": "road", "highway": "unclassified", "landuse": ""}}, {"type": "Feature", "geometry": {"type": "LineString", "coordinates": [[33.81706, 35.4112189], [33.8173137, 35.4111802], [33.8175363, 35.4111601], [33.8176882, 35.4111692], [33.8183586, 35.4112779], [33.8186886, 35.4113191], [33.8188355, 35.4113299]]}, "properties": {"feature_type": "road", "highway": "unclassified", "landuse": ""}}, {"type": "Feature", "geometry": {"type": "LineString", "coordinates": [[33.8002371, 35.4099318], [33.8021012, 35.4104627], [33.8035425, 35.4108943], [33.8043002, 35.4110404], [33.8049807, 35.4110848], [33.8057501, 35.4110676], [33.8073125, 35.4108254], [33.8088568, 35.4105642], [33.8097442, 35.4104395], [33.8120715, 35.4100583], [33.8132834, 35.4098511], [33.8140243, 35.4098025], [33.8153109, 35.4098019], [33.8168256, 35.4100115], [33.8175756, 35.4101395], [33.8179323, 35.4101898], [33.8182859, 35.4102102], [33.818786, 35.4102358], [33.8190912, 35.4102246]]}, "properties": {"feature_type": "road", "highway": "primary", "landuse": ""}}, {"type": "Feature", "geometry": {"type": "LineString", "coordinates": [[33.8190912, 35.4102246], [33.8193996, 35.4102132], [33.8203087, 35.4100893], [33.8213439, 35.40993], [33.8223204, 35.4098094], [33.8233104, 35.4097204], [33.8242221, 35.4097176], [33.8249346, 35.409779], [33.8259307, 35.4098974], [33.8275328, 35.4101266], [33.8303618, 35.4105939], [33.8308257, 35.4106253], [33.8313234, 35.4106551], [33.831815, 35.4106328], [33.832275, 35.4105454], [33.8347895, 35.4099547], [33.8353638, 35.4098754], [33.8360231, 35.4098601], [33.8367352, 35.4099517], [33.8374778, 35.4101627], [33.8380909, 35.410388], [33.8412629, 35.4115539], [33.8417771, 35.4117463], [33.8422819, 35.4119011], [33.8426489, 35.4119671], [33.8428839, 35.4119948], [33.8434294, 35.4120305], [33.8438777, 35.4120226], [33.8466294, 35.4116868], [33.8510623, 35.4112676], [33.8514962, 35.4112266], [33.8520983, 35.4112129], [33.8526728, 35.4112389], [33.853139, 35.4112894], [33.8536245, 35.4113768], [33.8544703, 35.4115789], [33.8570406, 35.4122427], [33.8588762, 35.4127322], [33.8600885, 35.4130113]]}, "properties": {"feature_type": "road", "highway": "primary", "landuse": ""}}, {"type": "Feature", "geometry": {"type": "LineString", "coordinates": [[33.8188355, 35.4113299], [33.8189823, 35.4113406], [33.8193847, 35.4113318], [33.8211104, 35.4113023], [33.8218306, 35.4112868], [33.8225936, 35.4112755], [33.822852, 35.4112668], [33.8232113, 35.4112655], [33.8235409, 35.4112568], [33.8239147, 35.4112586], [33.8242462, 35.4112586], [33.8245542, 35.4112699], [33.8248162, 35.4112799], [33.825023, 35.4112911], [33.8253089, 35.4113217], [33.8260023, 35.4113499], [33.8262506, 35.411363], [33.8267417, 35.4113917], [33.8274351, 35.4113886], [33.8279677, 35.4113524], [33.8282703, 35.4113255], [33.8287991, 35.4112474], [33.8295194, 35.4111973], [33.8298935, 35.4111905], [33.8304238, 35.411278], [33.8308188, 35.4113223], [33.8309452, 35.4113365], [33.8311647, 35.4113611], [33.8315471, 35.4113842], [33.8320474, 35.4114498], [33.832694, 35.4114805], [33.8335206, 35.4114948], [33.8340819, 35.4115473], [33.8344611, 35.4116529], [33.834807, 35.4117811], [33.8351499, 35.4119129], [33.8355409, 35.4120723], [33.8360224, 35.4122441], [33.8362855, 35.4123436], [33.8365787, 35.4124479], [33.8369438, 35.4125592], [33.8373921, 35.4126305], [33.8378263, 35.4126628], [33.8384936, 35.4126961], [33.8389142, 35.4127197], [33.8394306, 35.4127559], [33.839816, 35.412783], [33.840193, 35.4128005], [33.840445, 35.4128108], [33.8406503, 35.412813], [33.8408813, 35.412822], [33.8411842, 35.4128561], [33.8415587, 35.412893], [33.8420137, 35.4129804], [33.8422323, 35.4130105], [33.8424435, 35.4130451], [33.8426649, 35.413021], [33.8430533, 35.4128513], [33.8433666, 35.4127358], [33.8437363, 35.4127003], [33.8441466, 35.4127209], [33.8445044, 35.4127624], [33.8454116, 35.4128624], [33.8460088, 35.4128706], [33.8465885, 35.4128241], [33.8473275, 35.4126553], [33.8477946, 35.4126264], [33.8486682, 35.4126312], [33.8493945, 35.4126351], [33.8499457, 35.4126679], [33.8536629, 35.4134566], [33.8567678, 35.4145253], [33.857581, 35.4147577], [33.8582026, 35.415018], [33.8592713, 35.4153893], [33.8595292, 35.4154829], [33.8596948, 35.4156206], [33.8599179, 35.4158822], [33.8600328, 35.4159841], [33.8602051, 35.4160392], [33.8613811, 35.4161769], [33.8616278, 35.4161439], [33.8618374, 35.4160502], [33.8620953, 35.4158423]]}, "properties": {"feature_type": "road", "highway": "unclassified", "landuse": ""}}, {"type": "Feature", "geometry": {"type": "LineString", "coordinates": [[33.7473922, 35.3930089], [33.7472505, 35.3929773], [33.7471517, 35.3929591]]}, "properties": {"feature_type": "road", "highway": "primary", "landuse": ""}}, {"type": "Feature", "geometry": {"type": "LineString", "coordinates": [[33.704384, 35.3688895], [33.7044178, 35.3688826], [33.704656, 35.3687407]]}, "properties": {"feature_type": "road", "highway": "residential", "landuse": ""}}, {"type": "Feature", "geometry": {"type": "LineString", "coordinates": [[33.7038112, 35.3683246], [33.7043485, 35.3688757], [33.704384, 35.3688895]]}, "properties": {"feature_type": "road", "highway": "residential", "landuse": ""}}, {"type": "Feature", "geometry": {"type": "LineString", "coordinates": [[33.704291, 35.367812], [33.7038821, 35.3682888], [33.7038112, 35.3683246]]}, "properties": {"feature_type": "road", "highway": "residential", "landuse": ""}}, {"type": "Feature", "geometry": {"type": "LineString", "coordinates": [[33.7025743, 35.3688454], [33.7032063, 35.3685793], [33.7038112, 35.3683246]]}, "properties": {"feature_type": "road", "highway": "residential", "landuse": ""}}, {"type": "Feature", "geometry": {"type": "LineString", "coordinates": [[33.7025676, 35.3701791], [33.7031116, 35.3692367], [33.7031556, 35.3691926], [33.7035274, 35.3689287]]}, "properties": {"feature_type": "road", "highway": "residential", "landuse": ""}}, {"type": "Feature", "geometry": {"type": "LineString", "coordinates": [[33.7038315, 35.3692643], [33.703801, 35.3692257], [33.7035274, 35.3689287], [33.7032063, 35.3685793]]}, "properties": {"feature_type": "road", "highway": "residential", "landuse": ""}}, {"type": "Feature", "geometry": {"type": "LineString", "coordinates": [[33.7032637, 35.3702067], [33.7038281, 35.3693028], [33.7038315, 35.3692643]]}, "properties": {"feature_type": "road", "highway": "residential", "landuse": ""}}, {"type": "Feature", "geometry": {"type": "LineString", "coordinates": [[33.7039171, 35.3703485], [33.7042809, 35.3696363]]}, "properties": {"feature_type": "road", "highway": "residential", "landuse": ""}}, {"type": "Feature", "geometry": {"type": "LineString", "coordinates": [[33.7080565, 35.3713916], [33.7075893, 35.3713641], [33.7062612, 35.3710113], [33.7061666, 35.3709976], [33.7057915, 35.3709645], [33.7056631, 35.3709342], [33.7045513, 35.3704933], [33.7044702, 35.3704685], [33.7039171, 35.3703485], [33.7032637, 35.3702067], [33.7025676, 35.3701791], [33.7021012, 35.3700965]]}, "properties": {"feature_type": "road", "highway": "residential", "landuse": ""}}, {"type": "Feature", "geometry": {"type": "LineString", "coordinates": [[33.5970041, 35.3507944], [33.597967, 35.3508206]]}, "properties": {"feature_type": "road", "highway": "residential", "landuse": ""}}, {"type": "Feature", "geometry": {"type": "LineString", "coordinates": [[33.5969773, 35.3510613], [33.5978195, 35.3510788], [33.5979161, 35.3510766], [33.5979456, 35.3510438], [33.597967, 35.3508206], [33.5980448, 35.3500637], [33.5980609, 35.3496787]]}, "properties": {"feature_type": "road", "highway": "residential", "landuse": ""}}, {"type": "Feature", "geometry": {"type": "LineString", "coordinates": [[33.5969527, 35.3512161], [33.5969773, 35.3510613], [33.5970041, 35.3507944], [33.5970363, 35.3506828], [33.5970899, 35.3505122], [33.5971007, 35.3500615], [33.597259, 35.3481943]]}, "properties": {"feature_type": "road", "highway": "residential", "landuse": ""}}, {"type": "Feature", "geometry": {"type": "LineString", "coordinates": [[33.7530068, 35.3744364], [33.7536455, 35.3746554], [33.7543998, 35.374646]]}, "properties": {"feature_type": "road", "highway": "residential", "landuse": ""}}, {"type": "Feature", "geometry": {"type": "LineString", "coordinates": [[33.7843537, 35.4020093], [33.7843497, 35.4019072], [33.7844976, 35.4013189]]}, "properties": {"feature_type": "road", "highway": "service", "landuse": ""}}, {"type": "Feature", "geometry": {"type": "LineString", "coordinates": [[33.6980029, 35.3635936], [33.6984058, 35.3635811]]}, "properties": {"feature_type": "road", "highway": "service", "landuse": ""}}, {"type": "Feature", "geometry": {"type": "LineString", "coordinates": [[33.602316, 35.2545745], [33.6023306, 35.2545632], [33.6023398, 35.2545486], [33.6023425, 35.2545323], [33.6023384, 35.2545162], [33.6023277, 35.2545019], [33.6023116, 35.2544914], [33.6022922, 35.254486], [33.6022716, 35.2544863], [33.6022524, 35.2544922], [33.6022381, 35.254502], [33.6022281, 35.2545149], [33.6022236, 35.2545296], [33.6022248, 35.2545448], [33.6022318, 35.254559], [33.6022437, 35.2545707], [33.6022595, 35.2545788], [33.6022776, 35.2545825], [33.6022976, 35.2545812], [33.602316, 35.2545745]]}, "properties": {"feature_type": "road", "highway": "tertiary", "landuse": ""}}, {"type": "Feature", "geometry": {"type": "LineString", "coordinates": [[33.6031188, 35.2530015], [33.6029665, 35.2537759], [33.602896, 35.2541343], [33.6028388, 35.254202], [33.6027713, 35.2542518], [33.6023384, 35.2545162]]}, "properties": {"feature_type": "road", "highway": "tertiary", "landuse": ""}}, {"type": "Feature", "geometry": {"type": "LineString", "coordinates": [[33.6022344, 35.2548034], [33.6018973, 35.2550772], [33.6015898, 35.2552511], [33.6015075, 35.2553223]]}, "properties": {"feature_type": "road", "highway": "residential", "landuse": ""}}, {"type": "Feature", "geometry": {"type": "LineString", "coordinates": [[33.601936, 35.2536385], [33.6020862, 35.2536892], [33.6024215, 35.2536498], [33.6026655, 35.2536871], [33.6028184, 35.2537309], [33.6029665, 35.2537759], [33.603202, 35.2538601], [33.6033908, 35.2539939]]}, "properties": {"feature_type": "road", "highway": "residential", "landuse": ""}}, {"type": "Feature", "geometry": {"type": "LineString", "coordinates": [[33.6035025, 35.2561136], [33.603371, 35.255718], [33.6033798, 35.2555679]]}, "properties": {"feature_type": "road", "highway": "residential", "landuse": ""}}, {"type": "Feature", "geometry": {"type": "LineString", "coordinates": [[33.6046996, 35.2535521], [33.6047902, 35.2540227], [33.6048332, 35.2540928], [33.6048653, 35.2542636], [33.604919, 35.2543687], [33.6049136, 35.2545002], [33.6048707, 35.2546053], [33.6049941, 35.2551353]]}, "properties": {"feature_type": "road", "highway": "residential", "landuse": ""}}, {"type": "Feature", "geometry": {"type": "LineString", "coordinates": [[33.6055962, 35.2559411], [33.6055298, 35.2556619], [33.6055028, 35.2555818], [33.6054318, 35.2554659], [33.6050364, 35.2552176], [33.6049941, 35.2551353]]}, "properties": {"feature_type": "road", "highway": "residential", "landuse": ""}}, {"type": "Feature", "geometry": {"type": "LineString", "coordinates": [[33.6042014, 35.2557193], [33.6043842, 35.2555239], [33.6048674, 35.2552203], [33.6049941, 35.2551353]]}, "properties": {"feature_type": "road", "highway": "residential", "landuse": ""}}, {"type": "Feature", "geometry": {"type": "LineString", "coordinates": [[33.6013927, 35.2527427], [33.6012981, 35.2529166], [33.6012304, 35.2529687]]}, "properties": {"feature_type": "road", "highway": "residential", "landuse": ""}}, {"type": "Feature", "geometry": {"type": "LineString", "coordinates": [[33.726653, 35.2592476], [33.7266741, 35.2591638], [33.7266957, 35.259075], [33.7267119, 35.259002], [33.7267272, 35.2589239], [33.7267442, 35.258858], [33.7267527, 35.2588135], [33.7267488, 35.2587706], [33.7267295, 35.2587396], [33.7267018, 35.2587182], [33.7266419, 35.2587046], [33.7264534, 35.2586759], [33.7263124, 35.2586693], [33.7262718, 35.258679], [33.7262386, 35.2587052], [33.7262125, 35.25876], [33.7261842, 35.2588619], [33.7261045, 35.2591253]]}, "properties": {"feature_type": "road", "highway": "residential", "landuse": ""}}, {"type": "Feature", "geometry": {"type": "LineString", "coordinates": [[33.6978464, 35.3637891], [33.6980029, 35.3635936], [33.6979666, 35.3633709]]}, "properties": {"feature_type": "road", "highway": "service", "landuse": ""}}, {"type": "Feature", "geometry": {"type": "LineString", "coordinates": [[33.7468059, 35.2601466], [33.7470507, 35.2611733], [33.7470533, 35.2612831], [33.7470511, 35.2613574], [33.7470496, 35.2614092], [33.7470343, 35.2615424]]}, "properties": {"feature_type": "road", "highway": "trunk", "landuse": ""}}, {"type": "Feature", "geometry": {"type": "LineString", "coordinates": [[33.7465795, 35.2591971], [33.7468059, 35.2601466]]}, "properties": {"feature_type": "road", "highway": "trunk", "landuse": ""}}, {"type": "Feature", "geometry": {"type": "LineString", "coordinates": [[33.7474364, 35.2626438], [33.7474179, 35.2625465]]}, "properties": {"feature_type": "road", "highway": "primary", "landuse": ""}}, {"type": "Feature", "geometry": {"type": "LineString", "coordinates": [[33.5789591, 35.3454813], [33.5795232, 35.3457391]]}, "properties": {"feature_type": "road", "highway": "residential", "landuse": ""}}, {"type": "Feature", "geometry": {"type": "LineString", "coordinates": [[33.5795232, 35.3457391], [33.5802547, 35.3459611], [33.5807603, 35.3460673], [33.580993, 35.3459968], [33.5821189, 35.3463048]]}, "properties": {"feature_type": "road", "highway": "residential", "landuse": ""}}, {"type": "Feature", "geometry": {"type": "LineString", "coordinates": [[33.5776556, 35.3457365], [33.5785104, 35.3460897]]}, "properties": {"feature_type": "road", "highway": "residential", "landuse": ""}}, {"type": "Feature", "geometry": {"type": "LineString", "coordinates": [[33.5805522, 35.3479763], [33.5805181, 35.3471693], [33.5807603, 35.3460673]]}, "properties": {"feature_type": "road", "highway": "residential", "landuse": ""}}, {"type": "Feature", "geometry": {"type": "LineString", "coordinates": [[33.5805181, 35.3471693], [33.5798793, 35.3470191], [33.5802547, 35.3459611]]}, "properties": {"feature_type": "road", "highway": "residential", "landuse": ""}}, {"type": "Feature", "geometry": {"type": "LineString", "coordinates": [[33.7689674, 35.3251954], [33.7691831, 35.3251597], [33.7693827, 35.3250867], [33.7695868, 35.3249454]]}, "properties": {"feature_type": "road", "highway": "service", "landuse": ""}}, {"type": "Feature", "geometry": {"type": "LineString", "coordinates": [[33.7338355, 35.3363395], [33.7338737, 35.3368031], [33.7339342, 35.3368248], [33.7339948, 35.3368371], [33.7340591, 35.3368217], [33.7341006, 35.3367642], [33.7341348, 35.3367167], [33.7343578, 35.3362244]]}, "properties": {"feature_type": "road", "highway": "service", "landuse": ""}}, {"type": "Feature", "geometry": {"type": "LineString", "coordinates": [[33.7358196, 35.2628761], [33.7352311, 35.2630856]]}, "properties": {"feature_type": "road", "highway": "unclassified", "landuse": ""}}, {"type": "Feature", "geometry": {"type": "LineString", "coordinates": [[33.7350697, 35.263143], [33.735228, 35.2637114]]}, "properties": {"feature_type": "road", "highway": "residential", "landuse": ""}}, {"type": "Feature", "geometry": {"type": "LineString", "coordinates": [[33.7380751, 35.2597651], [33.7379243, 35.2603206]]}, "properties": {"feature_type": "road", "highway": "residential", "landuse": ""}}, {"type": "Feature", "geometry": {"type": "LineString", "coordinates": [[33.7499427, 35.2620643], [33.7505086, 35.2621065], [33.7508269, 35.2621302], [33.7515383, 35.2621969], [33.7520719, 35.2622025], [33.7525776, 35.2621858], [33.752642, 35.2621802], [33.7531556, 35.2621358], [33.7538872, 35.2620444], [33.753956, 35.2620358], [33.7542697, 35.2619943], [33.7547439, 35.2619315], [33.7550064, 35.2618968], [33.7552987, 35.2618562], [33.7554459, 35.2618357], [33.7556028, 35.2618139], [33.7577241, 35.2615189], [33.7588135, 35.2613688], [33.7596471, 35.2612632], [33.7600567, 35.2612117], [33.7603919, 35.2611688], [33.7607476, 35.261141], [33.7611755, 35.2611187], [33.7617924, 35.2611076], [33.7628484, 35.2611336], [33.7651827, 35.261191], [33.7675203, 35.2612436], [33.7703794, 35.2613307], [33.7707724, 35.2613407], [33.7723097, 35.2613798], [33.7741256, 35.2614207], [33.7750048, 35.2614072], [33.7760035, 35.2613693], [33.7762184, 35.2613624], [33.7777017, 35.2613149], [33.7781395, 35.2613089], [33.7785419, 35.2613267], [33.7788673, 35.2613444], [33.7792046, 35.2613799], [33.7796957, 35.2614569], [33.7801986, 35.2615634], [33.7808376, 35.2617172], [33.7822103, 35.262084], [33.7840391, 35.2625537], [33.7847842, 35.2627408], [33.7860639, 35.2630587], [33.7863382, 35.2631177], [33.7864939, 35.2631434], [33.7869162, 35.2631985], [33.7880925, 35.2632669], [33.7890082, 35.263296], [33.7892174, 35.2633016], [33.7905634, 35.2633431], [33.7919355, 35.2633943], [33.7923869, 35.2634048], [33.7931061, 35.263431], [33.7939932, 35.2634888], [33.7946389, 35.2635675], [33.7953003, 35.2636778], [33.7961454, 35.2638457], [33.7966231, 35.263977], [33.7970432, 35.2641127], [33.7972111, 35.2641659], [33.7977187, 35.2643472], [33.797799, 35.2643759], [33.7982924, 35.2645806], [33.7989013, 35.2648484], [33.7997202, 35.2652262], [33.8004604, 35.2655622], [33.8011533, 35.2658614], [33.8019249, 35.2661711], [33.8025391, 35.2663916], [33.8031165, 35.2665858], [33.8040982, 35.2668745], [33.8047133, 35.2670554], [33.8057045, 35.2673469], [33.8066126, 35.2676094], [33.8078934, 35.2679769], [33.8087648, 35.2682341], [33.8095417, 35.268486], [33.8100824, 35.2686803], [33.8108278, 35.26899], [33.8113265, 35.2692262], [33.8123973, 35.2697879], [33.8139998, 35.2706418], [33.8146297, 35.2709775], [33.8151634, 35.271259], [33.8158616, 35.2716172], [33.8164063, 35.2718621], [33.8167682, 35.2719974], [33.8171483, 35.2721436], [33.8175687, 35.2722679], [33.8181426, 35.2724251], [33.818541, 35.2725201], [33.819188, 35.2726627], [33.8200653, 35.2728418], [33.8216664, 35.273189], [33.8222952, 35.2733426], [33.8225803, 35.273423], [33.8229349, 35.2735326], [33.8234283, 35.2737227], [33.8239328, 35.2739347], [33.8246583, 35.2742594], [33.8251847, 35.2744787], [33.8254552, 35.2745774], [33.8257001, 35.2746469], [33.8259596, 35.2747017], [33.8262521, 35.2747565], [33.8263904, 35.2747706], [33.8265574, 35.2747841], [33.826784, 35.2747938], [33.8276723, 35.2748632], [33.8286921, 35.27494], [33.8295162, 35.2750142], [33.8297781, 35.275023], [33.8298067, 35.2750254], [33.8301317, 35.2750685], [33.8304997, 35.2751421], [33.8310481, 35.2753148], [33.831538, 35.2755331], [33.8317588, 35.2756575], [33.8322868, 35.2760179], [33.8329798, 35.2765612], [33.8333505, 35.2767922], [33.8336602, 35.2769419], [33.8340892, 35.2770942], [33.834507, 35.2772075], [33.834755, 35.2772481], [33.8353138, 35.2773124], [33.8358483, 35.2773481], [33.8361579, 35.2774105], [33.8363738, 35.2774598], [33.8366139, 35.277555], [33.8367994, 35.2776324], [33.8375132, 35.2780064], [33.8378564, 35.2781367], [33.8380703, 35.2781987], [33.8383636, 35.2782611], [33.8389233, 35.2783148], [33.839231, 35.2783267], [33.839539, 35.2783386], [33.8398701, 35.2783783], [33.8401597, 35.278422], [33.8405997, 35.2785491], [33.8409637, 35.2786849], [33.8415846, 35.2789042], [33.8419397, 35.2790013], [33.8423316, 35.2790743], [33.8426006, 35.2791009], [33.8428335, 35.2791006], [33.8430491, 35.2790894], [33.8432452, 35.2790541], [33.8436682, 35.2789503], [33.8440323, 35.278876], [33.8442553, 35.2788604], [33.8443979, 35.278863], [33.8445211, 35.2788736], [33.8446543, 35.2788928], [33.8448141, 35.2789307], [33.8449813, 35.2789833], [33.8451634, 35.279061], [33.8454289, 35.279211], [33.8456778, 35.2793585], [33.8459951, 35.2795209], [33.846175, 35.2795832], [33.8463113, 35.2796151], [33.8465627, 35.2796554], [33.8468155, 35.279663], [33.8469854, 35.2796486], [33.8471598, 35.2796233], [33.8483369, 35.2793604], [33.8485473, 35.2792919], [33.8486497, 35.2792586], [33.8488854, 35.2791598], [33.8491584, 35.2789793], [33.8493233, 35.2788164], [33.8499057, 35.2781858], [33.8501449, 35.2779114], [33.8503891, 35.277643], [33.85076, 35.2772901]]}, "properties": {"feature_type": "road", "highway": "primary", "landuse": ""}}, {"type": "Feature", "geometry": {"type": "LineString", "coordinates": [[33.623815, 35.3231484], [33.6241683, 35.3233021], [33.6243554, 35.3233087], [33.6246996, 35.3232236], [33.6251594, 35.323234], [33.6255794, 35.3233812], [33.6257898, 35.3235448], [33.6260537, 35.3240241], [33.6262267, 35.3241738], [33.6263779, 35.3242037], [33.6266331, 35.324213], [33.6268494, 35.3242792], [33.627044, 35.3243467], [33.6272414, 35.324384], [33.6280962, 35.3243091], [33.6283295, 35.3243509], [33.6285931, 35.3245053], [33.6288783, 35.3246682], [33.6291473, 35.32477], [33.6295606, 35.3247467], [33.6299111, 35.3248086], [33.6303374, 35.3250221], [33.630614, 35.3250898], [33.6311957, 35.3250353], [33.6322543, 35.3252784], [33.6327581, 35.3253403], [33.632939, 35.3254097], [33.6331146, 35.3256813], [33.6332431, 35.3257571], [33.6338917, 35.3260829], [33.6340947, 35.3261265], [33.6345392, 35.3261483], [33.6352803, 35.3260846], [33.6357368, 35.3260963], [33.6362866, 35.3259588], [33.6368927, 35.3260069], [33.637912, 35.326217], [33.6384967, 35.3263745], [33.6394033, 35.3267597], [33.6399558, 35.3269085], [33.6403298, 35.3271093], [33.6408302, 35.327066], [33.6412165, 35.3269172], [33.6423644, 35.3269347], [33.6429906, 35.3271224], [33.6439684, 35.327228], [33.6443493, 35.3275387], [33.6449823, 35.3280727], [33.6460122, 35.328169], [33.6466452, 35.3279414], [33.6477181, 35.3279501], [33.6485916, 35.3283546], [33.649306, 35.3286854], [33.6507222, 35.3290793], [33.6514625, 35.3289655], [33.6523637, 35.3293769], [33.6539087, 35.3292368], [33.6547279, 35.3293851], [33.655239, 35.329727], [33.6557004, 35.329867], [33.6562261, 35.3297883], [33.6569154, 35.3299589], [33.6570949, 35.3300408]]}, "properties": {"feature_type": "road", "highway": "unclassified", "landuse": ""}}, {"type": "Feature", "geometry": {"type": "LineString", "coordinates": [[33.6772673, 35.3293165], [33.6772398, 35.3295075], [33.6772123, 35.3297852], [33.677291, 35.3298959], [33.6774051, 35.330095], [33.6775251, 35.3303309], [33.6775172, 35.3304834], [33.6775251, 35.3307354], [33.6775329, 35.3309713]]}, "properties": {"feature_type": "road", "highway": "residential", "landuse": ""}}, {"type": "Feature", "geometry": {"type": "LineString", "coordinates": [[33.6774214, 35.3291609], [33.6772673, 35.3293165]]}, "properties": {"feature_type": "road", "highway": "residential", "landuse": ""}}, {"type": "Feature", "geometry": {"type": "LineString", "coordinates": [[33.6776785, 35.3293714], [33.6776698, 35.3292856], [33.6775885, 35.3292227], [33.6774214, 35.3291609]]}, "properties": {"feature_type": "road", "highway": "residential", "landuse": ""}}, {"type": "Feature", "geometry": {"type": "LineString", "coordinates": [[33.6850639, 35.3297123], [33.6851164, 35.3297671], [33.6852778, 35.3302308], [33.6854035, 35.3304523], [33.6857145, 35.3308104], [33.6859964, 35.3310358], [33.6861624, 35.3310904], [33.6863518, 35.3310967], [33.6864042, 35.3310984], [33.6866262, 35.3311311], [33.6866589, 35.3312742], [33.6866696, 35.3314658], [33.6867612, 35.3315694], [33.6868823, 35.3316871], [33.6870307, 35.3317397], [33.6875033, 35.3318616], [33.6877863, 35.331919], [33.6879248, 35.3319312], [33.6881228, 35.331981], [33.6883071, 35.3320271], [33.6885184, 35.3319979], [33.6888564, 35.3319891], [33.6891865, 35.3320311], [33.6896779, 35.3321492]]}, "properties": {"feature_type": "road", "highway": "tertiary", "landuse": ""}}, {"type": "Feature", "geometry": {"type": "LineString", "coordinates": [[33.7101443, 35.3493124], [33.7101155, 35.3491208], [33.7098747, 35.348888], [33.7091131, 35.3487829], [33.7087066, 35.3485508], [33.7086659, 35.3481927], [33.7090662, 35.3476616], [33.7090222, 35.3475223], [33.7077064, 35.3473504], [33.7076658, 35.3472509], [33.7078447, 35.3469856], [33.7086064, 35.3464249], [33.7087797, 35.3461633], [33.7088041, 35.3458383], [33.7095847, 35.3457123], [33.7102921, 35.3456857], [33.710418, 35.3457075], [33.710963, 35.3459454], [33.7113085, 35.3459444], [33.7118615, 35.3459473], [33.7121112, 35.3459369], [33.7123006, 35.3458149], [33.712276, 35.3454271], [33.7120565, 35.3449562], [33.7118207, 35.3445251], [33.7117069, 35.3442731], [33.711521, 35.344172], [33.7106336, 35.3440078], [33.7105116, 35.3436695], [33.709975, 35.3434506], [33.7101582, 35.3433241], [33.7106092, 35.3432848], [33.7113247, 35.3433313], [33.711528, 35.3432981], [33.7117638, 35.3430726], [33.7120321, 35.3429665], [33.712089, 35.342668], [33.7122435, 35.3426481], [33.7124224, 35.3426747], [33.7129428, 35.3425021]]}, "properties": {"feature_type": "road", "highway": "unclassified", "landuse": ""}}, {"type": "Feature", "geometry": {"type": "LineString", "coordinates": [[33.6987379, 35.3434096], [33.6993314, 35.3437191], [33.699608, 35.3440343], [33.6998845, 35.3442399], [33.6999577, 35.3445848], [33.7000552, 35.3446644], [33.7006, 35.3446776], [33.7008277, 35.3446577], [33.7010553, 35.3446975], [33.7013887, 35.3448103], [33.7016245, 35.3448302], [33.7016326, 35.3450557], [33.7017383, 35.3454138], [33.7020554, 35.3457653], [33.7029011, 35.346203], [33.7038849, 35.3466408], [33.704137, 35.3468596], [33.7044297, 35.3473504], [33.7045067, 35.3474165], [33.7050395, 35.3478743], [33.7057144, 35.3482922], [33.7060654, 35.3483726], [33.7063527, 35.3485795], [33.7065356, 35.3489752], [33.7067044, 35.3492085], [33.7066494, 35.34997], [33.706747, 35.3500364], [33.7068558, 35.3495307], [33.7071186, 35.3492527], [33.706869, 35.3486437], [33.7069613, 35.3486614], [33.7070804, 35.3487896], [33.7074381, 35.3491278], [33.708239, 35.3491947], [33.7092368, 35.3493979], [33.7097392, 35.3494594], [33.7101443, 35.3493124]]}, "properties": {"feature_type": "road", "highway": "unclassified", "landuse": ""}}, {"type": "Feature", "geometry": {"type": "LineString", "coordinates": [[33.714, 35.3541893], [33.7140252, 35.3543227], [33.7140062, 35.3545371], [33.71393, 35.3548851], [33.7138042, 35.3553419], [33.7137473, 35.3554387], [33.713629, 35.3555283], [33.7133232, 35.3556184], [33.7130416, 35.355667], [33.7128856, 35.355706], [33.7127174, 35.3557738], [33.7126222, 35.355867], [33.7125307, 35.3560193], [33.712504, 35.3562399], [33.7124416, 35.3570092], [33.7123967, 35.3574486], [33.7122843, 35.357937], [33.7120687, 35.3587396], [33.7119924, 35.3590236], [33.7117126, 35.360065], [33.7115279, 35.360648], [33.7114433, 35.3608605], [33.7113405, 35.361159], [33.7112706, 35.361343], [33.7110976, 35.361642], [33.7108022, 35.362021], [33.7103116, 35.3626691], [33.7099429, 35.3631648], [33.7097166, 35.3635075], [33.70959, 35.3638348], [33.7095523, 35.3641622], [33.7095523, 35.3648762], [33.7095469, 35.366157], [33.7095369, 35.366469], [33.7095327, 35.3665982], [33.7095092, 35.3673302], [33.7095046, 35.36823], [33.7094742, 35.3696863], [33.7094846, 35.370192], [33.7095361, 35.3704738], [33.7097368, 35.3709117], [33.7098647, 35.3711548], [33.7099637, 35.371274]]}, "properties": {"feature_type": "road", "highway": "primary", "landuse": ""}}, {"type": "Feature", "geometry": {"type": "LineString", "coordinates": [[33.7144355, 35.3475629], [33.7144702, 35.3477469], [33.7145519, 35.3478694], [33.7146701, 35.3479571], [33.7147933, 35.3481013], [33.7149093, 35.3483083], [33.715036, 35.3486977], [33.7151132, 35.3491694], [33.7151152, 35.3494183], [33.7150562, 35.3496415], [33.7149672, 35.34987], [33.7149011, 35.3500959], [33.7149014, 35.3503051], [33.7149564, 35.350515], [33.7150291, 35.3507208], [33.7150489, 35.3509939], [33.7150296, 35.3512529], [33.7147766, 35.3524811], [33.7147195, 35.3526707], [33.7146319, 35.3528292], [33.7145176, 35.3529566], [33.7142069, 35.3531394], [33.7140489, 35.353258], [33.7139308, 35.3533854], [33.7138576, 35.3535707], [33.7138842, 35.353782], [33.7139871, 35.3541207], [33.714, 35.3541893]]}, "properties": {"feature_type": "road", "highway": "primary", "landuse": ""}}, {"type": "Feature", "geometry": {"type": "LineString", "coordinates": [[33.7418355, 35.3524415], [33.7422769, 35.3525151], [33.7425742, 35.3525497], [33.7429564, 35.3524689], [33.7432537, 35.3523996], [33.7436501, 35.3524573], [33.7439757, 35.3526305], [33.7441456, 35.3527922], [33.7445137, 35.352746], [33.7447685, 35.3528268], [33.7453064, 35.3528499], [33.7456462, 35.3528846], [33.7460709, 35.3529307], [33.7464531, 35.3528615], [33.7468495, 35.352746], [33.7472329, 35.3526942], [33.7477414, 35.3528153], [33.7481236, 35.3529192], [33.7482077, 35.3529623], [33.7483034, 35.3528293], [33.7482413, 35.3525674], [33.7482023, 35.3523072], [33.7482511, 35.3519493], [33.7482511, 35.3514874], [33.7482935, 35.3509794], [33.7483643, 35.350633], [33.748605, 35.3504598], [33.7490297, 35.3503097], [33.7495959, 35.3500557], [33.7502755, 35.3498709], [33.7506719, 35.3497208], [33.7513799, 35.3496428], [33.7519593, 35.3497303], [33.7529034, 35.3498703], [33.7539549, 35.3500104], [33.75462, 35.3500104], [33.7553067, 35.3502904], [33.7560577, 35.3505179], [33.7572164, 35.3508154], [33.7578535, 35.3508141], [33.7583644, 35.3508854], [33.7589515, 35.3510972]]}, "properties": {"feature_type": "road", "highway": "tertiary", "landuse": ""}}, {"type": "Feature", "geometry": {"type": "LineString", "coordinates": [[33.7999802, 35.3503066], [33.7999663, 35.3504529], [33.8000146, 35.3506235], [33.8001648, 35.3507636], [33.8005993, 35.3508642], [33.8009158, 35.3509868], [33.8011197, 35.3511879], [33.8012484, 35.3512973], [33.8018278, 35.3519318], [33.8021711, 35.3524481], [33.8023427, 35.3526449], [33.8024017, 35.3528199], [33.8023803, 35.3530037], [33.8021496, 35.3536469], [33.8018492, 35.3543075], [33.8013986, 35.3546269], [33.8011679, 35.3550294], [33.8010338, 35.3551475], [33.8010016, 35.3552088], [33.8011375, 35.3552801], [33.8012075, 35.35536], [33.8012589, 35.3554743], [33.801357, 35.3556], [33.8014457, 35.3557447], [33.8015111, 35.3558057], [33.8015765, 35.3558095], [33.8016652, 35.355798], [33.8017212, 35.3557676], [33.801852, 35.3555657], [33.8019314, 35.3555124], [33.8020154, 35.355501], [33.8021976, 35.3556152], [33.8023003, 35.3556114], [33.8023937, 35.3555733], [33.8025665, 35.3554248], [33.8029401, 35.355242], [33.8030989, 35.3552077], [33.8033697, 35.355242], [33.8035052, 35.3553219], [33.8036546, 35.3555162], [33.8037854, 35.3555809], [33.8042524, 35.3556114], [33.8044252, 35.3557028], [33.8045372, 35.3558894], [33.8045699, 35.3560685], [33.8043178, 35.3567883], [33.804257, 35.3572301], [33.8042452, 35.3572703], [33.8040936, 35.3577862], [33.8040422, 35.3580985], [33.8038181, 35.3584108], [33.803762, 35.3585593], [33.8038461, 35.3586774], [33.8039722, 35.3587536], [33.8042804, 35.3588335], [33.8043458, 35.3589097], [33.8042524, 35.3591268], [33.8039675, 35.3593439], [33.8038227, 35.3595496], [33.8035098, 35.3597514], [33.8033978, 35.3598847], [33.8030849, 35.3599799], [33.8028467, 35.3601703], [33.8024311, 35.3603912], [33.8023984, 35.3605207], [33.8024031, 35.3606236], [33.8024451, 35.3607035], [33.8025058, 35.3607492], [33.8027486, 35.3607835], [33.8029448, 35.3608368], [33.803197, 35.3609968], [33.8035752, 35.3613357], [33.8037293, 35.3613967], [33.8038694, 35.3613967], [33.8040653, 35.3613651], [33.8041672, 35.3613957], [33.8042853, 35.3615138], [33.8043121, 35.3616669], [33.804355, 35.3617194], [33.8044355, 35.3617413], [33.8045106, 35.3616976], [33.8046715, 35.3615094], [33.8048485, 35.3614132], [33.8050899, 35.3613607], [33.8054976, 35.361352], [33.8061145, 35.3614351], [33.8064578, 35.3616013], [33.8066939, 35.3617719], [33.8073108, 35.362065], [33.8075844, 35.36231], [33.8077078, 35.36238], [33.8082227, 35.3624413], [33.8086492, 35.3624019], [33.8091454, 35.3623975], [33.8095102, 35.362415], [33.8097355, 35.3624784]]}, "properties": {"feature_type": "road", "highway": "unclassified", "landuse": ""}}, {"type": "Feature", "geometry": {"type": "LineString", "coordinates": [[33.6221749, 35.3229513], [33.622167, 35.3230109], [33.6222124, 35.3233135], [33.6222578, 35.3234932], [33.622359, 35.3237254], [33.62244, 35.3239852], [33.6224608, 35.3241671], [33.622455, 35.3243633], [33.6223805, 35.3244942], [33.6222554, 35.3245845], [33.6220981, 35.3246166], [33.6217085, 35.3245451], [33.6215871, 35.3244909], [33.6214441, 35.3243317], [33.6213693, 35.3243016], [33.6212484, 35.3242985], [33.6210511, 35.3243551], [33.6208669, 35.3244314], [33.6205322, 35.3244713], [33.6204399, 35.3245073], [33.6203125, 35.3246124], [33.6202061, 35.3246482], [33.6201103, 35.3246263], [33.6200328, 35.3245666], [33.619948, 35.3244029], [33.6199343, 35.3243323], [33.6199651, 35.3240701], [33.6199735, 35.3238832], [33.6199204, 35.3236774], [33.6198687, 35.3236008], [33.6197864, 35.3235821], [33.6196963, 35.323613], [33.6196234, 35.3237005], [33.6192112, 35.3242813], [33.6189848, 35.324433], [33.6188459, 35.324471], [33.6186993, 35.3244594], [33.6185805, 35.3243917], [33.6183379, 35.324126], [33.6182776, 35.3240889], [33.6181979, 35.324092]]}, "properties": {"feature_type": "road", "highway": "tertiary", "landuse": ""}}, {"type": "Feature", "geometry": {"type": "LineString", "coordinates": [[33.6181979, 35.324092], [33.6181387, 35.3241408], [33.61807, 35.3243126], [33.6179251, 35.3245247], [33.6177892, 35.3246454], [33.6172475, 35.3249022], [33.6170962, 35.3249297], [33.6169847, 35.3249241], [33.6168837, 35.3249032]]}, "properties": {"feature_type": "road", "highway": "tertiary", "landuse": ""}}, {"type": "Feature", "geometry": {"type": "LineString", "coordinates": [[33.6806363, 35.3291983], [33.6808688, 35.3293401], [33.681343, 35.3297318], [33.6815909, 35.3298618], [33.6820886, 35.3299549], [33.6821389, 35.3299561], [33.6826159, 35.3299677], [33.6830625, 35.3299709], [33.6833281, 35.3299211], [33.6837944, 35.3297847], [33.6842842, 35.3296852], [33.6845715, 35.3296579], [33.6848076, 35.3296675], [33.6850639, 35.3297123]]}, "properties": {"feature_type": "road", "highway": "tertiary", "landuse": ""}}, {"type": "Feature", "geometry": {"type": "LineString", "coordinates": [[33.7518268, 35.3308301], [33.7517995, 35.3310279], [33.7517319, 35.3313672], [33.7516235, 35.3316994], [33.7515257, 35.331914], [33.7514528, 35.332001], [33.7512679, 35.3322853], [33.7511755, 35.3324866], [33.7511203, 35.3326551]]}, "properties": {"feature_type": "road", "highway": "tertiary", "landuse": ""}}, {"type": "Feature", "geometry": {"type": "LineString", "coordinates": [[33.7251666, 35.2633213], [33.7254796, 35.2631183], [33.7263028, 35.2626377], [33.7266048, 35.2624697], [33.7277504, 35.2618119], [33.7278493, 35.2617551], [33.7280666, 35.2614677], [33.7285129, 35.2608976], [33.7286725, 35.2607656], [33.728836, 35.2605756], [33.728986, 35.2602301], [33.7291407, 35.2599308]]}, "properties": {"feature_type": "road", "highway": "tertiary", "landuse": ""}}, {"type": "Feature", "geometry": {"type": "LineString", "coordinates": [[33.7552987, 35.2618562], [33.7553052, 35.2619712], [33.7552652, 35.2620567], [33.7550063, 35.2620919], [33.7544641, 35.2621473]]}, "properties": {"feature_type": "road", "highway": "service", "landuse": ""}}, {"type": "Feature", "geometry": {"type": "LineString", "coordinates": [[33.7180114, 35.2578727], [33.7179709, 35.2581218], [33.717818, 35.2584591], [33.7180486, 35.258481], [33.7179709, 35.2581218]]}, "properties": {"feature_type": "road", "highway": "service", "landuse": ""}}, {"type": "Feature", "geometry": {"type": "LineString", "coordinates": [[33.5713971, 35.3473094], [33.5725334, 35.3477859], [33.5739961, 35.3481932], [33.5754845, 35.3485361], [33.5798395, 35.349584], [33.5815827, 35.3498069], [33.582107, 35.3498586], [33.5826411, 35.3498873], [33.5834169, 35.3498687], [33.58449, 35.3498436], [33.5853466, 35.3499411], [33.5857065, 35.350015], [33.5859992, 35.3500797], [33.5874775, 35.3505521], [33.5876721, 35.3506143], [33.5882722, 35.3508266], [33.5889079, 35.3509924], [33.5893116, 35.3510832], [33.5896482, 35.3511619], [33.5904796, 35.3512877], [33.5909537, 35.3513336], [33.5913219, 35.3513686], [33.5933737, 35.3513533], [33.5969527, 35.3512161], [33.597621, 35.3512024], [33.5984807, 35.3512035], [33.5989246, 35.3512429], [33.6001866, 35.3514026], [33.6010247, 35.3515743], [33.601926, 35.3517745], [33.6038277, 35.3522032], [33.6064412, 35.3527899], [33.6067271, 35.3528541], [33.6112641, 35.3538647], [33.611885, 35.353996], [33.6124845, 35.3541119], [33.6131369, 35.3542], [33.6139812, 35.3542279], [33.617067, 35.3540944], [33.6180299, 35.3540015], [33.6186965, 35.3539085], [33.6190787, 35.3538232], [33.6208664, 35.3534316], [33.6227893, 35.3530182], [33.6239522, 35.3527463], [33.6246376, 35.3526503], [33.6253679, 35.3525681], [33.6263084, 35.3525764], [33.6271738, 35.3526721], [33.6298934, 35.3531149], [33.6330038, 35.3536213], [33.6332683, 35.3536661], [33.634227, 35.353786], [33.6351682, 35.3538226], [33.6359355, 35.3537635], [33.6397322, 35.3535174], [33.6403584, 35.3534731], [33.6419857, 35.353358], [33.6428679, 35.3533829], [33.6430563, 35.3534021], [33.6441765, 35.3535082], [33.650414, 35.3544365], [33.6508506, 35.3545238], [33.6510782, 35.3545707], [33.6513006, 35.3546386], [33.6517639, 35.3547798], [33.6522337, 35.3549579], [33.6526371, 35.3551352], [33.6530222, 35.3553162], [33.6546752, 35.3561616], [33.6548571, 35.3562546], [33.6564064, 35.3569896], [33.6570242, 35.3572827], [33.6576041, 35.357557], [33.6580018, 35.3577339], [33.6593726, 35.358239], [33.6612118, 35.3588535], [33.6616482, 35.3589993], [33.6628264, 35.3593526], [33.6629911, 35.359402], [33.6635545, 35.3595696], [33.6644897, 35.3598478], [33.664912, 35.3599894], [33.6663086, 35.3604615], [33.6683257, 35.3612063], [33.6698699, 35.3617765], [33.6703704, 35.36195], [33.6708537, 35.3621061], [33.6712032, 35.3622147], [33.6716182, 35.3623271], [33.6718644, 35.3623917], [33.672441, 35.3625089], [33.6728744, 35.3625769], [33.6732819, 35.3626303], [33.6737831, 35.3626686], [33.6741034, 35.3626961], [33.6756232, 35.3628307], [33.6765837, 35.3629067], [33.6773891, 35.3629864], [33.6777833, 35.3630421], [33.6780447, 35.3630808], [33.6783084, 35.3631353], [33.6786216, 35.3632066], [33.679113, 35.3633354], [33.6804097, 35.3637293], [33.6812083, 35.363939], [33.6823684, 35.3642555], [33.6841798, 35.3647511], [33.6866964, 35.3653317], [33.6881966, 35.3656878], [33.6888235, 35.3658571], [33.6892987, 35.3660129], [33.6900761, 35.3663115], [33.6908809, 35.3666512], [33.6927659, 35.3674063], [33.6947376, 35.3681962], [33.695633, 35.3686539], [33.6985781, 35.3702623], [33.6991362, 35.3704912], [33.699813, 35.3707], [33.7013474, 35.3710693], [33.7046412, 35.371795], [33.7069393, 35.3723196], [33.707695, 35.3724519], [33.7082922, 35.3725055], [33.7085642, 35.3725278], [33.7088618, 35.3725494], [33.7096231, 35.3726052], [33.7098972, 35.3725984], [33.7100498, 35.372584], [33.710184, 35.3725516], [33.7104524, 35.3724654]]}, "properties": {"feature_type": "road", "highway": "primary", "landuse": ""}}, {"type": "Feature", "geometry": {"type": "LineString", "coordinates": [[33.5994555, 35.350818], [33.597967, 35.3508206]]}, "properties": {"feature_type": "road", "highway": "residential", "landuse": ""}}, {"type": "Feature", "geometry": {"type": "LineString", "coordinates": [[33.6064976, 35.3504239], [33.6064805, 35.3506066], [33.6063778, 35.3510223], [33.6065583, 35.3512619], [33.6066291, 35.3514813], [33.6066574, 35.351692], [33.6066362, 35.3518248], [33.6063955, 35.352558]]}, "properties": {"feature_type": "road", "highway": "residential", "landuse": ""}}, {"type": "Feature", "geometry": {"type": "LineString", "coordinates": [[33.6064412, 35.3527899], [33.6063955, 35.352558], [33.6056806, 35.3523963], [33.6057266, 35.3521885], [33.6061708, 35.3505205]]}, "properties": {"feature_type": "road", "highway": "residential", "landuse": ""}}, {"type": "Feature", "geometry": {"type": "LineString", "coordinates": [[33.6134329, 35.3520901], [33.6131884, 35.3526556], [33.6130303, 35.3530214]]}, "properties": {"feature_type": "road", "highway": "residential", "landuse": ""}}, {"type": "Feature", "geometry": {"type": "LineString", "coordinates": [[33.6134329, 35.3520901], [33.614493, 35.3526881], [33.6145117, 35.3528176], [33.614437, 35.3531414], [33.6143342, 35.3531947], [33.6141614, 35.3531909], [33.6140073, 35.3531071], [33.6131884, 35.3526556]]}, "properties": {"feature_type": "road", "highway": "residential", "landuse": ""}}, {"type": "Feature", "geometry": {"type": "LineString", "coordinates": [[33.6242591, 35.3545458], [33.6255316, 35.3544431], [33.6259813, 35.3544067]]}, "properties": {"feature_type": "road", "highway": "residential", "landuse": ""}}, {"type": "Feature", "geometry": {"type": "LineString", "coordinates": [[33.6255316, 35.3544431], [33.6254274, 35.3542742], [33.6252764, 35.3541837], [33.625187, 35.354038], [33.6250761, 35.353063], [33.6237975, 35.3531384], [33.6237697, 35.3531987], [33.6238923, 35.3541937]]}, "properties": {"feature_type": "road", "highway": "residential", "landuse": ""}}, {"type": "Feature", "geometry": {"type": "LineString", "coordinates": [[33.6255108, 35.3560887], [33.6253644, 35.3550873]]}, "properties": {"feature_type": "road", "highway": "residential", "landuse": ""}}, {"type": "Feature", "geometry": {"type": "LineString", "coordinates": [[33.6388351, 35.3555718], [33.6386042, 35.3557921]]}, "properties": {"feature_type": "road", "highway": "residential", "landuse": ""}}, {"type": "Feature", "geometry": {"type": "LineString", "coordinates": [[33.6385969, 35.3554652], [33.6384128, 35.3555892]]}, "properties": {"feature_type": "road", "highway": "residential", "landuse": ""}}, {"type": "Feature", "geometry": {"type": "LineString", "coordinates": [[33.6363346, 35.3547625], [33.63644, 35.3544595]]}, "properties": {"feature_type": "road", "highway": "residential", "landuse": ""}}, {"type": "Feature", "geometry": {"type": "LineString", "coordinates": [[33.6368221, 35.3545399], [33.636827, 35.3549583]]}, "properties": {"feature_type": "road", "highway": "residential", "landuse": ""}}, {"type": "Feature", "geometry": {"type": "LineString", "coordinates": [[33.6432207, 35.3556412], [33.643258, 35.3554508], [33.6431833, 35.3551384], [33.6430526, 35.3549937], [33.6427943, 35.3549208]]}, "properties": {"feature_type": "road", "highway": "residential", "landuse": ""}}, {"type": "Feature", "geometry": {"type": "LineString", "coordinates": [[33.6695089, 35.3528593], [33.6693388, 35.3532728], [33.6691983, 35.3538254]]}, "properties": {"feature_type": "road", "highway": "residential", "landuse": ""}}, {"type": "Feature", "geometry": {"type": "LineString", "coordinates": [[33.6663086, 35.3604615], [33.6664557, 35.36019], [33.6664979, 35.3600573], [33.6665308, 35.3599537], [33.666571, 35.3597547], [33.6666327, 35.35949], [33.6666649, 35.3593041], [33.6666649, 35.3590372], [33.6666837, 35.3589278], [33.6667427, 35.3587878], [33.6668232, 35.3586303], [33.6668285, 35.3584335], [33.6668339, 35.3582322], [33.6669385, 35.3578691], [33.6670967, 35.3574753], [33.6672201, 35.3570488], [33.6672791, 35.3568519], [33.6673489, 35.3567382], [33.6675259, 35.35655], [33.6676412, 35.3564089], [33.667774, 35.3562022], [33.6678639, 35.3560939], [33.6680476, 35.3559069], [33.6681415, 35.3557746], [33.6682407, 35.3555864], [33.668403, 35.3552342], [33.6685934, 35.3549225], [33.6687141, 35.3547409], [33.6687879, 35.3546217], [33.6689595, 35.3542914], [33.6690896, 35.3539982], [33.6691983, 35.3538254]]}, "properties": {"feature_type": "road", "highway": "residential", "landuse": ""}}, {"type": "Feature", "geometry": {"type": "LineString", "coordinates": [[33.6658554, 35.3614751], [33.6659466, 35.3616369], [33.6659761, 35.3617813], [33.6659527, 35.3619758]]}, "properties": {"feature_type": "road", "highway": "service", "landuse": ""}}, {"type": "Feature", "geometry": {"type": "LineString", "coordinates": [[33.6652215, 35.361801], [33.6650814, 35.3617134], [33.6649437, 35.3616163], [33.6649016, 35.3615363], [33.6648994, 35.3614273]]}, "properties": {"feature_type": "road", "highway": "service", "landuse": ""}}, {"type": "Feature", "geometry": {"type": "LineString", "coordinates": [[33.667827, 35.3620901], [33.6674806, 35.3619713]]}, "properties": {"feature_type": "road", "highway": "residential", "landuse": ""}}, {"type": "Feature", "geometry": {"type": "LineString", "coordinates": [[33.6801846, 35.3666049], [33.6802828, 35.3664025]]}, "properties": {"feature_type": "road", "highway": "service", "landuse": ""}}, {"type": "Feature", "geometry": {"type": "LineString", "coordinates": [[33.6799556, 35.3652415], [33.6799485, 35.3651463], [33.6795944, 35.3648684]]}, "properties": {"feature_type": "road", "highway": "service", "landuse": ""}}, {"type": "Feature", "geometry": {"type": "LineString", "coordinates": [[33.6935332, 35.3715343], [33.6923225, 35.3711157], [33.6923024, 35.371104], [33.692006, 35.370932], [33.6901446, 35.3703808]]}, "properties": {"feature_type": "road", "highway": "residential", "landuse": ""}}, {"type": "Feature", "geometry": {"type": "LineString", "coordinates": [[33.6901446, 35.3703808], [33.6903109, 35.3697334], [33.6905255, 35.3694403], [33.6916413, 35.3698122], [33.6919095, 35.3701752], [33.6924137, 35.3705864], [33.6924506, 35.3707982], [33.6923024, 35.371104]]}, "properties": {"feature_type": "road", "highway": "residential", "landuse": ""}}, {"type": "Feature", "geometry": {"type": "LineString", "coordinates": [[33.6913106, 35.3709665], [33.6911292, 35.3712994], [33.6907361, 35.3720207]]}, "properties": {"feature_type": "road", "highway": "residential", "landuse": ""}}, {"type": "Feature", "geometry": {"type": "LineString", "coordinates": [[33.6911292, 35.3712994], [33.691663, 35.3715202], [33.692533, 35.3723124], [33.6928908, 35.3726141]]}, "properties": {"feature_type": "road", "highway": "residential", "landuse": ""}}, {"type": "Feature", "geometry": {"type": "LineString", "coordinates": [[33.6935332, 35.3715343], [33.6932079, 35.3722727], [33.6928908, 35.3726141], [33.6926794, 35.3730417], [33.6922159, 35.3735953], [33.6919314, 35.3742749], [33.6919476, 35.3744208], [33.6921672, 35.3745965], [33.6923948, 35.3746528], [33.6926875, 35.3746793], [33.6934153, 35.3745534]]}, "properties": {"feature_type": "road", "highway": "residential", "landuse": ""}}, {"type": "Feature", "geometry": {"type": "LineString", "coordinates": [[33.6977345, 35.3626135], [33.6975778, 35.362611], [33.6972729, 35.3626872]]}, "properties": {"feature_type": "road", "highway": "service", "landuse": ""}}, {"type": "Feature", "geometry": {"type": "LineString", "coordinates": [[33.6975778, 35.362611], [33.6976022, 35.3625314], [33.6976876, 35.3623026], [33.6977892, 35.3621336], [33.6982364, 35.3617324], [33.6983909, 35.3615235], [33.6982934, 35.3614672], [33.6982364, 35.3612948], [33.698643, 35.3608969]]}, "properties": {"feature_type": "road", "highway": "service", "landuse": ""}}, {"type": "Feature", "geometry": {"type": "LineString", "coordinates": [[33.7374721, 35.3918621], [33.7366257, 35.3914437]]}, "properties": {"feature_type": "road", "highway": "residential", "landuse": ""}}, {"type": "Feature", "geometry": {"type": "LineString", "coordinates": [[33.7527002, 35.3699576], [33.7530437, 35.3702555], [33.7530884, 35.3702942], [33.7532548, 35.3703746], [33.7535444, 35.3704299], [33.7535382, 35.3705706], [33.7534273, 35.3706761], [33.7532178, 35.3706761], [33.7529713, 35.3706309], [33.7527556, 35.3706912], [33.7526657, 35.3707423]]}, "properties": {"feature_type": "road", "highway": "residential", "landuse": ""}}, {"type": "Feature", "geometry": {"type": "LineString", "coordinates": [[33.7530437, 35.3702555], [33.7526262, 35.3703947], [33.7524106, 35.3702792], [33.7522935, 35.3703043], [33.7520801, 35.3704601]]}, "properties": {"feature_type": "road", "highway": "residential", "landuse": ""}}, {"type": "Feature", "geometry": {"type": "Polygon", "coordinates": [[[33.6023276, 35.3551646], [33.6038511, 35.3522683], [33.6062544, 35.3527889], [33.6043125, 35.3549371], [33.6023276, 35.3551646]]]}, "properties": {"feature_type": "urban", "highway": "", "landuse": "residential"}}, {"type": "Feature", "geometry": {"type": "LineString", "coordinates": [[33.7130466, 35.3437507], [33.7130997, 35.3442845], [33.7131526, 35.344525], [33.7132528, 35.3447248], [33.7134225, 35.3448768], [33.7137192, 35.345101], [33.7138706, 35.3452134], [33.7139617, 35.3453564], [33.7139776, 35.3454173], [33.7140369, 35.3456444], [33.7140156, 35.345918], [33.714034, 35.34625], [33.71405, 35.3462958], [33.7141148, 35.3464819], [33.7142901, 35.3467474], [33.7143803, 35.346898], [33.7144261, 35.3470425], [33.7144768, 35.3471868], [33.7144737, 35.3473562], [33.7144355, 35.3475629]]}, "properties": {"feature_type": "road", "highway": "primary", "landuse": ""}}, {"type": "Feature", "geometry": {"type": "LineString", "coordinates": [[33.7129428, 35.3425021], [33.7130347, 35.3426295], [33.7131099, 35.3428768], [33.7131182, 35.3431129], [33.7130466, 35.3437507]]}, "properties": {"feature_type": "road", "highway": "primary", "landuse": ""}}, {"type": "Feature", "geometry": {"type": "LineString", "coordinates": [[33.7148025, 35.3423153], [33.7147811, 35.3424886], [33.7147032, 35.342593], [33.7145863, 35.3426724], [33.7142858, 35.34282], [33.7141328, 35.342938], [33.7140299, 35.3430946], [33.7139464, 35.3432171], [33.7138184, 35.3432784], [33.7136654, 35.3433215], [33.7136125, 35.3433851], [33.7135179, 35.3435212], [33.713351, 35.3436052], [33.7130466, 35.3437507]]}, "properties": {"feature_type": "road", "highway": "unclassified", "landuse": ""}}, {"type": "Feature", "geometry": {"type": "LineString", "coordinates": [[33.7242884, 35.346835], [33.7241999, 35.3470477]]}, "properties": {"feature_type": "road", "highway": "unclassified", "landuse": ""}}, {"type": "Feature", "geometry": {"type": "LineString", "coordinates": [[33.7256755, 35.34651], [33.7254363, 35.3465677], [33.7252376, 35.3466593], [33.7249569, 35.346818], [33.7248263, 35.3469705], [33.7245029, 35.3472568], [33.7242347, 35.3473181], [33.7240146, 35.3472716]]}, "properties": {"feature_type": "road", "highway": "tertiary", "landuse": ""}}, {"type": "Feature", "geometry": {"type": "LineString", "coordinates": [[33.6297951, 35.3561477], [33.629601, 35.3561409], [33.6294964, 35.3561212], [33.6293945, 35.3560643], [33.6292121, 35.3558893], [33.6291155, 35.3557843], [33.6290243, 35.3556574], [33.6289626, 35.3555371], [33.6289117, 35.355454], [33.6288232, 35.3554081], [33.6286166, 35.3553315]]}, "properties": {"feature_type": "road", "highway": "residential", "landuse": ""}}, {"type": "Feature", "geometry": {"type": "LineString", "coordinates": [[33.6298074, 35.3555832], [33.6296225, 35.3552265], [33.6295554, 35.3550931], [33.6295018, 35.3550471], [33.6294106, 35.3549968], [33.6290458, 35.3548918], [33.6289814, 35.354883], [33.6287561, 35.3548721]]}, "properties": {"feature_type": "road", "highway": "residential", "landuse": ""}}, {"type": "Feature", "geometry": {"type": "LineString", "coordinates": [[33.6383684, 35.3570515], [33.6385837, 35.3570334], [33.6388627, 35.3569896], [33.6392945, 35.3568868], [33.6395735, 35.3568125], [33.6397156, 35.3567534], [33.6398081, 35.3566883], [33.6398631, 35.356609], [33.6398873, 35.3565133], [33.6398873, 35.3564253], [33.639878, 35.3563463]]}, "properties": {"feature_type": "road", "highway": "unclassified", "landuse": ""}}, {"type": "Feature", "geometry": {"type": "LineString", "coordinates": [[33.7470115, 35.2618789], [33.7470735, 35.2619228]]}, "properties": {"feature_type": "road", "highway": "trunk", "landuse": ""}}, {"type": "Feature", "geometry": {"type": "LineString", "coordinates": [[33.7470343, 35.2615424], [33.7470093, 35.2615635]]}, "properties": {"feature_type": "road", "highway": "trunk", "landuse": ""}}, {"type": "Feature", "geometry": {"type": "LineString", "coordinates": [[33.7473901, 35.2615152], [33.7473326, 35.2614926], [33.7472704, 35.2614807], [33.7472066, 35.2614799], [33.747144, 35.2614903], [33.7470857, 35.2615115], [33.7470343, 35.2615424]]}, "properties": {"feature_type": "road", "highway": "trunk", "landuse": ""}}, {"type": "Feature", "geometry": {"type": "LineString", "coordinates": [[33.7474284, 35.2615383], [33.7473901, 35.2615152]]}, "properties": {"feature_type": "road", "highway": "trunk", "landuse": ""}}, {"type": "Feature", "geometry": {"type": "LineString", "coordinates": [[33.7474418, 35.2618919], [33.747491, 35.2618396], [33.747521, 35.2617783], [33.7475295, 35.2617127], [33.747516, 35.2616477], [33.7474815, 35.2615881], [33.7474284, 35.2615383]]}, "properties": {"feature_type": "road", "highway": "trunk", "landuse": ""}}, {"type": "Feature", "geometry": {"type": "LineString", "coordinates": [[33.7474147, 35.2619112], [33.7474418, 35.2618919]]}, "properties": {"feature_type": "road", "highway": "trunk", "landuse": ""}}, {"type": "Feature", "geometry": {"type": "LineString", "coordinates": [[33.7470735, 35.2619228], [33.7471389, 35.2619486], [33.74721, 35.2619607], [33.7472825, 35.2619582], [33.7473522, 35.2619414], [33.7474147, 35.2619112]]}, "properties": {"feature_type": "road", "highway": "trunk", "landuse": ""}}, {"type": "Feature", "geometry": {"type": "Polygon", "coordinates": [[[33.5722661, 35.3472306], [33.5733231, 35.3475466], [33.5734887, 35.3473741], [33.5736076, 35.3469204], [33.5744067, 35.3470367], [33.5754397, 35.3469124], [33.5757647, 35.3480762], [33.5765362, 35.3482632], [33.5764503, 35.3477732], [33.5802483, 35.3486133], [33.581365, 35.3484248], [33.5814929, 35.3484032], [33.5833812, 35.3482982], [33.5842395, 35.3470731], [33.5823083, 35.346338], [33.5799694, 35.3450253], [33.5810637, 35.3438351], [33.5835528, 35.3442902], [33.5841107, 35.3434851], [33.5869431, 35.3439927], [33.5881018, 35.3438176], [33.588002, 35.3434221], [33.5873373, 35.3431816], [33.5875117, 35.3425661], [33.5872221, 35.3421198], [33.5857844, 35.3419448], [33.5859868, 35.340682], [33.5868862, 35.3396166], [33.5882024, 35.3396448], [33.5881309, 35.3390361], [33.5887327, 35.3389847], [33.5891533, 35.338549], [33.5889816, 35.3360809], [33.5861492, 35.334453], [33.5860419, 35.3334027], [33.5847759, 35.3322998], [33.5829091, 35.3320898], [33.5810637, 35.3350131], [33.5790252, 35.3364835], [33.5789496, 35.3398789], [33.57733, 35.3401008], [33.5748948, 35.3420388], [33.5768798, 35.3438717], [33.5740041, 35.3439751], [33.5738856, 35.3449007], [33.5742086, 35.3456473], [33.5729137, 35.3463658], [33.5723621, 35.3464141], [33.5722661, 35.3472306]]]}, "properties": {"feature_type": "urban", "highway": "", "landuse": "residential"}}]}