x,y,id,ig_date,last_date
1699199.4,4446180.5,6,2011-08-19 00:00:00,2011-08-20 00:00:00
1713098.8,4444790.5,8,2008-08-16 00:00:00,2008-08-21 00:00:00
1729314.6,4447107.5,14,2005-08-09 00:00:00,2005-08-09 00:00:00
1730704.6,4445717.5,18,2005-08-09 00:00:00,2005-08-09 00:00:00
1728851.4,4447107.5,26,2005-08-02 00:00:00,2005-08-02 00:00:00
1719585.1,4443864.0,34,2007-08-16 00:00:00,2007-08-19 00:00:00
1703832.5,4442011.0,35,2007-07-15 00:00:00,2007-07-19 00:00:00
1727461.4,4435061.0,36,2017-08-04 00:00:00,2017-08-17 00:00:00
1708928.9,4446180.5,37,2011-08-19 00:00:00,2011-08-20 00:00:00
1714025.4,4444790.5,38,2003-07-17 00:00:00,2003-07-20 00:00:00
1720975.0,4446180.5,39,2005-08-16 00:00:00,2005-08-21 00:00:00
1731631.2,4444790.5,40,2011-07-19 00:00:00,2011-07-25 00:00:00
1822903.9,4446644.0,41,2008-10-15 00:00:00,2008-10-15 00:00:00
1712172.1,4446180.5,43,2008-08-28 00:00:00,2008-08-28 00:00:00
1714488.6,4446180.5,44,2024-07-27 00:00:00,2024-07-27 00:00:00
1723291.6,4446180.5,45,2007-09-10 00:00:00,2007-09-10 00:00:00
1723754.9,4446180.5,46,2001-08-21 00:00:00,2001-08-21 00:00:00
1729314.6,4446180.5,47,2001-08-09 00:00:00,2001-08-10 00:00:00
1731167.9,4446180.5,48,2005-08-03 00:00:00,2005-08-03 00:00:00
1707075.6,4444327.5,50,2011-07-18 00:00:00,2011-07-25 00:00:00
1849312.6,4445254.0,51,2008-10-05 00:00:00,2008-10-08 00:00:00
1702442.5,4444327.5,53,2011-07-18 00:00:00,2011-07-27 00:00:00
1706612.4,4444790.5,54,2011-07-31 00:00:00,2011-08-04 00:00:00
1709855.5,4444327.5,55,2007-08-23 00:00:00,2007-08-27 00:00:00
1714025.4,4444790.5,56,2005-08-12 00:00:00,2005-08-18 00:00:00
1708465.6,4444790.5,57,2003-07-04 00:00:00,2003-07-05 00:00:00
1723291.6,4444327.5,58,2005-07-30 00:00:00,2005-08-01 00:00:00
1732094.5,4442011.0,59,2005-07-28 00:00:00,2005-08-04 00:00:00
1843752.9,4445254.0,60,2011-09-29 00:00:00,2011-09-29 00:00:00
1997109.4,4445254.0,61,2017-09-22 00:00:00,2017-09-26 00:00:00
1721438.4,4442937.5,62,2022-07-26 00:00:00,2022-08-01 00:00:00
2148149.5,4444790.5,63,2004-11-06 00:00:00,2004-11-06 00:00:00
1711245.5,4442937.5,66,2012-08-05 00:00:00,2012-08-08 00:00:00
1717731.9,4442474.0,67,2003-07-13 00:00:00,2003-07-22 00:00:00
1719121.8,4442474.0,68,2011-08-06 00:00:00,2011-08-13 00:00:00
1716341.9,4443401.0,69,2018-09-23 00:00:00,2018-09-25 00:00:00
1718195.1,4442011.0,70,2019-08-28 00:00:00,2019-09-05 00:00:00
1719121.8,4443864.0,71,2009-08-21 00:00:00,2009-08-29 00:00:00
1845606.1,4443864.0,72,2014-09-23 00:00:00,2014-09-26 00:00:00
1704759.1,4442474.0,73,2007-07-06 00:00:00,2007-07-06 00:00:00
1704759.1,4442937.5,74,2005-07-07 00:00:00,2005-07-12 00:00:00
1718658.5,4443864.0,75,2007-08-24 00:00:00,2007-09-07 00:00:00
1719121.8,4443864.0,76,2007-09-07 00:00:00,2007-09-07 00:00:00
1721438.4,4443864.0,77,2017-08-19 00:00:00,2017-08-19 00:00:00
1726998.1,4442937.5,78,2011-08-25 00:00:00,2011-08-27 00:00:00
1704759.1,4443401.0,80,2009-08-05 00:00:00,2009-08-06 00:00:00
1705685.8,4442474.0,81,2011-07-22 00:00:00,2011-07-23 00:00:00
1704759.1,4442937.5,82,2012-08-20 00:00:00,2012-08-20 00:00:00
1705222.4,4442937.5,83,2009-08-22 00:00:00,2009-08-22 00:00:00
1713098.8,4443401.0,84,2012-08-13 00:00:00,2012-08-13 00:00:00
1716805.2,4442011.0,85,2011-08-26 00:00:00,2011-08-31 00:00:00
1716341.9,4442011.0,86,2013-08-13 00:00:00,2013-08-16 00:00:00
1718195.1,4443401.0,87,2001-08-08 00:00:00,2001-08-12 00:00:00
1718658.5,4442937.5,88,2005-08-27 00:00:00,2005-08-31 00:00:00
1722828.2,4442474.0,89,2007-07-13 00:00:00,2007-07-17 00:00:00
1729778.0,4443401.0,90,2011-08-12 00:00:00,2011-08-14 00:00:00
1731631.2,4443401.0,91,2011-08-05 00:00:00,2011-08-05 00:00:00
1732094.5,4443401.0,92,2011-07-19 00:00:00,2011-07-21 00:00:00
1732557.9,4443401.0,93,2005-08-10 00:00:00,2005-08-10 00:00:00
1732557.9,4442937.5,94,2008-07-18 00:00:00,2008-07-18 00:00:00
1705685.8,4442474.0,96,2008-06-28 00:00:00,2008-07-01 00:00:00
1717268.5,4442937.5,97,2013-08-22 00:00:00,2013-08-22 00:00:00
1717268.5,4442011.0,98,2008-08-27 00:00:00,2008-08-31 00:00:00
1715878.6,4442474.0,99,2017-08-27 00:00:00,2017-08-27 00:00:00
1716805.2,4442937.5,100,2005-08-31 00:00:00,2005-08-31 00:00:00
1722828.2,4442937.5,101,2004-07-29 00:00:00,2004-07-30 00:00:00
1723754.9,4441547.5,102,2004-07-06 00:00:00,2004-07-13 00:00:00
1724218.2,4442474.0,103,2013-07-14 00:00:00,2013-07-25 00:00:00
1700589.2,4442011.0,107,2003-07-27 00:00:00,2003-07-29 00:00:00
1705685.8,4442474.0,108,2016-08-27 00:00:00,2016-08-27 00:00:00
1705685.8,4441547.5,109,2006-08-04 00:00:00,2006-08-09 00:00:00
1722828.2,4442474.0,110,2004-07-23 00:00:00,2004-07-23 00:00:00
1845142.9,4441547.5,111,2001-10-21 00:00:00,2001-10-29 00:00:00
1914639.8,4442011.0,112,2007-09-25 00:00:00,2007-10-03 00:00:00
1913713.1,4442474.0,113,2001-09-11 00:00:00,2001-09-11 00:00:00
1914639.8,4440621.0,114,2001-08-30 00:00:00,2001-09-07 00:00:00
1704295.8,4441084.0,117,2013-08-31 00:00:00,2013-09-02 00:00:00
1714488.6,4441547.5,118,2008-08-14 00:00:00,2008-08-14 00:00:00
1714952.0,4442011.0,119,2019-09-12 00:00:00,2019-09-12 00:00:00
1715415.2,4442011.0,120,2019-09-05 00:00:00,2019-09-05 00:00:00
1715878.6,4442011.0,121,2011-09-09 00:00:00,2011-09-09 00:00:00
1719585.1,4442011.0,122,2007-09-04 00:00:00,2007-09-04 00:00:00
1722365.0,4442011.0,123,2011-08-19 00:00:00,2011-08-19 00:00:00
1841899.6,4442011.0,124,2001-10-28 00:00:00,2001-10-28 00:00:00
1912786.5,4441084.0,125,2008-10-10 00:00:00,2008-10-12 00:00:00
1932245.6,4441084.0,126,2007-09-30 00:00:00,2007-10-01 00:00:00
1705222.4,4440621.0,127,2012-08-28 00:00:00,2012-09-01 00:00:00
1716805.2,4440621.0,128,2019-08-26 00:00:00,2019-08-27 00:00:00
1717268.5,4441547.5,129,2005-08-20 00:00:00,2005-08-20 00:00:00
1729314.6,4434598.0,130,2007-07-17 00:00:00,2007-07-28 00:00:00
2162049.0,4441547.5,131,2009-09-15 00:00:00,2009-09-15 00:00:00
1704759.1,4441084.0,132,2022-09-14 00:00:00,2022-09-14 00:00:00
1706612.4,4440621.0,133,2011-08-10 00:00:00,2011-08-12 00:00:00
1713098.8,4441084.0,134,2005-08-09 00:00:00,2005-08-09 00:00:00
1720511.8,4441084.0,135,2017-08-19 00:00:00,2017-08-19 00:00:00
1723754.9,4441084.0,136,2005-08-29 00:00:00,2005-09-06 00:00:00
1713562.0,4440621.0,138,2008-08-21 00:00:00,2008-08-25 00:00:00
1914176.5,4440621.0,139,2001-09-11 00:00:00,2001-09-11 00:00:00
1917419.6,4440157.5,140,2001-09-24 00:00:00,2001-09-25 00:00:00
1705685.8,4440157.5,142,2005-08-01 00:00:00,2005-08-03 00:00:00
1706149.0,4440157.5,143,2011-07-31 00:00:00,2011-07-31 00:00:00
1716341.9,4438304.5,144,2011-08-20 00:00:00,2011-08-23 00:00:00
1706149.0,4439231.0,145,2011-09-04 00:00:00,2011-09-08 00:00:00
1713562.0,4439694.5,146,2005-07-31 00:00:00,2005-07-31 00:00:00
1726071.5,4435524.5,147,2003-08-11 00:00:00,2003-08-18 00:00:00
1729778.0,4439231.0,150,2009-08-30 00:00:00,2009-08-31 00:00:00
1731631.2,4439231.0,151,2019-10-12 00:00:00,2019-10-12 00:00:00
1708465.6,4436914.5,153,2018-10-05 00:00:00,2018-10-09 00:00:00
1710782.1,4438767.5,154,2005-08-26 00:00:00,2005-09-03 00:00:00
1711708.8,4438304.5,155,2005-08-12 00:00:00,2005-08-14 00:00:00
1712172.1,4438767.5,156,2020-09-01 00:00:00,2020-09-01 00:00:00
1716805.2,4436451.0,157,2011-07-31 00:00:00,2011-08-07 00:00:00
1725608.1,4438767.5,158,2003-08-08 00:00:00,2003-08-11 00:00:00
1731167.9,4438767.5,159,2003-06-01 00:00:00,2003-06-01 00:00:00
1838193.1,4435061.0,160,2011-10-31 00:00:00,2011-11-13 00:00:00
1704759.1,4438304.5,162,2012-08-06 00:00:00,2012-08-06 00:00:00
1710782.1,4437841.0,163,2017-08-23 00:00:00,2017-08-26 00:00:00
1710782.1,4438304.5,164,2005-08-14 00:00:00,2005-08-14 00:00:00
1722828.2,4434134.5,165,2008-08-03 00:00:00,2008-08-11 00:00:00
1718195.1,4437841.0,166,2013-09-01 00:00:00,2013-09-01 00:00:00
1838656.5,4438304.5,167,2011-11-12 00:00:00,2011-11-12 00:00:00
1842363.0,4435524.5,168,2001-10-22 00:00:00,2001-11-02 00:00:00
1708465.6,4436914.5,172,2011-09-23 00:00:00,2011-09-26 00:00:00
1733484.5,4437377.5,173,2008-08-22 00:00:00,2008-08-22 00:00:00
1842826.2,4437841.0,174,2005-11-02 00:00:00,2005-11-02 00:00:00
1704295.8,4437377.5,176,2007-07-12 00:00:00,2007-07-13 00:00:00
1865528.6,4434134.5,177,2004-09-28 00:00:00,2004-10-05 00:00:00
1717731.9,4434134.5,178,2007-07-22 00:00:00,2007-07-27 00:00:00
1720511.8,4436451.0,179,2005-08-26 00:00:00,2005-08-26 00:00:00
1721438.4,4435988.0,180,2011-09-01 00:00:00,2011-09-03 00:00:00
1729314.6,4436451.0,181,2003-07-19 00:00:00,2003-07-21 00:00:00
1732557.9,4428111.5,182,2010-08-08 00:00:00,2010-08-20 00:00:00
1836339.9,4436914.5,183,2011-11-16 00:00:00,2011-11-16 00:00:00
1720975.0,4434134.5,185,2001-08-09 00:00:00,2001-08-19 00:00:00
1718658.5,4436451.0,186,2005-09-06 00:00:00,2005-09-06 00:00:00
1718658.5,4434598.0,187,2010-08-20 00:00:00,2010-08-24 00:00:00
1728388.0,4436451.0,188,2007-08-03 00:00:00,2007-08-03 00:00:00
1715878.6,4434598.0,189,2013-09-08 00:00:00,2013-09-13 00:00:00
1733947.8,4436451.0,190,2005-07-17 00:00:00,2005-07-23 00:00:00
1716341.9,4434598.0,192,2010-09-01 00:00:00,2010-09-05 00:00:00
1715415.2,4434598.0,193,2006-08-07 00:00:00,2006-08-07 00:00:00
1715415.2,4435524.5,194,2011-09-22 00:00:00,2011-09-26 00:00:00
1716341.9,4435988.0,195,2013-08-23 00:00:00,2013-08-25 00:00:00
1717731.9,4435061.0,196,2023-09-09 00:00:00,2023-09-10 00:00:00
1726534.8,4435524.5,197,2011-09-26 00:00:00,2011-09-26 00:00:00
1733021.1,4435524.5,200,2004-09-27 00:00:00,2004-09-27 00:00:00
1733021.1,4434134.5,201,2004-09-11 00:00:00,2004-09-17 00:00:00
1865065.2,4435524.5,202,2004-09-11 00:00:00,2004-09-11 00:00:00
1716805.2,4432744.5,208,2001-09-06 00:00:00,2001-09-13 00:00:00
1724681.5,4428111.5,209,2007-07-10 00:00:00,2007-07-23 00:00:00
1726534.8,4435061.0,210,2017-08-19 00:00:00,2017-08-19 00:00:00
1911396.6,4434598.0,214,2016-07-14 00:00:00,2016-07-21 00:00:00
2141199.8,4434134.5,215,2015-08-02 00:00:00,2015-08-02 00:00:00
1724681.5,4430891.5,219,2010-08-18 00:00:00,2010-08-24 00:00:00
1719121.8,4433671.0,220,2008-08-01 00:00:00,2008-08-01 00:00:00
1723754.9,4431354.5,221,2012-08-25 00:00:00,2012-08-29 00:00:00
1725144.9,4434134.5,222,2001-08-12 00:00:00,2001-08-12 00:00:00
1737191.0,4434134.5,223,2005-08-09 00:00:00,2005-08-11 00:00:00
1842363.0,4434134.5,224,2011-11-13 00:00:00,2011-11-13 00:00:00
1895180.6,4434134.5,225,2010-08-27 00:00:00,2010-08-27 00:00:00
1714025.4,4433671.0,227,2018-10-04 00:00:00,2018-10-08 00:00:00
1718195.1,4431354.5,228,2009-08-17 00:00:00,2009-08-22 00:00:00
1719121.8,4432281.5,229,2010-08-16 00:00:00,2010-08-20 00:00:00
1716341.9,4433208.0,230,2011-08-05 00:00:00,2011-08-09 00:00:00
1732557.9,4432281.5,231,2022-03-16 00:00:00,2022-03-23 00:00:00
1719121.8,4432744.5,236,2008-07-20 00:00:00,2008-07-26 00:00:00
1719585.1,4432744.5,237,2005-08-15 00:00:00,2005-08-22 00:00:00
1719585.1,4431818.0,238,2009-08-22 00:00:00,2009-08-28 00:00:00
1711708.8,4431818.0,239,2019-10-11 00:00:00,2019-10-13 00:00:00
1913249.9,4431354.5,240,2016-07-11 00:00:00,2016-07-17 00:00:00
1711245.5,4432744.5,242,2018-10-08 00:00:00,2018-10-09 00:00:00
1712172.1,4431818.0,243,2018-09-30 00:00:00,2018-09-30 00:00:00
1719121.8,4432744.5,244,2010-08-24 00:00:00,2010-08-25 00:00:00
1720048.4,4432744.5,245,2010-08-18 00:00:00,2010-08-18 00:00:00
1723754.9,4432744.5,246,2005-08-20 00:00:00,2005-08-20 00:00:00
1731631.2,4432744.5,247,2011-09-21 00:00:00,2011-09-21 00:00:00
1882207.9,4430891.5,248,2011-07-20 00:00:00,2011-07-21 00:00:00
1726534.8,4428575.0,252,2011-08-02 00:00:00,2011-08-14 00:00:00
1724218.2,4431354.5,253,2005-07-21 00:00:00,2005-08-09 00:00:00
1727461.4,4429964.5,254,2001-08-08 00:00:00,2001-08-19 00:00:00
1731167.9,4432281.5,255,2004-08-27 00:00:00,2004-08-27 00:00:00
1922052.8,4431354.5,259,2008-07-13 00:00:00,2008-07-17 00:00:00
1924369.4,4431818.0,260,2008-08-05 00:00:00,2008-08-05 00:00:00
1711708.8,4431354.5,262,2018-10-09 00:00:00,2018-10-09 00:00:00
1712635.4,4431354.5,263,2018-10-10 00:00:00,2018-10-10 00:00:00
1727924.8,4430891.5,264,2011-08-17 00:00:00,2011-08-22 00:00:00
1727924.8,4430891.5,265,2007-07-29 00:00:00,2007-07-31 00:00:00
1726071.5,4430891.5,266,2017-08-12 00:00:00,2017-08-19 00:00:00
1727461.4,4430891.5,267,2009-08-28 00:00:00,2009-09-03 00:00:00
1726071.5,4429038.0,268,2005-08-15 00:00:00,2005-08-15 00:00:00
1730704.6,4431354.5,269,2010-09-20 00:00:00,2010-09-20 00:00:00
1737654.2,4431354.5,270,2011-08-20 00:00:00,2011-08-21 00:00:00
1713562.0,4430891.5,277,2001-07-05 00:00:00,2001-07-05 00:00:00
1715415.2,4429038.0,278,2010-08-25 00:00:00,2010-08-27 00:00:00
1715878.6,4430891.5,279,2010-09-05 00:00:00,2010-09-05 00:00:00
1725144.9,4430428.0,280,2016-07-19 00:00:00,2016-07-22 00:00:00
1730241.2,4430891.5,281,2011-09-02 00:00:00,2011-09-02 00:00:00
1762673.2,4429964.5,282,2011-08-19 00:00:00,2011-08-27 00:00:00
1925759.2,4428575.0,283,2011-07-18 00:00:00,2011-07-21 00:00:00
1711245.5,4430428.0,289,2018-10-09 00:00:00,2018-10-09 00:00:00
1711708.8,4430428.0,290,2017-09-30 00:00:00,2017-09-30 00:00:00
1717268.5,4428111.5,291,2001-06-22 00:00:00,2001-06-23 00:00:00
1727924.8,4430428.0,292,2001-08-23 00:00:00,2001-08-23 00:00:00
1712635.4,4429964.5,296,2001-09-12 00:00:00,2001-09-15 00:00:00
1713098.8,4429964.5,297,2018-09-25 00:00:00,2018-09-25 00:00:00
1714025.4,4429964.5,298,2010-09-01 00:00:00,2010-09-05 00:00:00
1714025.4,4429501.5,299,2018-09-30 00:00:00,2018-10-11 00:00:00
1716805.2,4429038.0,300,2007-08-31 00:00:00,2007-09-02 00:00:00
1718195.1,4429964.5,301,2008-09-01 00:00:00,2008-09-01 00:00:00
1728388.0,4429964.5,302,2004-09-01 00:00:00,2004-09-07 00:00:00
1729314.6,4429038.0,303,2001-08-10 00:00:00,2001-08-14 00:00:00
1728388.0,4429964.5,304,2011-07-21 00:00:00,2011-07-24 00:00:00
1891010.9,4429038.0,305,2004-08-06 00:00:00,2004-08-09 00:00:00
1715415.2,4429501.5,307,2001-06-22 00:00:00,2001-06-22 00:00:00
1717731.9,4428111.5,308,2001-06-12 00:00:00,2001-06-13 00:00:00
1716805.2,4429501.5,309,2007-09-08 00:00:00,2007-09-08 00:00:00
1719585.1,4428575.0,310,2008-08-26 00:00:00,2008-08-28 00:00:00
1720048.4,4427648.0,311,2010-08-26 00:00:00,2010-09-05 00:00:00
1884987.8,4429501.5,312,2005-10-18 00:00:00,2005-10-18 00:00:00
1716805.2,4429038.0,318,2008-09-20 00:00:00,2008-09-20 00:00:00
1724218.2,4428575.0,319,2010-07-01 00:00:00,2010-07-01 00:00:00
1728851.4,4428575.0,320,2007-07-29 00:00:00,2007-08-01 00:00:00
1728851.4,4429038.0,321,2011-08-03 00:00:00,2011-08-03 00:00:00
1732557.9,4429038.0,322,2022-03-14 00:00:00,2022-03-14 00:00:00
1741360.9,4426721.5,323,2012-08-05 00:00:00,2012-08-09 00:00:00
1739970.9,4429038.0,324,2012-08-24 00:00:00,2012-08-24 00:00:00
1758966.8,4429038.0,325,2017-08-18 00:00:00,2017-08-18 00:00:00
1890547.5,4428575.0,326,2004-08-26 00:00:00,2004-08-26 00:00:00
1716341.9,4426721.5,332,2001-06-22 00:00:00,2001-06-22 00:00:00
1714488.6,4428575.0,333,2011-09-23 00:00:00,2011-09-23 00:00:00
1716341.9,4428575.0,334,2010-09-01 00:00:00,2010-09-01 00:00:00
1721901.6,4427648.0,336,2008-08-25 00:00:00,2008-09-01 00:00:00
1726998.1,4428111.5,337,2004-07-23 00:00:00,2004-07-29 00:00:00
1727924.8,4427648.0,338,2011-08-10 00:00:00,2011-08-29 00:00:00
1730704.6,4428575.0,339,2007-07-31 00:00:00,2007-07-31 00:00:00
1946608.4,4428575.0,340,2008-07-22 00:00:00,2008-07-22 00:00:00
1714488.6,4427185.0,341,2001-06-12 00:00:00,2001-06-12 00:00:00
1838656.5,4427648.0,342,2011-11-13 00:00:00,2011-11-13 00:00:00
1712172.1,4427648.0,345,2011-09-21 00:00:00,2011-09-21 00:00:00
1716341.9,4427648.0,346,2010-08-24 00:00:00,2010-08-30 00:00:00
1725608.1,4426258.0,347,2005-07-17 00:00:00,2005-07-18 00:00:00
1714025.4,4426721.5,351,2001-09-01 00:00:00,2001-09-18 00:00:00
1713098.8,4427185.0,352,2001-09-04 00:00:00,2001-09-04 00:00:00
1723754.9,4424868.5,354,2009-08-19 00:00:00,2009-08-21 00:00:00
1728851.4,4420698.5,355,2010-08-23 00:00:00,2010-08-31 00:00:00
1732557.9,4425331.5,356,2010-08-12 00:00:00,2010-08-25 00:00:00
1714025.4,4426721.5,357,2011-08-31 00:00:00,2011-09-05 00:00:00
1725144.9,4425331.5,359,2008-07-28 00:00:00,2008-08-02 00:00:00
1728388.0,4425795.0,360,2017-09-11 00:00:00,2017-09-13 00:00:00
1735801.0,4426721.5,361,2007-08-22 00:00:00,2007-08-22 00:00:00
1838656.5,4425795.0,362,2005-11-05 00:00:00,2005-11-08 00:00:00
1724218.2,4425331.5,363,2007-07-02 00:00:00,2007-07-04 00:00:00
1713098.8,4423478.5,366,2005-08-30 00:00:00,2005-09-03 00:00:00
1728388.0,4421162.0,367,2007-07-14 00:00:00,2007-07-22 00:00:00
1729314.6,4422551.5,368,2009-08-17 00:00:00,2009-08-26 00:00:00
1728388.0,4422088.5,369,2003-08-14 00:00:00,2003-08-20 00:00:00
1727924.8,4424405.0,370,2022-07-16 00:00:00,2022-07-20 00:00:00
1701515.9,4420235.0,372,2023-07-21 00:00:00,2023-07-29 00:00:00
1714488.6,4422551.5,373,2007-07-18 00:00:00,2007-07-22 00:00:00
1713098.8,4424405.0,374,2009-09-08 00:00:00,2009-09-08 00:00:00
1713562.0,4423941.5,375,2011-08-16 00:00:00,2011-08-18 00:00:00
1714952.0,4423941.5,376,2005-07-23 00:00:00,2005-07-25 00:00:00
1726534.8,4424868.5,377,2011-09-16 00:00:00,2011-09-19 00:00:00
1728851.4,4424405.0,378,2019-09-08 00:00:00,2019-09-12 00:00:00
1728851.4,4423941.5,379,2005-08-07 00:00:00,2005-08-10 00:00:00
1724681.5,4424405.0,381,2008-07-29 00:00:00,2008-07-29 00:00:00
1727924.8,4424405.0,382,2019-08-31 00:00:00,2019-09-04 00:00:00
1838656.5,4424405.0,383,2011-11-16 00:00:00,2011-11-16 00:00:00
1699199.4,4422088.5,384,2011-07-31 00:00:00,2011-08-08 00:00:00
1733021.1,4423478.5,385,2017-08-06 00:00:00,2017-08-07 00:00:00
1733947.8,4423478.5,386,2020-07-30 00:00:00,2020-08-03 00:00:00
1739970.9,4423015.0,387,2017-08-18 00:00:00,2017-08-25 00:00:00
1713098.8,4422551.5,388,2001-08-17 00:00:00,2001-08-21 00:00:00
1719121.8,4416992.0,389,2007-08-21 00:00:00,2007-08-27 00:00:00
1725608.1,4423015.0,390,2009-08-16 00:00:00,2009-08-19 00:00:00
1730241.2,4423015.0,391,2019-08-26 00:00:00,2019-08-29 00:00:00
1728851.4,4422088.5,392,2008-08-07 00:00:00,2008-08-14 00:00:00
1727924.8,4421625.0,393,2016-08-26 00:00:00,2016-08-28 00:00:00
1730241.2,4423478.5,394,2019-08-19 00:00:00,2019-08-19 00:00:00
1714488.6,4422551.5,396,2003-07-23 00:00:00,2003-07-23 00:00:00
1717731.9,4418382.0,397,2009-07-29 00:00:00,2009-08-03 00:00:00
1720048.4,4421625.0,398,2003-07-30 00:00:00,2003-08-07 00:00:00
1724681.5,4421162.0,399,2011-08-14 00:00:00,2011-08-25 00:00:00
1724681.5,4423015.0,400,2003-08-14 00:00:00,2003-08-15 00:00:00
1726071.5,4422551.5,401,2008-08-09 00:00:00,2008-08-12 00:00:00
1730241.2,4422088.5,402,2005-07-24 00:00:00,2005-07-27 00:00:00
1731167.9,4423015.0,403,2003-08-06 00:00:00,2003-08-06 00:00:00
1733947.8,4423015.0,404,2011-08-01 00:00:00,2011-08-01 00:00:00
1734411.1,4422551.5,405,2017-08-02 00:00:00,2017-08-11 00:00:00
1734874.4,4422088.5,406,2003-08-10 00:00:00,2003-08-15 00:00:00
1735337.8,4422551.5,407,2020-08-01 00:00:00,2020-08-02 00:00:00
1778889.1,4422088.5,408,2007-08-21 00:00:00,2007-08-28 00:00:00
1779352.5,4423015.0,409,2007-09-09 00:00:00,2007-09-09 00:00:00
1719121.8,4418845.0,411,2011-08-03 00:00:00,2011-08-10 00:00:00
1722365.0,4422088.5,412,2008-08-05 00:00:00,2008-08-12 00:00:00
1722365.0,4421162.0,413,2003-07-13 00:00:00,2003-07-13 00:00:00
1721901.6,4422088.5,414,2017-09-10 00:00:00,2017-09-12 00:00:00
1726071.5,4422088.5,415,2011-08-05 00:00:00,2011-08-09 00:00:00
1835876.6,4420235.0,416,2012-08-21 00:00:00,2012-08-24 00:00:00
1914176.5,4422551.5,417,2009-09-28 00:00:00,2009-09-28 00:00:00
1720975.0,4416528.5,418,2003-07-10 00:00:00,2003-07-21 00:00:00
1719121.8,4420698.5,419,2005-07-27 00:00:00,2005-08-02 00:00:00
1718658.5,4416065.5,420,2017-07-10 00:00:00,2017-07-18 00:00:00
1722365.0,4422088.5,421,2005-08-13 00:00:00,2005-09-08 00:00:00
1727461.4,4421162.0,422,2019-09-04 00:00:00,2019-09-14 00:00:00
1913713.1,4422088.5,423,2009-09-21 00:00:00,2009-09-21 00:00:00
1722365.0,4421625.0,426,2017-09-04 00:00:00,2017-09-04 00:00:00
1722828.2,4421625.0,427,2009-08-30 00:00:00,2009-08-30 00:00:00
1723291.6,4421625.0,428,2009-08-23 00:00:00,2009-08-23 00:00:00
1724218.2,4421625.0,429,2011-09-07 00:00:00,2011-09-07 00:00:00
1726534.8,4421625.0,430,2008-08-16 00:00:00,2008-08-18 00:00:00
1728851.4,4420698.5,431,2009-08-26 00:00:00,2009-08-28 00:00:00
1730704.6,4419308.5,432,2011-08-17 00:00:00,2011-08-25 00:00:00
1834950.0,4421625.0,433,2012-08-13 00:00:00,2012-08-13 00:00:00
1722365.0,4421162.0,434,2013-09-14 00:00:00,2013-09-14 00:00:00
1724218.2,4419772.0,435,2005-08-19 00:00:00,2005-08-24 00:00:00
1865991.9,4418845.0,436,2014-08-22 00:00:00,2014-08-26 00:00:00
1947998.2,4420698.5,437,2007-06-27 00:00:00,2007-07-04 00:00:00
1720975.0,4420235.0,440,2017-09-12 00:00:00,2017-09-12 00:00:00
1724681.5,4419772.0,441,2003-08-13 00:00:00,2003-08-16 00:00:00
1724218.2,4420235.0,442,2011-09-23 00:00:00,2011-09-23 00:00:00
1735801.0,4419308.5,443,2011-08-19 00:00:00,2011-08-22 00:00:00
1780279.1,4418845.0,444,2011-07-28 00:00:00,2011-08-01 00:00:00
1735801.0,4419308.5,445,2017-08-14 00:00:00,2017-08-20 00:00:00
1711708.8,4418382.0,451,2003-08-27 00:00:00,2003-08-29 00:00:00
1723291.6,4419308.5,452,2007-09-07 00:00:00,2007-09-07 00:00:00
1724218.2,4419308.5,453,2003-08-08 00:00:00,2003-08-08 00:00:00
1726998.1,4415138.5,462,2007-07-16 00:00:00,2007-07-23 00:00:00
1725608.1,4417918.5,463,2003-07-12 00:00:00,2003-07-15 00:00:00
1734874.4,4418382.0,464,2009-08-11 00:00:00,2009-08-20 00:00:00
1735337.8,4418382.0,465,2011-09-21 00:00:00,2011-09-21 00:00:00
1862285.4,4418382.0,466,2014-08-10 00:00:00,2014-08-10 00:00:00
1729314.6,4415138.5,467,2007-07-20 00:00:00,2007-07-20 00:00:00
1713562.0,4417918.5,470,2003-08-27 00:00:00,2003-08-27 00:00:00
1723754.9,4417918.5,471,2005-08-20 00:00:00,2005-08-20 00:00:00
1724681.5,4417918.5,472,2011-08-21 00:00:00,2011-08-23 00:00:00
1724218.2,4417455.5,473,2010-07-29 00:00:00,2010-07-31 00:00:00
1731167.9,4415138.5,474,2008-08-12 00:00:00,2008-08-18 00:00:00
1731167.9,4416528.5,475,2017-07-30 00:00:00,2017-08-03 00:00:00
1735337.8,4417918.5,476,2021-08-02 00:00:00,2021-08-02 00:00:00
1943365.1,4415138.5,477,2007-06-25 00:00:00,2007-07-02 00:00:00
1720511.8,4417455.5,482,2005-07-27 00:00:00,2005-07-28 00:00:00
1726071.5,4416528.5,483,2011-08-03 00:00:00,2011-08-03 00:00:00
1735337.8,4417455.5,484,2008-08-28 00:00:00,2008-08-30 00:00:00
1736264.4,4417455.5,485,2017-08-10 00:00:00,2017-08-13 00:00:00
1925296.0,4416992.0,486,2018-06-09 00:00:00,2018-06-13 00:00:00
1945218.4,4417455.5,487,2007-06-23 00:00:00,2007-06-23 00:00:00
1719585.1,4415138.5,491,2005-08-20 00:00:00,2005-09-01 00:00:00
1729778.0,4415602.0,492,2010-08-15 00:00:00,2010-09-01 00:00:00
1733484.5,4416992.0,493,2009-08-21 00:00:00,2009-08-22 00:00:00
1942438.5,4416992.0,494,2007-07-18 00:00:00,2007-07-18 00:00:00
1721901.6,4415602.0,496,2005-07-24 00:00:00,2005-08-03 00:00:00
1720511.8,4415138.5,497,2011-08-25 00:00:00,2011-08-27 00:00:00
1731167.9,4416528.5,499,2003-08-09 00:00:00,2003-08-14 00:00:00
1731631.2,4416528.5,500,2011-09-02 00:00:00,2011-09-04 00:00:00
1735801.0,4416528.5,501,2008-09-04 00:00:00,2008-09-04 00:00:00
1721438.4,4411432.0,507,2007-07-17 00:00:00,2007-07-23 00:00:00
1725144.9,4413749.0,508,2011-08-07 00:00:00,2011-08-12 00:00:00
1722365.0,4415602.0,509,2009-08-08 00:00:00,2009-08-08 00:00:00
1726998.1,4416065.5,510,2011-07-20 00:00:00,2011-07-20 00:00:00
1711245.5,4415138.5,511,2023-08-19 00:00:00,2023-08-24 00:00:00
1729314.6,4414675.5,512,2011-08-17 00:00:00,2011-08-27 00:00:00
1719585.1,4415138.5,515,2011-09-01 00:00:00,2011-09-01 00:00:00
1726071.5,4414212.0,516,2009-08-07 00:00:00,2009-08-09 00:00:00
1726998.1,4414212.0,517,2017-08-04 00:00:00,2017-08-06 00:00:00
1726998.1,4414675.5,518,2011-08-05 00:00:00,2011-08-05 00:00:00
1726998.1,4414212.0,519,2024-07-25 00:00:00,2024-07-27 00:00:00
1730704.6,4415138.5,520,2011-09-09 00:00:00,2011-09-09 00:00:00
1721438.4,4414212.0,521,2008-09-14 00:00:00,2008-09-17 00:00:00
1722365.0,4412822.0,522,2008-08-30 00:00:00,2008-09-01 00:00:00
1726071.5,4414212.0,523,2003-07-12 00:00:00,2003-07-14 00:00:00
1857189.0,4414675.5,524,2001-10-25 00:00:00,2001-10-31 00:00:00
1930855.8,4414675.5,525,2017-10-03 00:00:00,2017-10-06 00:00:00
1722828.2,4414212.0,526,2017-09-19 00:00:00,2017-09-20 00:00:00
1725608.1,4412822.0,527,2003-07-06 00:00:00,2003-07-09 00:00:00
1730241.2,4413749.0,528,2010-08-18 00:00:00,2010-08-21 00:00:00
1732557.9,4413285.5,529,2011-07-31 00:00:00,2011-08-05 00:00:00
1903057.0,4412359.0,530,2013-05-23 00:00:00,2013-05-25 00:00:00
1932709.0,4411895.5,531,2013-10-11 00:00:00,2013-10-17 00:00:00
1724681.5,4411895.5,532,2005-08-01 00:00:00,2005-08-07 00:00:00
1725144.9,4412822.0,533,2008-08-14 00:00:00,2008-08-16 00:00:00
1733021.1,4412822.0,534,2010-08-20 00:00:00,2010-08-21 00:00:00
1733021.1,4413749.0,535,2019-09-11 00:00:00,2019-09-15 00:00:00
1906763.5,4412359.0,536,2007-10-09 00:00:00,2007-10-09 00:00:00
1941511.9,4413749.0,537,2007-10-01 00:00:00,2007-10-01 00:00:00
1727924.8,4412822.0,539,2008-08-12 00:00:00,2008-08-15 00:00:00
1723291.6,4409115.5,540,2008-08-16 00:00:00,2008-08-21 00:00:00
1721901.6,4412822.0,541,2007-08-15 00:00:00,2007-08-15 00:00:00
1730241.2,4411895.5,542,2011-08-19 00:00:00,2011-08-22 00:00:00
1906763.5,4412822.0,543,2007-10-01 00:00:00,2007-10-02 00:00:00
1934562.2,4412822.0,544,2013-10-01 00:00:00,2013-10-01 00:00:00
1719121.8,4412359.0,545,2011-08-26 00:00:00,2011-08-27 00:00:00
1727924.8,4411432.0,546,2008-08-02 00:00:00,2008-08-05 00:00:00
1853019.1,4411432.0,547,2005-11-02 00:00:00,2005-11-02 00:00:00
1906763.5,4410969.0,548,2007-10-10 00:00:00,2007-10-10 00:00:00
1934098.9,4411432.0,549,2013-10-07 00:00:00,2013-10-07 00:00:00
1932709.0,4406335.5,553,2011-10-03 00:00:00,2011-10-19 00:00:00
1930855.8,4410969.0,554,2013-10-11 00:00:00,2013-10-11 00:00:00
1935025.5,4410042.0,555,2013-10-16 00:00:00,2013-10-16 00:00:00
1939658.6,4410505.5,556,2001-10-28 00:00:00,2001-11-02 00:00:00
1943828.5,4410969.0,557,2002-10-17 00:00:00,2002-10-17 00:00:00
1853019.1,4410505.5,562,2005-11-02 00:00:00,2005-11-02 00:00:00
1854409.1,4409115.5,563,2008-09-27 00:00:00,2008-10-06 00:00:00
1854409.1,4410505.5,564,2007-10-01 00:00:00,2007-10-01 00:00:00
1940585.2,4410505.5,565,2001-10-19 00:00:00,2001-10-21 00:00:00
1854872.4,4410042.0,568,2011-10-28 00:00:00,2011-10-28 00:00:00
1855799.0,4409115.5,569,2008-09-24 00:00:00,2008-09-29 00:00:00
1854872.4,4409579.0,570,2011-10-09 00:00:00,2011-10-18 00:00:00
1896107.2,4408189.0,571,2012-07-12 00:00:00,2012-07-15 00:00:00
1905836.9,4410042.0,572,2012-09-15 00:00:00,2012-09-15 00:00:00
1909080.0,4410042.0,573,2007-10-11 00:00:00,2007-10-11 00:00:00
1931319.0,4410042.0,574,2013-10-11 00:00:00,2013-10-11 00:00:00
1858115.6,4404946.0,576,2013-10-02 00:00:00,2013-10-19 00:00:00
1857652.2,4405872.5,577,2007-09-21 00:00:00,2007-09-27 00:00:00
1855799.0,4409579.0,578,2008-10-04 00:00:00,2008-10-05 00:00:00
1900277.1,4409579.0,579,2012-07-04 00:00:00,2012-07-07 00:00:00
1906300.1,4409579.0,580,2007-10-09 00:00:00,2007-10-09 00:00:00
1732094.5,4409115.5,584,2007-07-22 00:00:00,2007-07-24 00:00:00
1737654.2,4409115.5,585,2020-09-08 00:00:00,2020-09-08 00:00:00
1853945.8,4409115.5,586,2011-10-24 00:00:00,2011-10-24 00:00:00
1898887.1,4409115.5,587,2016-08-19 00:00:00,2016-08-19 00:00:00
1908153.4,4404946.0,588,2012-09-12 00:00:00,2012-09-22 00:00:00
1938268.8,4409115.5,589,2014-05-31 00:00:00,2014-05-31 00:00:00
1940585.2,4408652.5,590,2014-05-31 00:00:00,2014-06-02 00:00:00
1729778.0,4408652.5,592,2007-07-23 00:00:00,2007-07-23 00:00:00
1783059.0,4404019.0,593,2011-07-18 00:00:00,2011-07-21 00:00:00
1854872.4,4407725.5,594,2003-09-30 00:00:00,2003-10-04 00:00:00
1855799.0,4408652.5,595,2008-09-17 00:00:00,2008-09-17 00:00:00
1899350.5,4408652.5,596,2011-08-22 00:00:00,2011-08-22 00:00:00
1906763.5,4408652.5,597,2007-10-01 00:00:00,2007-10-05 00:00:00
1906300.1,4405872.5,598,2013-09-24 00:00:00,2013-10-02 00:00:00
1906763.5,4407262.5,599,2007-10-04 00:00:00,2007-10-04 00:00:00
1939195.4,4408652.5,600,2014-06-02 00:00:00,2014-06-02 00:00:00
1854409.1,4408189.0,605,2011-10-24 00:00:00,2011-10-24 00:00:00
1856262.4,4408189.0,606,2013-10-17 00:00:00,2013-10-20 00:00:00
1860432.1,4404482.5,607,2008-09-14 00:00:00,2008-09-22 00:00:00
1856725.6,4407725.5,610,2003-09-13 00:00:00,2003-09-15 00:00:00
1855335.8,4406335.5,611,2008-10-05 00:00:00,2008-10-05 00:00:00
1855799.0,4406799.0,612,2013-10-17 00:00:00,2013-10-17 00:00:00
1909543.4,4402629.0,613,2008-09-23 00:00:00,2008-10-06 00:00:00
1912786.5,4407725.5,614,2013-10-12 00:00:00,2013-10-15 00:00:00
1855799.0,4406335.5,616,2008-09-27 00:00:00,2008-09-30 00:00:00
1857652.2,4405409.0,617,2005-10-10 00:00:00,2005-10-14 00:00:00
1856262.4,4406799.0,618,2003-09-29 00:00:00,2003-10-04 00:00:00
1857189.0,4407262.5,619,2008-10-04 00:00:00,2008-10-05 00:00:00
1936878.8,4404482.5,620,2005-09-23 00:00:00,2005-10-14 00:00:00
1733947.8,4404946.0,624,2007-07-23 00:00:00,2007-07-25 00:00:00
1855335.8,4406335.5,625,2011-10-24 00:00:00,2011-10-28 00:00:00
1859968.9,4404482.5,626,2002-10-15 00:00:00,2002-10-22 00:00:00
1905836.9,4406799.0,627,2013-10-10 00:00:00,2013-10-10 00:00:00
1909080.0,4406335.5,628,2013-10-11 00:00:00,2013-10-14 00:00:00
1932709.0,4405872.5,629,2011-10-26 00:00:00,2011-10-26 00:00:00
1857189.0,4404482.5,631,2001-10-31 00:00:00,2001-11-06 00:00:00
1860432.1,4404482.5,632,2001-11-15 00:00:00,2001-11-15 00:00:00
1906763.5,4406335.5,633,2007-10-14 00:00:00,2007-10-14 00:00:00
1909543.4,4405409.0,634,2013-09-30 00:00:00,2013-10-10 00:00:00
1931782.4,4406335.5,635,2011-10-05 00:00:00,2011-10-05 00:00:00
1780742.4,4403092.5,637,2017-08-20 00:00:00,2017-08-27 00:00:00
1782132.4,4405872.5,638,2017-09-13 00:00:00,2017-09-13 00:00:00
1855335.8,4405872.5,639,2007-10-01 00:00:00,2007-10-03 00:00:00
1858578.9,4405872.5,640,2013-10-02 00:00:00,2013-10-02 00:00:00
1859505.5,4405872.5,641,2008-10-04 00:00:00,2008-10-04 00:00:00
1859968.9,4405872.5,642,2002-11-10 00:00:00,2002-11-10 00:00:00
1859505.5,4405409.0,643,2008-09-27 00:00:00,2008-09-27 00:00:00
1860432.1,4405872.5,644,2013-10-17 00:00:00,2013-10-17 00:00:00
1909080.0,4403556.0,645,2013-10-02 00:00:00,2013-10-11 00:00:00
1907690.1,4405872.5,646,2013-10-11 00:00:00,2013-10-11 00:00:00
1912786.5,4404482.5,648,2013-10-11 00:00:00,2013-10-15 00:00:00
1913713.1,4405409.0,649,2013-10-15 00:00:00,2013-10-17 00:00:00
1915103.1,4404019.0,650,2013-10-07 00:00:00,2013-10-15 00:00:00
1951241.5,4404019.0,651,2017-11-12 00:00:00,2017-11-15 00:00:00
1783985.6,4405409.0,655,2011-08-22 00:00:00,2011-08-22 00:00:00
1858115.6,4405409.0,656,2001-11-15 00:00:00,2001-11-15 00:00:00
1782595.6,4404946.0,657,2017-09-13 00:00:00,2017-09-13 00:00:00
1902593.6,4405409.0,658,2013-10-11 00:00:00,2013-10-11 00:00:00
1903057.0,4405409.0,659,2013-10-02 00:00:00,2013-10-02 00:00:00
1908153.4,4403092.5,660,2014-07-30 00:00:00,2014-08-10 00:00:00
1908616.8,4405409.0,661,2013-10-10 00:00:00,2013-10-10 00:00:00
1923442.8,4405409.0,662,2022-06-11 00:00:00,2022-06-11 00:00:00
1935025.5,4405409.0,663,2005-10-14 00:00:00,2005-10-14 00:00:00
1912786.5,4404019.0,664,2014-06-02 00:00:00,2014-06-02 00:00:00
1910933.2,4404946.0,665,2013-10-17 00:00:00,2013-10-17 00:00:00
1857189.0,4404482.5,667,2008-09-29 00:00:00,2008-09-29 00:00:00
1903520.2,4404019.0,668,2013-10-11 00:00:00,2013-10-14 00:00:00
1903983.6,4404019.0,669,2013-10-02 00:00:00,2013-10-02 00:00:00
1906763.5,4399386.0,670,2018-10-01 00:00:00,2018-10-11 00:00:00
1910933.2,4404482.5,671,2013-10-10 00:00:00,2013-10-10 00:00:00
1912323.2,4404019.0,672,2008-08-03 00:00:00,2008-08-07 00:00:00
1912786.5,4403556.0,673,2003-07-02 00:00:00,2003-07-05 00:00:00
1912786.5,4403556.0,674,2011-07-02 00:00:00,2011-07-07 00:00:00
1912323.2,4403556.0,675,2014-07-30 00:00:00,2014-08-06 00:00:00
1936415.5,4404482.5,676,2005-10-14 00:00:00,2005-10-14 00:00:00
1858578.9,4404019.0,678,2008-09-24 00:00:00,2008-09-24 00:00:00
1904446.9,4403556.0,679,2013-10-11 00:00:00,2013-10-11 00:00:00
1906300.1,4402629.0,680,2013-10-02 00:00:00,2013-10-02 00:00:00
1909543.4,4399849.5,681,2022-10-09 00:00:00,2022-10-19 00:00:00
1907690.1,4404019.0,682,2013-10-17 00:00:00,2013-10-17 00:00:00
1919272.9,4402629.0,683,2012-09-17 00:00:00,2012-09-19 00:00:00
1923906.0,4404019.0,684,2012-09-19 00:00:00,2012-09-19 00:00:00
1932245.6,4397533.0,685,2005-09-23 00:00:00,2005-10-14 00:00:00
1928075.9,4404019.0,686,2011-10-10 00:00:00,2011-10-12 00:00:00
1859505.5,4403556.0,690,2008-10-05 00:00:00,2008-10-05 00:00:00
1860432.1,4403556.0,691,2013-10-15 00:00:00,2013-10-15 00:00:00
1861358.8,4403556.0,692,2013-10-17 00:00:00,2013-10-17 00:00:00
1862285.4,4403556.0,693,2013-10-11 00:00:00,2013-10-11 00:00:00
1863212.0,4403556.0,694,2013-10-07 00:00:00,2013-10-07 00:00:00
1881744.6,4403556.0,695,2001-11-06 00:00:00,2001-11-06 00:00:00
1903520.2,4403556.0,696,2018-10-03 00:00:00,2018-10-07 00:00:00
1922979.4,4400776.0,697,2012-09-12 00:00:00,2012-09-21 00:00:00
1925296.0,4403092.5,698,2011-09-01 00:00:00,2011-09-06 00:00:00
1928539.1,4403556.0,699,2005-09-24 00:00:00,2005-09-24 00:00:00
1935025.5,4402629.0,700,2005-09-24 00:00:00,2005-10-01 00:00:00
1921126.1,4401239.5,706,2013-10-01 00:00:00,2013-10-07 00:00:00
1904446.9,4403092.5,707,2012-09-16 00:00:00,2012-09-19 00:00:00
1883134.5,4402629.0,708,2001-11-03 00:00:00,2001-11-03 00:00:00
1906763.5,4402629.0,709,2018-10-17 00:00:00,2018-10-18 00:00:00
1907690.1,4403092.5,710,2013-10-17 00:00:00,2013-10-17 00:00:00
1909080.0,4403092.5,711,2012-09-21 00:00:00,2012-09-21 00:00:00
1912323.2,4402166.0,712,2008-07-09 00:00:00,2008-07-11 00:00:00
1911396.6,4402166.0,713,2014-07-13 00:00:00,2014-07-16 00:00:00
1915103.1,4403092.5,714,2013-10-02 00:00:00,2013-10-02 00:00:00
1922979.4,4402166.0,715,2022-06-01 00:00:00,2022-06-11 00:00:00
1924369.4,4403092.5,716,2011-09-20 00:00:00,2011-09-20 00:00:00
1927612.5,4403092.5,717,2011-09-08 00:00:00,2011-09-08 00:00:00
1928539.1,4403092.5,718,2011-09-01 00:00:00,2011-09-03 00:00:00
1857652.2,4402629.0,719,2008-10-05 00:00:00,2008-10-05 00:00:00
1859968.9,4402629.0,720,2013-10-17 00:00:00,2013-10-17 00:00:00
1863212.0,4402629.0,721,2013-10-16 00:00:00,2013-10-16 00:00:00
1908153.4,4401702.5,722,2018-10-17 00:00:00,2018-10-18 00:00:00
1918809.6,4399849.5,723,2013-10-15 00:00:00,2013-10-17 00:00:00
1916029.8,4402629.0,724,2013-10-08 00:00:00,2013-10-08 00:00:00
1918809.6,4402166.0,725,2013-10-08 00:00:00,2013-10-08 00:00:00
1833096.8,4402166.0,726,2020-04-29 00:00:00,2020-04-29 00:00:00
1859505.5,4402166.0,727,2001-11-15 00:00:00,2001-11-15 00:00:00
1862285.4,4402166.0,728,2013-10-17 00:00:00,2013-10-17 00:00:00
1902130.4,4402166.0,729,2012-10-17 00:00:00,2012-10-19 00:00:00
1902593.6,4401702.5,730,2018-10-04 00:00:00,2018-10-04 00:00:00
1904446.9,4402166.0,731,2018-10-17 00:00:00,2018-10-18 00:00:00
1904910.2,4402166.0,732,2018-10-09 00:00:00,2018-10-09 00:00:00
1906763.5,4399386.0,733,2012-09-12 00:00:00,2012-09-21 00:00:00
1908616.8,4400776.0,734,2017-09-29 00:00:00,2017-10-08 00:00:00
1908153.4,4402166.0,736,2013-10-02 00:00:00,2013-10-02 00:00:00
1914639.8,4401702.5,737,2013-10-08 00:00:00,2013-10-08 00:00:00
1916029.8,4402166.0,738,2013-10-02 00:00:00,2013-10-02 00:00:00
1908153.4,4400776.0,739,2015-09-17 00:00:00,2015-09-25 00:00:00
1916029.8,4395216.0,740,2008-09-20 00:00:00,2008-10-04 00:00:00
1918346.2,4401702.5,741,2012-09-19 00:00:00,2012-09-19 00:00:00
1919736.2,4399849.5,742,2016-07-22 00:00:00,2016-07-30 00:00:00
1922979.4,4401239.5,743,2015-08-12 00:00:00,2015-08-20 00:00:00
1931319.0,4401702.5,744,2005-10-10 00:00:00,2005-10-10 00:00:00
1931782.4,4401239.5,745,2005-09-27 00:00:00,2005-10-01 00:00:00
1934562.2,4401702.5,746,2005-10-01 00:00:00,2005-10-01 00:00:00
1905836.9,4401239.5,748,2018-10-18 00:00:00,2018-10-18 00:00:00
1907690.1,4401239.5,749,2017-09-24 00:00:00,2017-09-24 00:00:00
1909080.0,4401239.5,750,2022-10-25 00:00:00,2022-10-25 00:00:00
1911859.9,4400776.0,751,2013-10-11 00:00:00,2013-10-11 00:00:00
1918346.2,4401239.5,752,2013-10-10 00:00:00,2013-10-10 00:00:00
1922052.8,4398459.5,753,2014-06-25 00:00:00,2014-07-05 00:00:00
1835413.2,4400776.0,755,2020-04-29 00:00:00,2020-04-29 00:00:00
1860432.1,4400776.0,756,2013-10-17 00:00:00,2013-10-17 00:00:00
1905373.5,4400776.0,757,2022-10-25 00:00:00,2022-10-25 00:00:00
1894717.4,4399849.5,758,2020-09-20 00:00:00,2020-09-21 00:00:00
1916956.4,4400776.0,759,2008-09-29 00:00:00,2008-09-29 00:00:00
1920199.5,4396143.0,760,2011-07-03 00:00:00,2011-07-18 00:00:00
1921126.1,4400312.5,761,2015-06-06 00:00:00,2015-06-10 00:00:00
1923442.8,4400312.5,762,2016-08-11 00:00:00,2016-08-14 00:00:00
1933635.6,4400312.5,763,2005-10-01 00:00:00,2005-10-01 00:00:00
1854872.4,4399849.5,765,2013-10-20 00:00:00,2013-10-20 00:00:00
1856262.4,4398922.5,766,2013-10-08 00:00:00,2013-10-11 00:00:00
1909543.4,4399386.0,767,2013-09-29 00:00:00,2013-10-07 00:00:00
1909080.0,4400312.5,768,2022-10-24 00:00:00,2022-10-24 00:00:00
1912786.5,4400312.5,769,2013-10-02 00:00:00,2013-10-02 00:00:00
1916493.0,4399849.5,770,2008-09-20 00:00:00,2008-09-20 00:00:00
1919272.9,4399849.5,771,2013-10-08 00:00:00,2013-10-08 00:00:00
1921126.1,4397996.0,772,2014-07-09 00:00:00,2014-07-14 00:00:00
1921126.1,4400312.5,773,2013-10-17 00:00:00,2013-10-17 00:00:00
1922516.1,4400312.5,774,2014-06-03 00:00:00,2014-06-03 00:00:00
1923906.0,4400312.5,775,2012-09-19 00:00:00,2012-09-19 00:00:00
1902593.6,4398922.5,782,2003-08-16 00:00:00,2003-08-16 00:00:00
1902593.6,4399849.5,783,2003-08-22 00:00:00,2003-08-22 00:00:00
1908616.8,4399849.5,784,2013-10-11 00:00:00,2013-10-11 00:00:00
1921589.5,4399386.0,785,2008-07-22 00:00:00,2008-07-22 00:00:00
1855799.0,4398922.5,786,2013-10-01 00:00:00,2013-10-01 00:00:00
1859505.5,4399386.0,787,2013-10-17 00:00:00,2013-10-17 00:00:00
1860895.5,4398922.5,788,2013-10-11 00:00:00,2013-10-11 00:00:00
1903057.0,4398459.5,789,2005-07-17 00:00:00,2005-07-18 00:00:00
1905836.9,4399386.0,790,2018-10-05 00:00:00,2018-10-05 00:00:00
1911859.9,4399386.0,791,2008-09-20 00:00:00,2008-09-20 00:00:00
1912323.2,4398922.5,792,2013-10-02 00:00:00,2013-10-02 00:00:00
1920662.9,4399386.0,793,2013-10-15 00:00:00,2013-10-15 00:00:00
1923442.8,4389193.0,794,2002-06-27 00:00:00,2002-07-20 00:00:00
1925296.0,4395679.5,795,2016-07-17 00:00:00,2016-07-25 00:00:00
1906763.5,4398922.5,798,2022-10-09 00:00:00,2022-10-09 00:00:00
1908153.4,4398922.5,799,2017-10-04 00:00:00,2017-10-04 00:00:00
1915103.1,4398922.5,800,2008-09-20 00:00:00,2008-09-20 00:00:00
1919272.9,4398459.5,801,2015-06-11 00:00:00,2015-06-11 00:00:00
1920199.5,4397533.0,802,2011-06-01 00:00:00,2011-06-02 00:00:00
1919736.2,4398922.5,803,2013-10-02 00:00:00,2013-10-02 00:00:00
1922052.8,4396606.0,804,2015-07-18 00:00:00,2015-07-23 00:00:00
1920199.5,4397069.5,805,2009-08-16 00:00:00,2009-08-16 00:00:00
1920662.9,4391973.0,806,2007-07-02 00:00:00,2007-07-09 00:00:00
1925296.0,4395679.5,807,2012-08-04 00:00:00,2012-08-12 00:00:00
1923906.0,4398922.5,808,2013-10-17 00:00:00,2013-10-17 00:00:00
1929929.1,4398459.5,809,2005-10-10 00:00:00,2005-10-10 00:00:00
1934562.2,4397996.0,810,2005-10-02 00:00:00,2005-10-03 00:00:00
1853482.5,4397996.0,811,2013-10-01 00:00:00,2013-10-08 00:00:00
1857652.2,4398459.5,812,2013-10-01 00:00:00,2013-10-01 00:00:00
1905373.5,4398459.5,813,2012-09-19 00:00:00,2012-09-19 00:00:00
1910933.2,4397533.0,814,2013-10-17 00:00:00,2013-10-17 00:00:00
1911859.9,4397533.0,815,2013-09-18 00:00:00,2013-09-24 00:00:00
1917883.0,4398459.5,816,2011-09-20 00:00:00,2011-09-20 00:00:00
1920199.5,4398459.5,817,2015-07-27 00:00:00,2015-07-27 00:00:00
1921126.1,4398459.5,818,2005-05-31 00:00:00,2005-05-31 00:00:00
1922052.8,4395679.5,819,2009-06-27 00:00:00,2009-07-05 00:00:00
1922516.1,4397996.0,820,2005-05-31 00:00:00,2005-05-31 00:00:00
1926685.9,4397996.0,821,2016-07-30 00:00:00,2016-08-03 00:00:00
1931782.4,4398459.5,822,2005-10-14 00:00:00,2005-10-14 00:00:00
1947071.6,4398459.5,823,2007-08-21 00:00:00,2007-08-23 00:00:00
1919272.9,4396606.0,827,2016-07-24 00:00:00,2016-07-28 00:00:00
1919736.2,4397996.0,828,2002-07-18 00:00:00,2002-07-18 00:00:00
1922052.8,4397996.0,829,2013-08-02 00:00:00,2013-08-05 00:00:00
1922052.8,4397996.0,830,2010-07-23 00:00:00,2010-07-23 00:00:00
1925759.2,4395679.5,831,2008-06-22 00:00:00,2008-06-25 00:00:00
1925759.2,4397996.0,832,2016-07-31 00:00:00,2016-07-31 00:00:00
1925296.0,4397069.5,833,2004-07-31 00:00:00,2004-08-03 00:00:00
1856725.6,4397069.5,835,2001-10-04 00:00:00,2001-10-10 00:00:00
1907226.8,4397069.5,836,2011-07-31 00:00:00,2011-08-02 00:00:00
1915103.1,4396606.0,837,2016-08-06 00:00:00,2016-08-09 00:00:00
1917419.6,4397069.5,838,2014-07-14 00:00:00,2014-07-14 00:00:00
1917883.0,4397533.0,839,2011-09-04 00:00:00,2011-09-04 00:00:00
1918346.2,4397533.0,840,2011-09-13 00:00:00,2011-09-13 00:00:00
1918809.6,4397069.5,841,2014-07-14 00:00:00,2014-07-14 00:00:00
1920662.9,4396606.0,842,2010-06-30 00:00:00,2010-07-09 00:00:00
1923442.8,4397069.5,843,2010-07-09 00:00:00,2010-07-09 00:00:00
1925296.0,4393826.5,844,2005-05-31 00:00:00,2005-06-02 00:00:00
1924832.6,4396606.0,845,2011-05-31 00:00:00,2011-06-06 00:00:00
1925759.2,4397533.0,846,2002-07-03 00:00:00,2002-07-03 00:00:00
1938268.8,4397533.0,847,2015-08-15 00:00:00,2015-08-15 00:00:00
1855799.0,4397069.5,851,2013-10-02 00:00:00,2013-10-02 00:00:00
1857189.0,4397069.5,852,2001-10-15 00:00:00,2001-10-15 00:00:00
1905373.5,4397069.5,853,2013-10-10 00:00:00,2013-10-10 00:00:00
1908153.4,4397069.5,854,2016-09-27 00:00:00,2016-09-27 00:00:00
1909080.0,4397069.5,855,2013-10-11 00:00:00,2013-10-14 00:00:00
1910933.2,4396606.0,856,2013-10-02 00:00:00,2013-10-17 00:00:00
1911396.6,4397069.5,857,2008-09-20 00:00:00,2008-09-20 00:00:00
1912786.5,4397069.5,858,2013-10-10 00:00:00,2013-10-10 00:00:00
1921589.5,4395216.0,859,2011-06-02 00:00:00,2011-06-02 00:00:00
1927149.2,4394753.0,860,2010-07-08 00:00:00,2010-07-16 00:00:00
1923442.8,4396143.0,861,2008-06-08 00:00:00,2008-06-08 00:00:00
1926222.6,4397069.5,862,2016-07-31 00:00:00,2016-07-31 00:00:00
1927612.5,4396143.0,863,2002-07-04 00:00:00,2002-07-13 00:00:00
1926685.9,4397069.5,864,2016-08-06 00:00:00,2016-08-06 00:00:00
1927612.5,4396606.0,865,2005-06-30 00:00:00,2005-07-04 00:00:00
1940122.0,4397069.5,866,2015-08-25 00:00:00,2015-08-25 00:00:00
1949851.5,4397069.5,867,2015-09-16 00:00:00,2015-09-16 00:00:00
1856725.6,4396606.0,869,2013-10-01 00:00:00,2013-10-01 00:00:00
1858578.9,4396606.0,870,2013-10-07 00:00:00,2013-10-11 00:00:00
1895644.0,4396143.0,871,2019-09-25 00:00:00,2019-09-25 00:00:00
1897497.2,4396606.0,872,2019-09-06 00:00:00,2019-09-06 00:00:00
1907690.1,4396606.0,873,2014-06-03 00:00:00,2014-06-03 00:00:00
1907226.8,4395679.5,874,2016-09-27 00:00:00,2016-09-27 00:00:00
1920199.5,4396606.0,875,2004-07-11 00:00:00,2004-07-11 00:00:00
1920662.9,4396606.0,876,2009-07-01 00:00:00,2009-07-01 00:00:00
1921126.1,4396606.0,877,2005-06-02 00:00:00,2005-06-02 00:00:00
1921589.5,4396143.0,878,2013-08-04 00:00:00,2013-08-04 00:00:00
1923906.0,4396143.0,879,2013-10-17 00:00:00,2013-10-20 00:00:00
1925296.0,4396606.0,880,2009-06-30 00:00:00,2009-06-30 00:00:00
1925759.2,4396606.0,881,2013-07-31 00:00:00,2013-07-31 00:00:00
1940122.0,4396606.0,882,2015-08-16 00:00:00,2015-08-17 00:00:00
1943365.1,4396606.0,883,2017-10-10 00:00:00,2017-10-10 00:00:00
1951241.5,4396606.0,884,2015-09-25 00:00:00,2015-09-25 00:00:00
1951704.8,4396143.0,885,2015-09-09 00:00:00,2015-09-18 00:00:00
1906763.5,4395216.0,888,2013-10-10 00:00:00,2013-10-15 00:00:00
1915566.4,4396143.0,889,2008-09-20 00:00:00,2008-09-20 00:00:00
1917883.0,4396143.0,890,2008-10-05 00:00:00,2008-10-05 00:00:00
1918346.2,4396143.0,891,2008-09-19 00:00:00,2008-09-19 00:00:00
1923442.8,4394289.5,892,2005-07-01 00:00:00,2005-07-05 00:00:00
1924832.6,4396143.0,893,2013-07-31 00:00:00,2013-07-31 00:00:00
1924832.6,4396143.0,894,2013-10-17 00:00:00,2013-10-17 00:00:00
1926685.9,4395679.5,895,2016-05-16 00:00:00,2016-05-19 00:00:00
1938732.0,4396143.0,896,2005-10-14 00:00:00,2005-10-14 00:00:00
1907226.8,4395679.5,900,2014-09-11 00:00:00,2014-09-11 00:00:00
1908616.8,4395216.0,901,2016-08-09 00:00:00,2016-08-09 00:00:00
1918346.2,4395679.5,902,2016-08-10 00:00:00,2016-08-10 00:00:00
1919736.2,4395679.5,903,2002-07-23 00:00:00,2002-07-27 00:00:00
1922516.1,4395679.5,904,2010-07-01 00:00:00,2010-07-01 00:00:00
1923442.8,4395679.5,905,2013-10-11 00:00:00,2013-10-11 00:00:00
1924369.4,4395679.5,906,2004-06-04 00:00:00,2004-06-06 00:00:00
1925296.0,4395679.5,907,2009-07-20 00:00:00,2009-07-20 00:00:00
1925296.0,4395679.5,908,2010-07-01 00:00:00,2010-07-01 00:00:00
1925296.0,4395679.5,909,2015-07-03 00:00:00,2015-07-03 00:00:00
1925759.2,4395216.0,910,2019-09-20 00:00:00,2019-09-24 00:00:00
1926222.6,4395679.5,911,2016-08-08 00:00:00,2016-08-08 00:00:00
1927149.2,4395679.5,912,2002-07-01 00:00:00,2002-07-01 00:00:00
1928539.1,4395679.5,913,2005-06-30 00:00:00,2005-06-30 00:00:00
1924832.6,4391509.5,914,2012-09-10 00:00:00,2012-09-19 00:00:00
1929465.8,4394289.5,915,2016-07-28 00:00:00,2016-08-14 00:00:00
1938732.0,4387803.0,916,2014-06-27 00:00:00,2014-07-28 00:00:00
1934098.9,4395679.5,917,2010-07-26 00:00:00,2010-07-26 00:00:00
1935952.1,4395679.5,918,2009-08-08 00:00:00,2009-08-11 00:00:00
1936415.5,4395679.5,919,2016-07-28 00:00:00,2016-07-30 00:00:00
1937342.1,4394753.0,920,2015-08-21 00:00:00,2015-08-24 00:00:00
1939658.6,4394289.5,921,2005-09-24 00:00:00,2005-10-10 00:00:00
1939658.6,4395679.5,922,2005-09-18 00:00:00,2005-09-18 00:00:00
1941975.2,4395679.5,923,2005-09-24 00:00:00,2005-09-24 00:00:00
1943365.1,4395679.5,924,2017-10-03 00:00:00,2017-10-03 00:00:00
1905836.9,4392899.5,925,2004-09-23 00:00:00,2004-09-29 00:00:00
1912786.5,4395216.0,926,2017-09-24 00:00:00,2017-09-24 00:00:00
1920662.9,4391046.5,927,2014-07-22 00:00:00,2014-08-01 00:00:00
1920662.9,4392436.5,928,2014-05-31 00:00:00,2014-06-03 00:00:00
1922516.1,4394753.0,929,2011-06-01 00:00:00,2011-06-02 00:00:00
1922979.4,4395216.0,930,2013-10-17 00:00:00,2013-10-17 00:00:00
1923906.0,4394753.0,931,2010-07-01 00:00:00,2010-07-03 00:00:00
1924832.6,4395216.0,932,2005-06-21 00:00:00,2005-06-21 00:00:00
1926222.6,4395216.0,933,2002-06-30 00:00:00,2002-06-30 00:00:00
1926222.6,4394289.5,934,2009-08-18 00:00:00,2009-08-19 00:00:00
1927612.5,4395216.0,935,2010-07-01 00:00:00,2010-07-01 00:00:00
1928075.9,4394753.0,936,2015-08-13 00:00:00,2015-08-15 00:00:00
1935952.1,4395216.0,937,2010-07-24 00:00:00,2010-07-25 00:00:00
1935488.9,4395216.0,938,2015-08-02 00:00:00,2015-08-02 00:00:00
1918346.2,4391046.5,939,2016-08-02 00:00:00,2016-08-17 00:00:00
1919736.2,4393826.5,940,2013-10-13 00:00:00,2013-10-15 00:00:00
1922516.1,4394289.5,941,2015-06-03 00:00:00,2015-06-07 00:00:00
1922052.8,4392436.5,942,2009-08-15 00:00:00,2009-08-21 00:00:00
1925759.2,4392899.5,943,2015-08-02 00:00:00,2015-08-15 00:00:00
1925296.0,4394289.5,944,2014-08-13 00:00:00,2014-08-17 00:00:00
1925296.0,4390120.0,945,2002-07-22 00:00:00,2002-07-31 00:00:00
1926685.9,4394753.0,946,2004-07-31 00:00:00,2004-07-31 00:00:00
1927612.5,4394753.0,947,2005-07-01 00:00:00,2005-07-11 00:00:00
1929002.5,4394289.5,948,2002-08-01 00:00:00,2002-08-03 00:00:00
1929465.8,4394753.0,949,2005-07-12 00:00:00,2005-07-12 00:00:00
1929929.1,4393826.5,950,2013-08-05 00:00:00,2013-08-05 00:00:00
1929929.1,4392436.5,951,2005-05-31 00:00:00,2005-06-04 00:00:00
1931782.4,4394289.5,952,2002-07-23 00:00:00,2002-07-27 00:00:00
1932245.6,4394753.0,953,2005-07-05 00:00:00,2005-07-05 00:00:00
1935025.5,4389193.0,954,2011-07-10 00:00:00,2011-07-15 00:00:00
1933635.6,4394753.0,955,2002-07-17 00:00:00,2002-07-19 00:00:00
1939195.4,4394753.0,956,2005-10-12 00:00:00,2005-10-12 00:00:00
1954021.4,4394753.0,957,2016-05-11 00:00:00,2016-05-11 00:00:00
1954484.6,4394753.0,958,2016-05-01 00:00:00,2016-05-01 00:00:00
1904446.9,4393826.5,959,2004-09-11 00:00:00,2004-09-12 00:00:00
1906300.1,4391973.0,960,2013-10-13 00:00:00,2013-10-20 00:00:00
1905836.9,4393826.5,961,2014-06-27 00:00:00,2014-07-03 00:00:00
1917419.6,4393363.0,962,2016-08-19 00:00:00,2016-08-21 00:00:00
1921126.1,4393826.5,963,2004-07-16 00:00:00,2004-07-18 00:00:00
1921589.5,4393826.5,964,2019-10-10 00:00:00,2019-10-11 00:00:00
1927149.2,4391509.5,965,2018-10-01 00:00:00,2018-10-09 00:00:00
1924369.4,4392436.5,966,2010-06-01 00:00:00,2010-06-06 00:00:00
1922979.4,4393826.5,967,2016-08-18 00:00:00,2016-08-20 00:00:00
1924369.4,4393826.5,968,2013-09-08 00:00:00,2013-09-20 00:00:00
1924832.6,4394289.5,969,2010-07-03 00:00:00,2010-07-03 00:00:00
1924832.6,4394289.5,970,2013-10-12 00:00:00,2013-10-12 00:00:00
1924832.6,4394289.5,971,2019-10-11 00:00:00,2019-10-11 00:00:00
1925296.0,4394289.5,972,2012-09-19 00:00:00,2012-09-19 00:00:00
1925759.2,4394289.5,973,2010-07-26 00:00:00,2010-07-26 00:00:00
1926222.6,4392899.5,974,2014-08-03 00:00:00,2014-08-07 00:00:00
1927612.5,4393826.5,975,2004-08-23 00:00:00,2004-08-27 00:00:00
1926685.9,4393363.0,976,2005-05-31 00:00:00,2005-06-02 00:00:00
1923906.0,4393826.5,977,2019-10-12 00:00:00,2019-10-12 00:00:00
1930392.4,4393826.5,978,2005-07-20 00:00:00,2005-07-22 00:00:00
1935025.5,4393826.5,979,2002-07-24 00:00:00,2002-07-29 00:00:00
1952168.1,4394289.5,980,2015-09-25 00:00:00,2015-09-25 00:00:00
1910933.2,4393826.5,982,2016-09-13 00:00:00,2016-09-13 00:00:00
1918809.6,4393826.5,983,2011-08-02 00:00:00,2011-08-02 00:00:00
1920662.9,4393826.5,984,2016-08-18 00:00:00,2016-08-18 00:00:00
1922979.4,4391046.5,985,2010-06-30 00:00:00,2010-07-09 00:00:00
1922979.4,4393363.0,986,2015-06-19 00:00:00,2015-06-21 00:00:00
1929465.8,4393363.0,987,2010-07-26 00:00:00,2010-07-26 00:00:00
1935025.5,4393363.0,988,2016-08-12 00:00:00,2016-08-12 00:00:00
1934562.2,4392899.5,989,2009-08-09 00:00:00,2009-08-11 00:00:00
1934562.2,4392436.5,990,2009-08-01 00:00:00,2009-08-08 00:00:00
1937342.1,4388266.5,991,2010-08-31 00:00:00,2010-09-16 00:00:00
1932245.6,4392899.5,992,2016-08-08 00:00:00,2016-08-08 00:00:00
1906763.5,4393363.0,994,2004-10-08 00:00:00,2004-10-08 00:00:00
1907226.8,4393363.0,995,2013-10-11 00:00:00,2013-10-11 00:00:00
1919272.9,4393363.0,996,2014-06-05 00:00:00,2014-06-05 00:00:00
1922052.8,4393363.0,997,2019-09-25 00:00:00,2019-09-25 00:00:00
1922516.1,4392899.5,998,2004-06-06 00:00:00,2004-06-12 00:00:00
1921126.1,4391046.5,999,2010-06-01 00:00:00,2010-06-06 00:00:00
1924369.4,4391509.5,1000,2013-08-24 00:00:00,2013-08-28 00:00:00
1923906.0,4393363.0,1001,2019-09-18 00:00:00,2019-09-18 00:00:00
1924369.4,4393363.0,1002,2019-09-25 00:00:00,2019-09-28 00:00:00
1924832.6,4393363.0,1003,2014-08-19 00:00:00,2014-08-19 00:00:00
1924832.6,4392899.5,1004,2019-10-10 00:00:00,2019-10-14 00:00:00
1925759.2,4391973.0,1005,2004-08-26 00:00:00,2004-09-09 00:00:00
1926222.6,4393363.0,1006,2021-06-04 00:00:00,2021-06-04 00:00:00
1935952.1,4392899.5,1007,2016-07-28 00:00:00,2016-08-02 00:00:00
1935952.1,4393363.0,1008,2015-08-01 00:00:00,2015-08-01 00:00:00
1941048.6,4393363.0,1009,2005-10-10 00:00:00,2005-10-10 00:00:00
1951704.8,4393363.0,1010,2015-09-23 00:00:00,2015-09-25 00:00:00
1893327.4,4391973.0,1012,2020-09-27 00:00:00,2020-09-27 00:00:00
1905373.5,4391973.0,1013,2011-10-19 00:00:00,2011-10-27 00:00:00
1905836.9,4392899.5,1014,2011-10-27 00:00:00,2011-10-27 00:00:00
1908616.8,4392899.5,1015,2013-10-11 00:00:00,2013-10-11 00:00:00
1911859.9,4391973.0,1016,2009-08-20 00:00:00,2009-08-21 00:00:00
1911859.9,4392436.5,1017,2017-09-29 00:00:00,2017-09-29 00:00:00
1914176.5,4392436.5,1018,2007-09-27 00:00:00,2007-09-27 00:00:00
1919736.2,4392436.5,1019,2005-07-05 00:00:00,2005-07-06 00:00:00
1925759.2,4392899.5,1020,2009-08-15 00:00:00,2009-08-15 00:00:00
1926685.9,4392436.5,1021,2009-08-21 00:00:00,2009-08-21 00:00:00
1930855.8,4391509.5,1022,2002-07-04 00:00:00,2002-07-15 00:00:00
1930855.8,4392899.5,1023,2016-08-12 00:00:00,2016-08-12 00:00:00
1945218.4,4392899.5,1024,2017-10-08 00:00:00,2017-10-08 00:00:00
1884524.5,4392436.5,1028,2005-09-23 00:00:00,2005-09-23 00:00:00
1913713.1,4386413.5,1029,2012-07-19 00:00:00,2012-08-11 00:00:00
1906763.5,4392436.5,1030,2016-09-27 00:00:00,2016-09-27 00:00:00
1906763.5,4392436.5,1031,2022-10-18 00:00:00,2022-10-18 00:00:00
1907690.1,4392436.5,1032,2004-09-25 00:00:00,2004-09-27 00:00:00
1910470.0,4387803.0,1033,2014-08-02 00:00:00,2014-08-10 00:00:00
1912786.5,4390583.0,1034,2011-09-20 00:00:00,2011-09-27 00:00:00
1912323.2,4391973.0,1035,2015-08-21 00:00:00,2015-08-24 00:00:00
1918346.2,4392436.5,1036,2013-10-17 00:00:00,2013-10-17 00:00:00
1918346.2,4392436.5,1037,2013-09-02 00:00:00,2013-09-02 00:00:00
1918809.6,4392436.5,1038,2013-10-03 00:00:00,2013-10-03 00:00:00
1919736.2,4391046.5,1039,2011-07-12 00:00:00,2011-07-15 00:00:00
1922052.8,4392436.5,1040,2005-06-30 00:00:00,2005-07-04 00:00:00
1922516.1,4391973.0,1041,2022-06-06 00:00:00,2022-06-08 00:00:00
1922979.4,4391973.0,1042,2005-05-31 00:00:00,2005-06-02 00:00:00
1923442.8,4392436.5,1043,2005-07-11 00:00:00,2005-07-11 00:00:00
1924369.4,4392436.5,1044,2019-10-04 00:00:00,2019-10-04 00:00:00
1926222.6,4392436.5,1045,2017-09-22 00:00:00,2017-09-22 00:00:00
1929002.5,4392436.5,1046,2012-09-04 00:00:00,2012-09-04 00:00:00
1932709.0,4389193.0,1047,2007-07-16 00:00:00,2007-07-20 00:00:00
1935025.5,4391509.5,1048,2016-07-28 00:00:00,2016-08-12 00:00:00
1933172.2,4389193.0,1049,2012-07-27 00:00:00,2012-08-24 00:00:00
1932709.0,4389193.0,1050,2008-07-13 00:00:00,2008-07-27 00:00:00
1935488.9,4391973.0,1051,2016-08-21 00:00:00,2016-08-22 00:00:00
1906763.5,4391973.0,1052,2011-10-23 00:00:00,2011-10-23 00:00:00
1913713.1,4391973.0,1053,2007-10-09 00:00:00,2007-10-09 00:00:00
1918809.6,4390583.0,1054,2013-10-10 00:00:00,2013-10-15 00:00:00
1921126.1,4390583.0,1055,2015-06-06 00:00:00,2015-06-10 00:00:00
1922052.8,4391973.0,1056,2004-06-19 00:00:00,2004-06-19 00:00:00
1922052.8,4391973.0,1057,2015-06-03 00:00:00,2015-06-03 00:00:00
1922516.1,4391973.0,1058,2018-09-22 00:00:00,2018-09-22 00:00:00
1923442.8,4391973.0,1059,2017-10-04 00:00:00,2017-10-04 00:00:00
1924369.4,4391973.0,1060,2010-07-02 00:00:00,2010-07-02 00:00:00
1924369.4,4391973.0,1061,2017-09-26 00:00:00,2017-09-26 00:00:00
1924369.4,4391973.0,1062,2019-09-25 00:00:00,2019-09-25 00:00:00
1925759.2,4391973.0,1063,2017-10-01 00:00:00,2017-10-05 00:00:00
1926222.6,4391509.5,1064,2005-06-02 00:00:00,2005-06-02 00:00:00
1929465.8,4390583.0,1065,2011-07-11 00:00:00,2011-07-11 00:00:00
1937342.1,4387340.0,1066,2002-07-18 00:00:00,2002-08-02 00:00:00
1933635.6,4389656.5,1067,2004-08-02 00:00:00,2004-08-20 00:00:00
1932245.6,4390120.0,1068,2005-07-07 00:00:00,2005-07-12 00:00:00
1936415.5,4390583.0,1069,2012-07-23 00:00:00,2012-07-31 00:00:00
1935025.5,4391973.0,1070,2009-08-09 00:00:00,2009-08-09 00:00:00
1937805.4,4391973.0,1071,2009-08-17 00:00:00,2009-08-17 00:00:00
1946145.0,4391973.0,1072,2017-10-03 00:00:00,2017-10-03 00:00:00
1910006.6,4389656.5,1077,2008-09-20 00:00:00,2008-10-04 00:00:00
1910006.6,4390120.0,1078,2018-09-22 00:00:00,2018-09-22 00:00:00
1914639.8,4391509.5,1079,2007-10-03 00:00:00,2007-10-03 00:00:00
1916493.0,4390120.0,1080,2007-10-04 00:00:00,2007-10-14 00:00:00
1922979.4,4391509.5,1081,2014-08-05 00:00:00,2014-08-06 00:00:00
1923442.8,4391509.5,1082,2004-06-01 00:00:00,2004-06-01 00:00:00
1922516.1,4390583.0,1083,2018-09-22 00:00:00,2018-09-22 00:00:00
1928075.9,4390583.0,1084,2005-07-05 00:00:00,2005-07-11 00:00:00
1928539.1,4391509.5,1085,2004-07-22 00:00:00,2004-07-22 00:00:00
1933172.2,4389656.5,1086,2010-07-14 00:00:00,2010-07-20 00:00:00
1931319.0,4389193.0,1087,2015-08-10 00:00:00,2015-08-16 00:00:00
1935025.5,4391509.5,1088,2009-08-03 00:00:00,2009-08-03 00:00:00
1938732.0,4390583.0,1089,2015-08-10 00:00:00,2015-08-23 00:00:00
1945218.4,4391509.5,1090,2017-10-03 00:00:00,2017-10-03 00:00:00
1883134.5,4387803.0,1092,2005-09-30 00:00:00,2005-10-09 00:00:00
1900277.1,4391046.5,1093,2013-10-04 00:00:00,2013-10-04 00:00:00
1907226.8,4390120.0,1094,2008-09-27 00:00:00,2008-09-27 00:00:00
1907226.8,4391046.5,1095,2014-08-11 00:00:00,2014-08-11 00:00:00
1910006.6,4388730.0,1096,2006-09-05 00:00:00,2006-09-12 00:00:00
1908616.8,4390120.0,1097,2018-09-22 00:00:00,2018-09-22 00:00:00
1909080.0,4389193.0,1098,2011-08-04 00:00:00,2011-08-11 00:00:00
1916029.8,4389656.5,1099,2015-06-02 00:00:00,2015-06-15 00:00:00
1923906.0,4391046.5,1100,2010-07-02 00:00:00,2010-07-02 00:00:00
1925296.0,4390583.0,1101,2019-10-10 00:00:00,2019-10-10 00:00:00
1926222.6,4390120.0,1102,2019-09-24 00:00:00,2019-09-25 00:00:00
1929002.5,4391046.5,1103,2008-06-08 00:00:00,2008-06-08 00:00:00
1931319.0,4391046.5,1104,2013-08-28 00:00:00,2013-08-28 00:00:00
1932245.6,4390583.0,1105,2003-07-19 00:00:00,2003-07-20 00:00:00
1933172.2,4391046.5,1106,2006-07-22 00:00:00,2006-07-22 00:00:00
1936415.5,4388266.5,1107,2005-07-11 00:00:00,2005-07-13 00:00:00
1935952.1,4391046.5,1108,2009-08-14 00:00:00,2009-08-14 00:00:00
1935952.1,4389193.0,1109,2006-07-17 00:00:00,2006-07-21 00:00:00
1936878.8,4391046.5,1110,2013-07-31 00:00:00,2013-07-31 00:00:00
1936878.8,4390583.0,1111,2014-07-04 00:00:00,2014-07-11 00:00:00
1947071.6,4390583.0,1112,2017-10-03 00:00:00,2017-10-04 00:00:00
1932709.0,4388730.0,1118,2011-08-06 00:00:00,2011-08-06 00:00:00
1862748.8,4390583.0,1123,2007-09-27 00:00:00,2007-09-27 00:00:00
1863675.4,4390583.0,1124,2007-09-21 00:00:00,2007-09-26 00:00:00
1884061.1,4390583.0,1125,2005-10-09 00:00:00,2005-10-09 00:00:00
1887767.6,4390583.0,1126,2005-09-16 00:00:00,2005-09-24 00:00:00
1902593.6,4390583.0,1127,2013-10-02 00:00:00,2013-10-02 00:00:00
1908153.4,4388266.5,1128,2007-07-05 00:00:00,2007-07-08 00:00:00
1908153.4,4387340.0,1129,2022-10-09 00:00:00,2022-10-18 00:00:00
1907690.1,4388730.0,1130,2006-09-17 00:00:00,2006-09-17 00:00:00
1908153.4,4390583.0,1131,2008-09-20 00:00:00,2008-09-20 00:00:00
1909543.4,4389656.5,1132,2003-07-01 00:00:00,2003-07-04 00:00:00
1908153.4,4388266.5,1133,2004-10-17 00:00:00,2004-10-18 00:00:00
1911859.9,4387340.0,1134,2018-10-03 00:00:00,2018-10-14 00:00:00
1914176.5,4390120.0,1135,2007-09-27 00:00:00,2007-10-02 00:00:00
1915103.1,4390120.0,1136,2007-10-03 00:00:00,2007-10-03 00:00:00
1915566.4,4390583.0,1137,2007-09-27 00:00:00,2007-09-27 00:00:00
1916956.4,4387340.0,1138,2014-07-10 00:00:00,2014-07-13 00:00:00
1920662.9,4386876.5,1139,2015-08-01 00:00:00,2015-08-16 00:00:00
1922979.4,4390120.0,1140,2004-06-06 00:00:00,2004-06-11 00:00:00
1927149.2,4387340.0,1141,2004-07-31 00:00:00,2004-08-08 00:00:00
1929002.5,4389656.5,1142,2012-08-04 00:00:00,2012-08-06 00:00:00
1931319.0,4387340.0,1143,2002-07-20 00:00:00,2002-08-03 00:00:00
1930392.4,4389656.5,1144,2019-09-24 00:00:00,2019-09-25 00:00:00
1930392.4,4390120.0,1145,2013-08-05 00:00:00,2013-08-08 00:00:00
1931319.0,4390583.0,1146,2006-08-09 00:00:00,2006-08-11 00:00:00
1935952.1,4390583.0,1147,2009-08-01 00:00:00,2009-08-01 00:00:00
1937342.1,4388730.0,1148,2004-07-31 00:00:00,2004-08-04 00:00:00
1937805.4,4387803.0,1149,2007-08-11 00:00:00,2007-08-14 00:00:00
1937805.4,4388730.0,1150,2012-08-06 00:00:00,2012-08-08 00:00:00
1884524.5,4390120.0,1155,2005-09-20 00:00:00,2005-09-20 00:00:00
1907690.1,4390120.0,1157,2008-10-03 00:00:00,2008-10-03 00:00:00
1908153.4,4389656.5,1158,2008-09-27 00:00:00,2008-09-27 00:00:00
1909080.0,4389656.5,1159,2017-09-20 00:00:00,2017-09-20 00:00:00
1908616.8,4390120.0,1160,2008-10-03 00:00:00,2008-10-03 00:00:00
1909080.0,4389656.5,1161,2009-08-31 00:00:00,2009-08-31 00:00:00
1909543.4,4389656.5,1162,2015-09-09 00:00:00,2015-09-09 00:00:00
1910006.6,4390120.0,1163,2011-09-08 00:00:00,2011-09-08 00:00:00
1913713.1,4389193.0,1164,2014-08-07 00:00:00,2014-08-11 00:00:00
1915103.1,4389193.0,1165,2011-08-02 00:00:00,2011-08-07 00:00:00
1921589.5,4389656.5,1166,2014-07-11 00:00:00,2014-07-14 00:00:00
1922979.4,4390120.0,1167,2008-08-12 00:00:00,2008-08-12 00:00:00
1922979.4,4390120.0,1168,2016-08-03 00:00:00,2016-08-03 00:00:00
1923442.8,4390120.0,1169,2017-09-10 00:00:00,2017-09-10 00:00:00
1924369.4,4390120.0,1170,2002-07-22 00:00:00,2002-07-22 00:00:00
1924832.6,4390120.0,1171,2018-10-15 00:00:00,2018-10-15 00:00:00
1924832.6,4390120.0,1172,2019-09-25 00:00:00,2019-09-25 00:00:00
1929002.5,4390120.0,1173,2005-07-10 00:00:00,2005-07-12 00:00:00
1930855.8,4389656.5,1174,2006-08-22 00:00:00,2006-08-22 00:00:00
1932709.0,4388266.5,1175,2016-08-07 00:00:00,2016-08-20 00:00:00
1931319.0,4390120.0,1176,2013-08-07 00:00:00,2013-08-07 00:00:00
1932245.6,4390120.0,1177,2015-08-08 00:00:00,2015-08-08 00:00:00
1934098.9,4389656.5,1178,2003-08-01 00:00:00,2003-08-05 00:00:00
1931782.4,4389656.5,1179,2010-08-28 00:00:00,2010-08-28 00:00:00
1931782.4,4389656.5,1180,2003-08-17 00:00:00,2003-08-17 00:00:00
1937342.1,4389656.5,1181,2003-08-05 00:00:00,2003-08-08 00:00:00
1939658.6,4385486.5,1182,2004-08-12 00:00:00,2004-08-18 00:00:00
1946608.4,4388730.0,1183,2017-09-21 00:00:00,2017-10-04 00:00:00
1947071.6,4390120.0,1184,2012-09-20 00:00:00,2012-09-20 00:00:00
1903057.0,4388266.5,1187,2013-10-01 00:00:00,2013-10-02 00:00:00
1903983.6,4389193.0,1188,2011-10-12 00:00:00,2011-10-17 00:00:00
1905836.9,4389656.5,1189,2013-10-13 00:00:00,2013-10-13 00:00:00
1906300.1,4389193.0,1190,2013-10-02 00:00:00,2013-10-04 00:00:00
1906763.5,4389656.5,1191,2008-09-20 00:00:00,2008-09-20 00:00:00
1911396.6,4387340.0,1192,2008-09-11 00:00:00,2008-09-20 00:00:00
1911396.6,4388730.0,1193,2008-09-28 00:00:00,2008-09-28 00:00:00
1911859.9,4388266.5,1194,2015-08-15 00:00:00,2015-08-24 00:00:00
1912323.2,4389193.0,1195,2002-07-28 00:00:00,2002-07-28 00:00:00
1912323.2,4389656.5,1196,2014-06-02 00:00:00,2014-06-02 00:00:00
1917883.0,4389656.5,1197,2016-07-31 00:00:00,2016-08-07 00:00:00
1918346.2,4389193.0,1198,2015-06-06 00:00:00,2015-06-06 00:00:00
1918809.6,4389656.5,1199,2016-08-03 00:00:00,2016-08-03 00:00:00
1922052.8,4388266.5,1200,2016-07-24 00:00:00,2016-07-28 00:00:00
1922052.8,4389656.5,1201,2016-08-03 00:00:00,2016-08-03 00:00:00
1919736.2,4388730.0,1202,2009-08-15 00:00:00,2009-08-17 00:00:00
1923442.8,4389656.5,1203,2004-08-05 00:00:00,2004-08-05 00:00:00
1929002.5,4388730.0,1204,2014-08-03 00:00:00,2014-08-08 00:00:00
1929465.8,4389656.5,1205,2016-08-01 00:00:00,2016-08-01 00:00:00
1932709.0,4387803.0,1206,2005-05-31 00:00:00,2005-06-02 00:00:00
1930392.4,4389656.5,1207,2014-08-07 00:00:00,2014-08-07 00:00:00
1943365.1,4389656.5,1208,2014-09-11 00:00:00,2014-09-11 00:00:00
1938268.8,4377147.0,1209,2012-09-10 00:00:00,2012-09-25 00:00:00
1949851.5,4389656.5,1210,2012-09-12 00:00:00,2012-09-12 00:00:00
1905373.5,4387803.0,1215,2017-09-26 00:00:00,2017-10-08 00:00:00
1908153.4,4388730.0,1216,2008-10-03 00:00:00,2008-10-05 00:00:00
1909080.0,4388730.0,1217,2009-09-21 00:00:00,2009-09-26 00:00:00
1910470.0,4388266.5,1218,2013-07-08 00:00:00,2013-07-10 00:00:00
1912786.5,4388730.0,1219,2011-09-20 00:00:00,2011-09-20 00:00:00
1914639.8,4386413.5,1220,2002-07-24 00:00:00,2002-07-31 00:00:00
1914639.8,4389193.0,1221,2020-10-08 00:00:00,2020-10-08 00:00:00
1913713.1,4387803.0,1222,2016-07-28 00:00:00,2016-08-14 00:00:00
1917419.6,4388730.0,1223,2015-06-03 00:00:00,2015-06-11 00:00:00
1922979.4,4389193.0,1224,2010-08-06 00:00:00,2010-08-06 00:00:00
1924832.6,4389193.0,1225,2005-07-04 00:00:00,2005-07-04 00:00:00
1925296.0,4388730.0,1226,2006-07-31 00:00:00,2006-08-02 00:00:00
1925759.2,4389193.0,1227,2014-05-31 00:00:00,2014-06-02 00:00:00
1925296.0,4387803.0,1228,2005-05-31 00:00:00,2005-06-04 00:00:00
1928539.1,4387340.0,1229,2006-08-06 00:00:00,2006-08-14 00:00:00
1930855.8,4388266.5,1230,2008-06-06 00:00:00,2008-06-09 00:00:00
1932709.0,4386413.5,1231,2018-10-01 00:00:00,2018-10-09 00:00:00
1930392.4,4389193.0,1232,2004-08-12 00:00:00,2004-08-12 00:00:00
1948461.6,4387803.0,1233,2022-10-13 00:00:00,2022-10-18 00:00:00
1906300.1,4388730.0,1238,2022-10-09 00:00:00,2022-10-09 00:00:00
1912323.2,4388266.5,1239,2018-10-04 00:00:00,2018-10-04 00:00:00
1912786.5,4388730.0,1240,2003-08-05 00:00:00,2003-08-05 00:00:00
1915103.1,4387803.0,1241,2020-10-13 00:00:00,2020-10-16 00:00:00
1915103.1,4387803.0,1242,2015-08-18 00:00:00,2015-08-24 00:00:00
1916956.4,4388730.0,1243,2015-06-13 00:00:00,2015-06-13 00:00:00
1919272.9,4388730.0,1244,2008-09-28 00:00:00,2008-09-28 00:00:00
1921589.5,4388266.5,1245,2015-08-23 00:00:00,2015-08-23 00:00:00
1919736.2,4387340.0,1246,2016-08-11 00:00:00,2016-08-11 00:00:00
1922979.4,4387803.0,1247,2019-09-22 00:00:00,2019-09-25 00:00:00
1925296.0,4388730.0,1248,2014-07-27 00:00:00,2014-07-27 00:00:00
1925759.2,4388266.5,1249,2004-08-01 00:00:00,2004-08-01 00:00:00
1930392.4,4388266.5,1250,2012-08-27 00:00:00,2012-08-27 00:00:00
1931319.0,4388730.0,1251,2016-08-28 00:00:00,2016-09-12 00:00:00
1931782.4,4388730.0,1252,2008-09-03 00:00:00,2008-09-11 00:00:00
1932245.6,4388730.0,1253,2009-08-10 00:00:00,2009-08-11 00:00:00
1931782.4,4388730.0,1254,2016-08-22 00:00:00,2016-08-22 00:00:00
1929929.1,4387340.0,1255,2007-07-09 00:00:00,2007-07-10 00:00:00
1931782.4,4387340.0,1256,2003-07-30 00:00:00,2003-08-03 00:00:00
1937805.4,4387340.0,1257,2011-07-30 00:00:00,2011-08-02 00:00:00
1938268.8,4387803.0,1258,2005-08-29 00:00:00,2005-08-30 00:00:00
1938268.8,4388730.0,1259,2015-08-24 00:00:00,2015-08-24 00:00:00
1943828.5,4388730.0,1260,2014-10-10 00:00:00,2014-10-10 00:00:00
1943365.1,4387340.0,1261,2013-09-07 00:00:00,2013-09-08 00:00:00
1944755.1,4388730.0,1262,2014-07-11 00:00:00,2014-07-19 00:00:00
1942901.9,4386876.5,1263,2010-07-23 00:00:00,2010-07-30 00:00:00
1946145.0,4386876.5,1264,2012-08-08 00:00:00,2012-08-13 00:00:00
1947535.0,4388730.0,1265,2012-09-09 00:00:00,2012-09-09 00:00:00
1960507.8,4388730.0,1266,2011-09-20 00:00:00,2011-09-20 00:00:00
1907226.8,4387340.0,1268,2006-09-19 00:00:00,2006-09-26 00:00:00
1912323.2,4387803.0,1269,2011-08-02 00:00:00,2011-08-04 00:00:00
1913249.9,4388266.5,1270,2018-10-04 00:00:00,2018-10-04 00:00:00
1914176.5,4388266.5,1271,2003-08-05 00:00:00,2003-08-05 00:00:00
1914176.5,4387803.0,1272,2008-08-19 00:00:00,2008-08-21 00:00:00
1914639.8,4388266.5,1273,2020-10-05 00:00:00,2020-10-08 00:00:00
1916956.4,4386876.5,1274,2008-07-23 00:00:00,2008-07-25 00:00:00
1916493.0,4388266.5,1275,2015-06-20 00:00:00,2015-06-20 00:00:00
1917883.0,4387803.0,1276,2016-08-03 00:00:00,2016-08-08 00:00:00
1919272.9,4387803.0,1277,2009-08-25 00:00:00,2009-08-26 00:00:00
1920199.5,4387340.0,1278,2014-07-23 00:00:00,2014-07-24 00:00:00
1920662.9,4386876.5,1279,2008-09-22 00:00:00,2008-10-04 00:00:00
1922979.4,4388266.5,1280,2002-07-27 00:00:00,2002-07-27 00:00:00
1923906.0,4387803.0,1281,2014-07-20 00:00:00,2014-07-20 00:00:00
1924369.4,4388266.5,1282,2006-08-02 00:00:00,2006-08-02 00:00:00
1924832.6,4388266.5,1283,2002-08-01 00:00:00,2002-08-01 00:00:00
1924832.6,4388266.5,1284,2006-08-08 00:00:00,2006-08-08 00:00:00
1925759.2,4387803.0,1285,2002-08-01 00:00:00,2002-08-01 00:00:00
1927149.2,4388266.5,1286,2005-05-31 00:00:00,2005-06-02 00:00:00
1928075.9,4388266.5,1287,2005-06-02 00:00:00,2005-06-02 00:00:00
1928539.1,4384096.5,1288,2007-07-06 00:00:00,2007-07-08 00:00:00
1929465.8,4387803.0,1289,2003-08-04 00:00:00,2003-08-04 00:00:00
1929929.1,4388266.5,1290,2014-06-01 00:00:00,2014-06-03 00:00:00
1929465.8,4388266.5,1291,2014-08-10 00:00:00,2014-08-10 00:00:00
1929929.1,4388266.5,1292,2008-09-14 00:00:00,2008-09-14 00:00:00
1932709.0,4387803.0,1293,2011-08-13 00:00:00,2011-08-14 00:00:00
1933172.2,4388266.5,1294,2004-08-01 00:00:00,2004-08-01 00:00:00
1933172.2,4387803.0,1295,2008-06-07 00:00:00,2008-06-08 00:00:00
1933635.6,4388266.5,1296,2013-08-07 00:00:00,2013-08-11 00:00:00
1934562.2,4388266.5,1297,2002-07-28 00:00:00,2002-07-28 00:00:00
1936415.5,4387803.0,1298,2006-07-21 00:00:00,2006-07-21 00:00:00
1935952.1,4388266.5,1299,2011-08-02 00:00:00,2011-08-02 00:00:00
1936415.5,4387803.0,1300,2015-07-31 00:00:00,2015-08-01 00:00:00
1941975.2,4388266.5,1301,2013-10-08 00:00:00,2013-10-13 00:00:00
1943365.1,4387340.0,1302,2008-09-26 00:00:00,2008-09-27 00:00:00
1943365.1,4387803.0,1303,2015-08-04 00:00:00,2015-08-06 00:00:00
1943828.5,4386876.5,1304,2011-07-10 00:00:00,2011-07-10 00:00:00
1948461.6,4388266.5,1305,2017-09-22 00:00:00,2017-09-22 00:00:00
1885451.1,4387803.0,1309,2005-09-26 00:00:00,2005-09-26 00:00:00
1909543.4,4387803.0,1310,2011-09-20 00:00:00,2011-09-20 00:00:00
1910006.6,4387803.0,1311,2012-08-19 00:00:00,2012-08-19 00:00:00
1910933.2,4387803.0,1312,2004-10-17 00:00:00,2004-10-17 00:00:00
1911859.9,4387803.0,1313,2008-09-27 00:00:00,2008-09-27 00:00:00
1914639.8,4386876.5,1314,2014-07-25 00:00:00,2014-07-26 00:00:00
1914176.5,4386876.5,1315,2011-07-15 00:00:00,2011-07-17 00:00:00
1915103.1,4387803.0,1316,2005-07-07 00:00:00,2005-07-10 00:00:00
1914176.5,4385950.0,1317,2018-10-01 00:00:00,2018-10-04 00:00:00
1915103.1,4387803.0,1318,2015-06-06 00:00:00,2015-06-06 00:00:00
1919272.9,4387803.0,1319,2013-08-22 00:00:00,2013-08-22 00:00:00
1924369.4,4387803.0,1320,2014-07-27 00:00:00,2014-07-27 00:00:00
1928539.1,4385950.0,1321,2005-07-04 00:00:00,2005-07-14 00:00:00
1928539.1,4387803.0,1322,2016-09-08 00:00:00,2016-09-08 00:00:00
1929002.5,4387803.0,1323,2008-09-11 00:00:00,2008-09-17 00:00:00
1930392.4,4387340.0,1324,2014-08-04 00:00:00,2014-08-07 00:00:00
1929465.8,4387340.0,1325,2015-08-02 00:00:00,2015-08-02 00:00:00
1932709.0,4387803.0,1326,2016-08-24 00:00:00,2016-08-25 00:00:00
1934562.2,4381780.0,1327,2008-09-20 00:00:00,2008-10-04 00:00:00
1933172.2,4387340.0,1328,2012-08-09 00:00:00,2012-08-11 00:00:00
1941975.2,4387340.0,1329,2002-08-06 00:00:00,2002-08-07 00:00:00
1942438.5,4387803.0,1330,2014-09-30 00:00:00,2014-09-30 00:00:00
1943828.5,4387340.0,1331,2014-06-02 00:00:00,2014-06-02 00:00:00
1943828.5,4384560.0,1332,2004-09-06 00:00:00,2004-09-13 00:00:00
1944755.1,4387340.0,1333,2015-08-27 00:00:00,2015-08-31 00:00:00
1947998.2,4387803.0,1334,2017-10-04 00:00:00,2017-10-04 00:00:00
1958191.1,4387803.0,1335,2011-09-09 00:00:00,2011-09-09 00:00:00
1869235.1,4386876.5,1340,2020-09-17 00:00:00,2020-09-20 00:00:00
1887767.6,4386876.5,1341,2005-10-02 00:00:00,2005-10-02 00:00:00
1909080.0,4387340.0,1342,2008-09-20 00:00:00,2008-09-20 00:00:00
1914176.5,4386876.5,1343,2010-07-21 00:00:00,2010-07-25 00:00:00
1912323.2,4385486.5,1344,2014-08-07 00:00:00,2014-08-13 00:00:00
1913249.9,4385950.0,1345,2003-08-06 00:00:00,2003-08-10 00:00:00
1914639.8,4387340.0,1346,2002-08-03 00:00:00,2002-08-03 00:00:00
1915103.1,4387340.0,1347,2010-08-24 00:00:00,2010-08-24 00:00:00
1915566.4,4386876.5,1348,2014-05-31 00:00:00,2014-06-05 00:00:00
1919272.9,4386876.5,1349,2019-09-25 00:00:00,2019-09-25 00:00:00
1920199.5,4387340.0,1350,2009-08-17 00:00:00,2009-08-18 00:00:00
1922516.1,4387340.0,1351,2014-09-09 00:00:00,2014-09-09 00:00:00
1926222.6,4387340.0,1352,2019-09-27 00:00:00,2019-09-27 00:00:00
1928075.9,4386413.5,1353,2006-07-22 00:00:00,2006-07-22 00:00:00
1927149.2,4387340.0,1354,2017-09-29 00:00:00,2017-09-29 00:00:00
1929002.5,4384560.0,1355,2014-06-24 00:00:00,2014-06-27 00:00:00
1928075.9,4387340.0,1356,2005-06-02 00:00:00,2005-06-02 00:00:00
1928075.9,4386876.5,1357,2006-07-28 00:00:00,2006-07-29 00:00:00
1929002.5,4386876.5,1358,2005-06-02 00:00:00,2005-06-03 00:00:00
1930392.4,4387340.0,1359,2016-08-21 00:00:00,2016-08-21 00:00:00
1932245.6,4386876.5,1360,2010-09-04 00:00:00,2010-09-04 00:00:00
1936415.5,4387340.0,1361,2011-08-02 00:00:00,2011-08-02 00:00:00
1936878.8,4387340.0,1362,2002-07-21 00:00:00,2002-07-21 00:00:00
1943365.1,4386876.5,1363,2006-08-26 00:00:00,2006-08-29 00:00:00
1942901.9,4387340.0,1364,2008-10-06 00:00:00,2008-10-06 00:00:00
1943828.5,4386876.5,1365,2014-06-12 00:00:00,2014-06-15 00:00:00
1944291.8,4387340.0,1366,2006-09-06 00:00:00,2006-09-09 00:00:00
1946145.0,4387340.0,1367,2004-09-27 00:00:00,2004-09-27 00:00:00
1745530.6,4386413.5,1370,2003-08-08 00:00:00,2003-08-08 00:00:00
1884987.8,4386876.5,1371,2005-10-12 00:00:00,2005-10-12 00:00:00
1904910.2,4386876.5,1372,2017-10-05 00:00:00,2017-10-07 00:00:00
1907226.8,4386876.5,1373,2017-09-29 00:00:00,2017-09-29 00:00:00
1912786.5,4385950.0,1374,2005-07-09 00:00:00,2005-07-12 00:00:00
1916493.0,4385486.5,1375,2003-08-03 00:00:00,2003-08-05 00:00:00
1919736.2,4386876.5,1376,2008-08-14 00:00:00,2008-08-14 00:00:00
1920199.5,4386876.5,1377,2008-09-20 00:00:00,2008-09-20 00:00:00
1923906.0,4385950.0,1378,2019-10-10 00:00:00,2019-10-14 00:00:00
1925759.2,4386413.5,1379,2019-10-03 00:00:00,2019-10-03 00:00:00
1928075.9,4385950.0,1380,2012-07-18 00:00:00,2012-07-21 00:00:00
1928075.9,4385950.0,1381,2016-07-06 00:00:00,2016-07-08 00:00:00
1929465.8,4386413.5,1382,2017-09-22 00:00:00,2017-09-22 00:00:00
1929929.1,4386876.5,1383,2012-09-15 00:00:00,2012-09-19 00:00:00
1931319.0,4386876.5,1384,2016-08-13 00:00:00,2016-08-19 00:00:00
1931782.4,4386413.5,1385,2016-08-25 00:00:00,2016-08-27 00:00:00
1932709.0,4386876.5,1386,2010-09-11 00:00:00,2010-09-11 00:00:00
1933635.6,4386876.5,1387,2018-10-24 00:00:00,2018-10-24 00:00:00
1934098.9,4386876.5,1388,2018-10-15 00:00:00,2018-10-15 00:00:00
1938268.8,4386876.5,1389,2004-08-23 00:00:00,2004-08-23 00:00:00
1943365.1,4386876.5,1390,2004-09-20 00:00:00,2004-09-20 00:00:00
1945218.4,4386413.5,1391,2012-07-26 00:00:00,2012-07-29 00:00:00
1909080.0,4385023.5,1394,2018-10-01 00:00:00,2018-10-14 00:00:00
1910470.0,4386413.5,1395,2015-08-22 00:00:00,2015-08-22 00:00:00
1912323.2,4386413.5,1396,2015-07-28 00:00:00,2015-08-01 00:00:00
1914176.5,4386413.5,1397,2008-09-27 00:00:00,2008-09-27 00:00:00
1916029.8,4386413.5,1398,2014-07-21 00:00:00,2014-07-21 00:00:00
1920199.5,4386413.5,1399,2019-09-24 00:00:00,2019-09-24 00:00:00
1922979.4,4386413.5,1400,2014-09-09 00:00:00,2014-09-09 00:00:00
1922979.4,4385950.0,1401,2016-08-08 00:00:00,2016-08-10 00:00:00
1925759.2,4385950.0,1402,2014-09-07 00:00:00,2014-09-12 00:00:00
1930392.4,4385950.0,1403,2018-10-15 00:00:00,2018-10-17 00:00:00
1931319.0,4385950.0,1404,2015-08-18 00:00:00,2015-08-23 00:00:00
1931782.4,4385950.0,1405,2018-10-15 00:00:00,2018-10-15 00:00:00
1932709.0,4386413.5,1406,2007-10-14 00:00:00,2007-10-14 00:00:00
1944291.8,4384096.5,1407,2013-09-24 00:00:00,2013-10-07 00:00:00
1943365.1,4386413.5,1408,2013-10-08 00:00:00,2013-10-08 00:00:00
1944291.8,4385023.5,1409,2008-09-24 00:00:00,2008-10-06 00:00:00
1943365.1,4381780.0,1410,2014-07-03 00:00:00,2014-07-05 00:00:00
1945218.4,4386413.5,1411,2013-09-09 00:00:00,2013-09-09 00:00:00
1945218.4,4385486.5,1412,2004-09-16 00:00:00,2004-09-20 00:00:00
1872941.6,4385950.0,1414,2020-09-20 00:00:00,2020-09-20 00:00:00
1907690.1,4385950.0,1415,2009-09-06 00:00:00,2009-09-08 00:00:00
1907690.1,4385950.0,1416,2017-09-26 00:00:00,2017-09-26 00:00:00
1910006.6,4385950.0,1417,2008-09-20 00:00:00,2008-09-20 00:00:00
1910470.0,4385486.5,1418,2008-09-27 00:00:00,2008-09-27 00:00:00
1911396.6,4385950.0,1419,2015-08-16 00:00:00,2015-08-16 00:00:00
1914176.5,4385486.5,1420,2014-07-27 00:00:00,2014-07-27 00:00:00
1915103.1,4385950.0,1421,2008-09-16 00:00:00,2008-09-16 00:00:00
1916029.8,4385486.5,1422,2011-09-06 00:00:00,2011-09-06 00:00:00
1916029.8,4385486.5,1423,2008-09-11 00:00:00,2008-09-16 00:00:00
1916029.8,4385486.5,1424,2013-09-24 00:00:00,2013-09-24 00:00:00
1920662.9,4385950.0,1425,2008-10-02 00:00:00,2008-10-02 00:00:00
1922979.4,4385950.0,1426,2015-08-06 00:00:00,2015-08-06 00:00:00
1927612.5,4383633.5,1427,2005-05-31 00:00:00,2005-06-04 00:00:00
1929002.5,4385023.5,1428,2005-05-31 00:00:00,2005-06-03 00:00:00
1929002.5,4384560.0,1429,2002-07-18 00:00:00,2002-07-22 00:00:00
1933172.2,4385950.0,1430,2016-09-07 00:00:00,2016-09-09 00:00:00
1942438.5,4385950.0,1431,2006-08-14 00:00:00,2006-08-14 00:00:00
1942901.9,4385950.0,1432,2006-08-01 00:00:00,2006-08-01 00:00:00
1942901.9,4385486.5,1433,2012-09-15 00:00:00,2012-09-16 00:00:00
1943828.5,4385950.0,1434,2013-10-17 00:00:00,2013-10-17 00:00:00
1947071.6,4385950.0,1435,2004-09-11 00:00:00,2004-09-11 00:00:00
1948924.9,4385950.0,1436,2017-10-03 00:00:00,2017-10-03 00:00:00
1907690.1,4385486.5,1438,2009-09-21 00:00:00,2009-09-21 00:00:00
1911396.6,4385486.5,1439,2018-10-04 00:00:00,2018-10-04 00:00:00
1915103.1,4385486.5,1440,2008-09-27 00:00:00,2008-09-27 00:00:00
1915566.4,4385486.5,1441,2011-09-20 00:00:00,2011-09-20 00:00:00
1916029.8,4385486.5,1442,2006-08-20 00:00:00,2006-08-21 00:00:00
1917883.0,4385486.5,1443,2019-10-10 00:00:00,2019-10-12 00:00:00
1919272.9,4384096.5,1444,2019-09-23 00:00:00,2019-10-04 00:00:00
1921126.1,4385486.5,1445,2004-08-15 00:00:00,2004-08-15 00:00:00
1921126.1,4385023.5,1446,2013-08-01 00:00:00,2013-08-02 00:00:00
1921126.1,4385023.5,1447,2014-06-02 00:00:00,2014-06-02 00:00:00
1921126.1,4382707.0,1448,2008-07-23 00:00:00,2008-07-29 00:00:00
1922516.1,4385486.5,1449,2008-10-28 00:00:00,2008-10-28 00:00:00
1923442.8,4385486.5,1450,2006-08-02 00:00:00,2006-08-02 00:00:00
1924832.6,4385023.5,1451,2019-09-24 00:00:00,2019-09-25 00:00:00
1924832.6,4385486.5,1452,2014-09-11 00:00:00,2014-09-11 00:00:00
1923442.8,4382243.5,1453,2009-08-01 00:00:00,2009-08-09 00:00:00
1920662.9,4383633.5,1454,2014-06-18 00:00:00,2014-07-08 00:00:00
1925759.2,4385486.5,1455,2014-06-02 00:00:00,2014-06-02 00:00:00
1931782.4,4385486.5,1456,2007-09-24 00:00:00,2007-09-28 00:00:00
1932709.0,4384096.5,1457,2013-08-06 00:00:00,2013-08-11 00:00:00
1932245.6,4385486.5,1458,2016-08-21 00:00:00,2016-08-21 00:00:00
1933172.2,4385486.5,1459,2016-08-23 00:00:00,2016-08-23 00:00:00
1943365.1,4385486.5,1460,2004-09-27 00:00:00,2004-09-27 00:00:00
1945681.8,4385486.5,1461,2017-09-28 00:00:00,2017-10-04 00:00:00
1949388.2,4385486.5,1462,2015-09-25 00:00:00,2015-09-27 00:00:00
1913713.1,4384560.0,1464,2018-10-01 00:00:00,2018-10-10 00:00:00
1913713.1,4384096.5,1465,2008-09-27 00:00:00,2008-09-27 00:00:00
1913713.1,4385023.5,1466,2014-08-07 00:00:00,2014-08-07 00:00:00
1916493.0,4385023.5,1467,2017-10-03 00:00:00,2017-10-03 00:00:00
1918346.2,4384560.0,1468,2015-06-09 00:00:00,2015-06-13 00:00:00
1921126.1,4384560.0,1469,2004-08-03 00:00:00,2004-08-17 00:00:00
1920199.5,4384560.0,1470,2009-08-09 00:00:00,2009-08-10 00:00:00
1920662.9,4381317.0,1471,2003-08-03 00:00:00,2003-08-08 00:00:00
1920662.9,4383633.5,1472,2011-07-22 00:00:00,2011-07-24 00:00:00
1922052.8,4385023.5,1473,2004-08-25 00:00:00,2004-08-25 00:00:00
1923906.0,4385023.5,1474,2005-05-31 00:00:00,2005-06-03 00:00:00
1923906.0,4381317.0,1475,2003-07-13 00:00:00,2003-07-18 00:00:00
1925759.2,4385023.5,1476,2016-07-26 00:00:00,2016-07-26 00:00:00
1928539.1,4384560.0,1477,2004-06-07 00:00:00,2004-06-12 00:00:00
1931782.4,4384560.0,1478,2003-08-01 00:00:00,2003-08-03 00:00:00
1933172.2,4383170.0,1479,2004-08-09 00:00:00,2004-08-21 00:00:00
1932245.6,4384560.0,1480,2016-09-01 00:00:00,2016-09-01 00:00:00
1944291.8,4385023.5,1481,2013-10-13 00:00:00,2013-10-14 00:00:00
1945681.8,4385023.5,1482,2012-09-15 00:00:00,2012-09-15 00:00:00
1946608.4,4385023.5,1483,2012-09-14 00:00:00,2012-09-14 00:00:00
1948461.6,4381317.0,1484,2017-09-29 00:00:00,2017-10-08 00:00:00
1950314.9,4385023.5,1485,2015-09-09 00:00:00,2015-09-09 00:00:00
1951704.8,4385023.5,1486,2012-09-16 00:00:00,2012-09-16 00:00:00
1916956.4,4382243.5,1489,2011-08-09 00:00:00,2011-08-22 00:00:00
1916493.0,4384096.5,1490,2014-08-20 00:00:00,2014-08-20 00:00:00
1917883.0,4384096.5,1491,2008-09-20 00:00:00,2008-09-20 00:00:00
1918809.6,4384560.0,1492,2019-10-10 00:00:00,2019-10-10 00:00:00
1919736.2,4384560.0,1493,2013-07-31 00:00:00,2013-08-02 00:00:00
1919272.9,4384560.0,1494,2013-10-17 00:00:00,2013-10-17 00:00:00
1919736.2,4384096.5,1495,2008-09-11 00:00:00,2008-09-13 00:00:00
1920199.5,4384560.0,1496,2007-07-15 00:00:00,2007-07-16 00:00:00
1922979.4,4382707.0,1497,2009-06-30 00:00:00,2009-07-05 00:00:00
1921589.5,4383633.5,1498,2009-08-01 00:00:00,2009-08-02 00:00:00
1921126.1,4383170.0,1499,2014-06-03 00:00:00,2014-06-03 00:00:00
1921589.5,4384560.0,1500,2009-08-08 00:00:00,2009-08-14 00:00:00
1922052.8,4384096.5,1501,2015-07-24 00:00:00,2015-07-24 00:00:00
1926222.6,4384560.0,1502,2004-06-06 00:00:00,2004-06-06 00:00:00
1927149.2,4383633.5,1503,2016-08-14 00:00:00,2016-08-16 00:00:00
1931782.4,4382707.0,1504,2008-09-14 00:00:00,2008-09-20 00:00:00
1929465.8,4383170.0,1505,2002-07-08 00:00:00,2002-07-19 00:00:00
1935025.5,4380390.0,1506,2015-08-12 00:00:00,2015-08-24 00:00:00
1933635.6,4384560.0,1507,2007-10-01 00:00:00,2007-10-01 00:00:00
1931319.0,4382243.5,1508,2008-10-04 00:00:00,2008-10-04 00:00:00
1944291.8,4384096.5,1509,2017-09-23 00:00:00,2017-09-23 00:00:00
1946145.0,4384096.5,1510,2013-10-17 00:00:00,2013-10-18 00:00:00
1947998.2,4384560.0,1511,2016-09-28 00:00:00,2016-09-28 00:00:00
1948461.6,4383170.0,1512,2016-09-09 00:00:00,2016-09-13 00:00:00
1949851.5,4384560.0,1513,2016-09-21 00:00:00,2016-09-21 00:00:00
1948924.9,4383170.0,1514,2018-10-03 00:00:00,2018-10-06 00:00:00
1876648.1,4383633.5,1518,2020-09-20 00:00:00,2020-09-21 00:00:00
1910470.0,4383633.5,1519,2003-07-06 00:00:00,2003-07-10 00:00:00
1911859.9,4383633.5,1520,2011-06-21 00:00:00,2011-06-22 00:00:00
1917419.6,4382707.0,1521,2003-08-04 00:00:00,2003-08-16 00:00:00
1917419.6,4383170.0,1522,2017-09-13 00:00:00,2017-09-19 00:00:00
1918346.2,4383170.0,1523,2004-08-28 00:00:00,2004-08-29 00:00:00
1915103.1,4383170.0,1524,2018-06-19 00:00:00,2018-06-19 00:00:00
1918809.6,4383170.0,1525,2019-10-12 00:00:00,2019-10-14 00:00:00
1918809.6,4383633.5,1526,2019-10-04 00:00:00,2019-10-04 00:00:00
1918346.2,4384096.5,1527,2008-09-14 00:00:00,2008-09-14 00:00:00
1918346.2,4383633.5,1528,2015-05-31 00:00:00,2015-06-03 00:00:00
1919272.9,4384096.5,1529,2017-08-12 00:00:00,2017-08-12 00:00:00
1921589.5,4384096.5,1530,2002-07-18 00:00:00,2002-08-01 00:00:00
1923442.8,4384096.5,1531,2019-09-22 00:00:00,2019-09-24 00:00:00
1924832.6,4383633.5,1532,2002-07-31 00:00:00,2002-07-31 00:00:00
1926222.6,4384096.5,1533,2005-07-15 00:00:00,2005-07-15 00:00:00
1926222.6,4384096.5,1534,2016-08-07 00:00:00,2016-08-07 00:00:00
1927149.2,4381780.0,1535,2015-06-04 00:00:00,2015-06-10 00:00:00
1927149.2,4384096.5,1536,2011-08-03 00:00:00,2011-08-03 00:00:00
1927149.2,4384096.5,1537,2016-08-08 00:00:00,2016-08-08 00:00:00
1929002.5,4382707.0,1538,2014-06-30 00:00:00,2014-07-06 00:00:00
1928075.9,4384096.5,1539,2016-08-04 00:00:00,2016-08-04 00:00:00
1931319.0,4382707.0,1540,2002-07-03 00:00:00,2002-07-03 00:00:00
1929929.1,4384096.5,1541,2015-08-23 00:00:00,2015-08-23 00:00:00
1934098.9,4384096.5,1542,2002-08-07 00:00:00,2002-08-07 00:00:00
1943365.1,4384096.5,1543,2013-10-14 00:00:00,2013-10-14 00:00:00
1951704.8,4384096.5,1544,2015-09-12 00:00:00,2015-09-12 00:00:00
1917883.0,4383170.0,1546,2008-09-29 00:00:00,2008-10-04 00:00:00
1923906.0,4381317.0,1547,2016-07-11 00:00:00,2016-07-26 00:00:00
1922052.8,4381317.0,1548,2012-07-19 00:00:00,2012-07-21 00:00:00
1922052.8,4383633.5,1549,2009-08-08 00:00:00,2009-08-08 00:00:00
1922052.8,4382243.5,1550,2004-06-14 00:00:00,2004-06-19 00:00:00
1923906.0,4383633.5,1551,2002-07-31 00:00:00,2002-07-31 00:00:00
1923906.0,4383633.5,1552,2005-07-01 00:00:00,2005-07-04 00:00:00
1924832.6,4383170.0,1553,2004-06-06 00:00:00,2004-06-08 00:00:00
1924832.6,4382707.0,1554,2015-07-16 00:00:00,2015-07-18 00:00:00
1924369.4,4383633.5,1555,2016-09-14 00:00:00,2016-09-14 00:00:00
1926685.9,4383633.5,1556,2014-06-02 00:00:00,2014-06-02 00:00:00
1927612.5,4383633.5,1557,2004-08-01 00:00:00,2004-08-01 00:00:00
1927149.2,4381780.0,1558,2008-07-18 00:00:00,2008-07-22 00:00:00
1928075.9,4383633.5,1559,2008-07-26 00:00:00,2008-07-29 00:00:00
1930855.8,4383633.5,1560,2016-08-19 00:00:00,2016-08-19 00:00:00
1933635.6,4380390.0,1561,2003-07-31 00:00:00,2003-08-15 00:00:00
1932709.0,4383633.5,1562,2016-08-10 00:00:00,2016-08-30 00:00:00
1930392.4,4383633.5,1563,2003-08-12 00:00:00,2003-08-12 00:00:00
1930855.8,4383633.5,1564,2005-05-31 00:00:00,2005-06-02 00:00:00
1931782.4,4383633.5,1565,2016-08-30 00:00:00,2016-08-30 00:00:00
1932245.6,4383633.5,1566,2006-08-29 00:00:00,2006-08-29 00:00:00
1930392.4,4382707.0,1567,2008-09-27 00:00:00,2008-10-04 00:00:00
1932709.0,4383170.0,1568,2014-06-01 00:00:00,2014-06-01 00:00:00
1934562.2,4383633.5,1569,2008-09-20 00:00:00,2008-09-20 00:00:00
1945218.4,4383633.5,1570,2017-09-29 00:00:00,2017-09-29 00:00:00
1947998.2,4383633.5,1571,2018-10-24 00:00:00,2018-10-24 00:00:00
1949851.5,4383633.5,1572,2016-09-28 00:00:00,2016-09-28 00:00:00
1950314.9,4382243.5,1573,2016-09-19 00:00:00,2016-09-21 00:00:00
1950778.1,4383633.5,1574,2015-09-27 00:00:00,2015-09-27 00:00:00
1957727.9,4382707.0,1575,2007-07-24 00:00:00,2007-07-27 00:00:00
1918809.6,4382707.0,1576,2007-10-02 00:00:00,2007-10-02 00:00:00
1919736.2,4382707.0,1577,2006-08-11 00:00:00,2006-08-15 00:00:00
1921126.1,4383170.0,1578,2009-07-02 00:00:00,2009-07-06 00:00:00
1920662.9,4383170.0,1579,2007-07-12 00:00:00,2007-07-15 00:00:00
1922516.1,4383170.0,1580,2004-08-17 00:00:00,2004-08-17 00:00:00
1922516.1,4383170.0,1581,2006-07-03 00:00:00,2006-07-03 00:00:00
1924369.4,4381317.0,1582,2011-07-13 00:00:00,2011-07-13 00:00:00
1927149.2,4383170.0,1583,2008-07-28 00:00:00,2008-07-29 00:00:00
1929465.8,4383170.0,1584,2004-06-08 00:00:00,2004-06-08 00:00:00
1930855.8,4382707.0,1585,2010-07-25 00:00:00,2010-07-25 00:00:00
1930855.8,4382243.5,1586,2004-09-05 00:00:00,2004-09-08 00:00:00
1933172.2,4383170.0,1587,2005-09-04 00:00:00,2005-09-04 00:00:00
1934562.2,4383170.0,1588,2018-10-01 00:00:00,2018-10-04 00:00:00
1934562.2,4383170.0,1589,2012-09-15 00:00:00,2012-09-15 00:00:00
1935488.9,4383170.0,1590,2018-10-04 00:00:00,2018-10-04 00:00:00
1936878.8,4380853.5,1591,2021-07-01 00:00:00,2021-07-03 00:00:00
1943365.1,4383170.0,1592,2013-10-11 00:00:00,2013-10-15 00:00:00
1946145.0,4377610.5,1593,2014-07-03 00:00:00,2014-07-05 00:00:00
1949388.2,4383170.0,1594,2016-10-27 00:00:00,2016-10-27 00:00:00
1956801.2,4380390.0,1595,2013-10-10 00:00:00,2013-10-19 00:00:00
1918346.2,4381780.0,1601,2007-10-02 00:00:00,2007-10-09 00:00:00
1923906.0,4379000.5,1602,2008-08-25 00:00:00,2008-09-01 00:00:00
1923906.0,4382707.0,1603,2004-07-16 00:00:00,2004-07-20 00:00:00
1923906.0,4382707.0,1604,2014-06-01 00:00:00,2014-06-01 00:00:00
1924369.4,4382707.0,1605,2007-07-20 00:00:00,2007-07-24 00:00:00
1926222.6,4382243.5,1606,2005-07-16 00:00:00,2005-07-19 00:00:00
1925296.0,4382707.0,1607,2006-08-01 00:00:00,2006-08-04 00:00:00
1925759.2,4380390.0,1608,2019-09-22 00:00:00,2019-09-25 00:00:00
1929465.8,4377610.5,1609,2010-07-18 00:00:00,2010-07-29 00:00:00
1928539.1,4382707.0,1610,2011-06-10 00:00:00,2011-06-14 00:00:00
1929002.5,4382707.0,1611,2002-07-31 00:00:00,2002-07-31 00:00:00
1929465.8,4382707.0,1612,2011-08-11 00:00:00,2011-08-11 00:00:00
1933172.2,4382707.0,1613,2018-10-01 00:00:00,2018-10-01 00:00:00
1939658.6,4382243.5,1614,2001-09-07 00:00:00,2001-09-09 00:00:00
1944291.8,4381780.0,1615,2013-10-02 00:00:00,2013-10-02 00:00:00
1947998.2,4382707.0,1616,2016-09-27 00:00:00,2016-09-27 00:00:00
1949388.2,4382707.0,1617,2016-09-21 00:00:00,2016-09-21 00:00:00
1951241.5,4382707.0,1618,2015-09-27 00:00:00,2015-09-27 00:00:00
1951241.5,4382707.0,1619,2016-09-03 00:00:00,2016-09-03 00:00:00
1951704.8,4382707.0,1620,2015-09-21 00:00:00,2015-09-21 00:00:00
1955411.2,4382707.0,1621,2013-10-10 00:00:00,2013-10-10 00:00:00
1918809.6,4382243.5,1624,2008-10-05 00:00:00,2008-10-05 00:00:00
1919736.2,4382243.5,1625,2015-06-04 00:00:00,2015-06-04 00:00:00
1920662.9,4382243.5,1626,2002-08-01 00:00:00,2002-08-01 00:00:00
1920662.9,4380853.5,1627,2009-08-18 00:00:00,2009-08-22 00:00:00
1921126.1,4381780.0,1628,2015-07-17 00:00:00,2015-07-18 00:00:00
1922052.8,4382243.5,1629,2006-08-01 00:00:00,2006-08-01 00:00:00
1924369.4,4380390.0,1630,2005-07-15 00:00:00,2005-07-24 00:00:00
1926685.9,4382243.5,1631,2005-07-04 00:00:00,2005-07-04 00:00:00
1928539.1,4382243.5,1632,2011-07-08 00:00:00,2011-07-10 00:00:00
1929929.1,4381780.0,1633,2005-07-01 00:00:00,2005-07-03 00:00:00
1929465.8,4381317.0,1634,2009-08-14 00:00:00,2009-08-19 00:00:00
1929465.8,4382243.5,1635,2011-08-04 00:00:00,2011-08-04 00:00:00
1932245.6,4381780.0,1636,2007-08-18 00:00:00,2007-08-18 00:00:00
1944755.1,4382243.5,1637,2015-09-07 00:00:00,2015-09-15 00:00:00
1947998.2,4382243.5,1638,2018-10-08 00:00:00,2018-10-08 00:00:00
1949388.2,4382243.5,1639,2016-09-27 00:00:00,2016-09-27 00:00:00
1956337.9,4381780.0,1640,2007-10-09 00:00:00,2007-10-17 00:00:00
1956337.9,4381317.0,1641,2013-10-01 00:00:00,2013-10-03 00:00:00
1906763.5,4381780.0,1644,2008-10-02 00:00:00,2008-10-02 00:00:00
1919272.9,4381317.0,1645,2017-08-18 00:00:00,2017-08-18 00:00:00
1919736.2,4381780.0,1646,2006-07-31 00:00:00,2006-07-31 00:00:00
1921589.5,4381780.0,1647,2005-07-15 00:00:00,2005-07-15 00:00:00
1924369.4,4380390.0,1648,2007-07-06 00:00:00,2007-07-09 00:00:00
1922979.4,4381780.0,1649,2010-06-30 00:00:00,2010-07-03 00:00:00
1922979.4,4381780.0,1650,2010-08-03 00:00:00,2010-08-03 00:00:00
1923442.8,4381317.0,1651,2019-09-08 00:00:00,2019-09-08 00:00:00
1924369.4,4381780.0,1652,2010-07-01 00:00:00,2010-07-01 00:00:00
1924832.6,4380853.5,1653,2014-05-31 00:00:00,2014-06-03 00:00:00
1923906.0,4381317.0,1654,2010-08-04 00:00:00,2010-08-04 00:00:00
1926685.9,4381317.0,1655,2003-08-01 00:00:00,2003-08-01 00:00:00
1929929.1,4381317.0,1656,2011-06-16 00:00:00,2011-06-17 00:00:00
1929929.1,4381780.0,1657,2014-06-02 00:00:00,2014-06-02 00:00:00
1932245.6,4381780.0,1658,2014-06-01 00:00:00,2014-06-02 00:00:00
1930855.8,4380390.0,1659,2002-07-03 00:00:00,2002-07-03 00:00:00
1933172.2,4381317.0,1660,2008-09-13 00:00:00,2008-09-20 00:00:00
1934098.9,4381317.0,1661,2021-06-04 00:00:00,2021-06-15 00:00:00
1938268.8,4381317.0,1662,2011-10-06 00:00:00,2011-10-17 00:00:00
1940585.2,4380390.0,1663,2004-08-07 00:00:00,2004-08-22 00:00:00
1940122.0,4380390.0,1664,2008-09-24 00:00:00,2008-10-02 00:00:00
1939658.6,4381317.0,1665,2013-09-08 00:00:00,2013-09-12 00:00:00
1948924.9,4380853.5,1666,2016-09-08 00:00:00,2016-09-13 00:00:00
1950778.1,4381780.0,1667,2016-09-12 00:00:00,2016-09-12 00:00:00
1965140.9,4369270.5,1668,2023-07-24 00:00:00,2023-07-29 00:00:00
1907690.1,4381317.0,1671,2008-10-02 00:00:00,2008-10-02 00:00:00
1914639.8,4381317.0,1672,2011-09-20 00:00:00,2011-09-20 00:00:00
1922516.1,4380853.5,1673,2016-08-09 00:00:00,2016-08-15 00:00:00
1922052.8,4380853.5,1674,2003-08-05 00:00:00,2003-08-08 00:00:00
1922052.8,4380853.5,1675,2006-06-30 00:00:00,2006-07-03 00:00:00
1924832.6,4380853.5,1676,2015-07-15 00:00:00,2015-07-19 00:00:00
1922979.4,4381317.0,1677,2006-07-22 00:00:00,2006-07-22 00:00:00
1923442.8,4380853.5,1678,2009-08-02 00:00:00,2009-08-02 00:00:00
1925296.0,4378537.0,1679,2009-08-02 00:00:00,2009-08-13 00:00:00
1926222.6,4381317.0,1680,2005-06-01 00:00:00,2005-06-01 00:00:00
1927149.2,4381317.0,1681,2008-07-28 00:00:00,2008-07-28 00:00:00
1929465.8,4380390.0,1682,2015-07-27 00:00:00,2015-08-15 00:00:00
1928539.1,4380853.5,1683,2004-06-11 00:00:00,2004-06-17 00:00:00
1931319.0,4380390.0,1684,2011-08-02 00:00:00,2011-08-12 00:00:00
1933635.6,4372050.5,1685,2018-10-01 00:00:00,2018-10-14 00:00:00
1932709.0,4380390.0,1686,2005-08-29 00:00:00,2005-08-29 00:00:00
1933172.2,4381317.0,1687,2008-10-28 00:00:00,2008-10-28 00:00:00
1934562.2,4380853.5,1688,2013-10-17 00:00:00,2013-10-17 00:00:00
1936415.5,4380853.5,1689,2006-08-03 00:00:00,2006-08-07 00:00:00
1938268.8,4381317.0,1690,2004-10-08 00:00:00,2004-10-20 00:00:00
1937342.1,4377610.5,1691,2013-09-25 00:00:00,2013-10-21 00:00:00
1939658.6,4381317.0,1692,2021-07-08 00:00:00,2021-07-08 00:00:00
1943828.5,4379463.5,1693,2014-06-02 00:00:00,2014-06-06 00:00:00
1956337.9,4378073.5,1694,2007-10-04 00:00:00,2007-10-14 00:00:00
1959117.8,4379927.0,1699,2013-10-17 00:00:00,2013-10-20 00:00:00
1904446.9,4376220.5,1700,2006-09-19 00:00:00,2006-09-27 00:00:00
1916029.8,4380853.5,1701,2007-10-04 00:00:00,2007-10-04 00:00:00
1922516.1,4380853.5,1702,2003-07-07 00:00:00,2003-07-07 00:00:00
1922979.4,4380853.5,1703,2014-06-05 00:00:00,2014-06-05 00:00:00
1923906.0,4380853.5,1704,2017-08-30 00:00:00,2017-08-30 00:00:00
1925296.0,4380390.0,1705,2015-06-30 00:00:00,2015-06-30 00:00:00
1927612.5,4380853.5,1706,2016-08-20 00:00:00,2016-08-20 00:00:00
1931319.0,4376683.5,1707,2004-07-31 00:00:00,2004-08-19 00:00:00
1931782.4,4378073.5,1708,2005-08-09 00:00:00,2005-08-09 00:00:00
1929002.5,4380390.0,1709,2002-07-19 00:00:00,2002-07-20 00:00:00
1928075.9,4377147.0,1710,2008-08-11 00:00:00,2008-09-01 00:00:00
1930392.4,4380853.5,1711,2018-10-05 00:00:00,2018-10-05 00:00:00
1930392.4,4380390.0,1712,2005-08-14 00:00:00,2005-08-18 00:00:00
1931319.0,4380853.5,1713,2015-07-04 00:00:00,2015-07-04 00:00:00
1932245.6,4380853.5,1714,2005-08-16 00:00:00,2005-08-16 00:00:00
1931782.4,4380390.0,1715,2021-06-06 00:00:00,2021-06-12 00:00:00
1932709.0,4380853.5,1716,2005-08-22 00:00:00,2005-08-23 00:00:00
1935952.1,4380853.5,1717,2006-08-11 00:00:00,2006-08-11 00:00:00
1936415.5,4380853.5,1718,2016-08-31 00:00:00,2016-09-05 00:00:00
1941975.2,4379000.5,1719,2008-09-17 00:00:00,2008-09-20 00:00:00
1940122.0,4380853.5,1720,2013-09-26 00:00:00,2013-09-26 00:00:00
1940122.0,4379463.5,1721,2021-06-02 00:00:00,2021-06-02 00:00:00
1942901.9,4380853.5,1722,2013-10-02 00:00:00,2013-10-02 00:00:00
1943365.1,4380390.0,1723,2015-10-29 00:00:00,2015-10-29 00:00:00
1887767.6,4379463.5,1726,2020-09-17 00:00:00,2020-09-20 00:00:00
1910006.6,4376683.5,1727,2008-10-02 00:00:00,2008-10-06 00:00:00
1910470.0,4380390.0,1728,2008-10-03 00:00:00,2008-10-03 00:00:00
1917883.0,4374830.5,1729,2008-09-19 00:00:00,2008-10-06 00:00:00
1922052.8,4380390.0,1730,2016-08-23 00:00:00,2016-08-23 00:00:00
1923442.8,4380390.0,1731,2003-07-21 00:00:00,2003-07-21 00:00:00
1924369.4,4380390.0,1732,2006-07-20 00:00:00,2006-07-20 00:00:00
1923906.0,4380390.0,1733,2015-06-30 00:00:00,2015-06-30 00:00:00
1913713.1,4378073.5,1734,2008-09-20 00:00:00,2008-09-20 00:00:00
1924832.6,4380390.0,1735,2002-07-31 00:00:00,2002-07-31 00:00:00
1927612.5,4380390.0,1736,2003-08-04 00:00:00,2003-08-04 00:00:00
1927612.5,4379463.5,1737,2009-07-01 00:00:00,2009-07-05 00:00:00
1928075.9,4380390.0,1738,2002-07-03 00:00:00,2002-07-09 00:00:00
1928539.1,4379463.5,1739,2009-06-30 00:00:00,2009-07-05 00:00:00
1928539.1,4377610.5,1740,2006-07-02 00:00:00,2006-07-05 00:00:00
1930392.4,4379000.5,1741,2007-07-01 00:00:00,2007-07-18 00:00:00
1928539.1,4377147.0,1742,2002-07-13 00:00:00,2002-07-22 00:00:00
1931782.4,4380390.0,1743,2016-08-08 00:00:00,2016-08-08 00:00:00
1932245.6,4380390.0,1744,2002-07-09 00:00:00,2002-07-09 00:00:00
1930392.4,4379463.5,1745,2002-07-03 00:00:00,2002-07-03 00:00:00
1936415.5,4380390.0,1746,2008-09-20 00:00:00,2008-09-20 00:00:00
1938268.8,4378073.5,1747,2002-10-14 00:00:00,2002-10-17 00:00:00
1939195.4,4380390.0,1748,2013-10-17 00:00:00,2013-10-17 00:00:00
1939658.6,4380390.0,1749,2007-08-08 00:00:00,2007-08-16 00:00:00
1940585.2,4379463.5,1750,2013-10-11 00:00:00,2013-10-11 00:00:00
1940585.2,4379927.0,1751,2016-08-29 00:00:00,2016-09-04 00:00:00
1940122.0,4379000.5,1752,2017-09-30 00:00:00,2017-10-05 00:00:00
1943828.5,4380390.0,1753,2016-09-28 00:00:00,2016-09-28 00:00:00
1944755.1,4379927.0,1754,2011-09-27 00:00:00,2011-09-30 00:00:00
1946145.0,4380390.0,1755,2015-09-09 00:00:00,2015-09-09 00:00:00
1904910.2,4379927.0,1756,2008-10-04 00:00:00,2008-10-04 00:00:00
1916493.0,4379927.0,1757,2007-10-14 00:00:00,2007-10-14 00:00:00
1916493.0,4379927.0,1758,2008-10-03 00:00:00,2008-10-03 00:00:00
1917419.6,4379463.5,1759,2008-09-20 00:00:00,2008-09-20 00:00:00
1924832.6,4379463.5,1760,2019-09-25 00:00:00,2019-09-25 00:00:00
1925759.2,4379927.0,1761,2016-08-05 00:00:00,2016-08-05 00:00:00
1926222.6,4379463.5,1762,2019-09-25 00:00:00,2019-09-25 00:00:00
1929465.8,4379463.5,1763,2019-10-12 00:00:00,2019-10-12 00:00:00
1927612.5,4379463.5,1764,2008-08-31 00:00:00,2008-08-31 00:00:00
1928539.1,4379463.5,1765,2006-07-14 00:00:00,2006-07-19 00:00:00
1928075.9,4379927.0,1766,2014-06-21 00:00:00,2014-06-23 00:00:00
1933172.2,4378537.0,1767,2010-07-25 00:00:00,2010-07-25 00:00:00
1931782.4,4379463.5,1768,2006-08-24 00:00:00,2006-08-28 00:00:00
1928539.1,4378537.0,1769,2016-07-15 00:00:00,2016-07-17 00:00:00
1932709.0,4379463.5,1770,2002-07-03 00:00:00,2002-07-03 00:00:00
1935952.1,4379927.0,1771,2011-09-01 00:00:00,2011-09-03 00:00:00
1937805.4,4379927.0,1772,2018-10-04 00:00:00,2018-10-04 00:00:00
1938732.0,4379927.0,1773,2002-10-22 00:00:00,2002-10-22 00:00:00
1940585.2,4379463.5,1774,2021-06-09 00:00:00,2021-06-11 00:00:00
1943828.5,4378073.5,1775,2004-09-22 00:00:00,2004-10-13 00:00:00
1944291.8,4379927.0,1776,2013-09-19 00:00:00,2013-09-19 00:00:00
1945218.4,4379463.5,1777,2018-10-01 00:00:00,2018-10-06 00:00:00
1946608.4,4379927.0,1778,2014-09-16 00:00:00,2014-09-16 00:00:00
1947998.2,4379927.0,1779,2014-06-02 00:00:00,2014-06-02 00:00:00
1946608.4,4379463.5,1780,2018-10-07 00:00:00,2018-10-07 00:00:00
1906300.1,4378073.5,1782,2008-10-03 00:00:00,2008-10-06 00:00:00
1929002.5,4372514.0,1784,2019-10-03 00:00:00,2019-10-14 00:00:00
1923442.8,4379000.5,1785,2002-07-31 00:00:00,2002-07-31 00:00:00
1925296.0,4379463.5,1786,2010-07-01 00:00:00,2010-07-02 00:00:00
1929465.8,4377147.0,1787,2016-07-23 00:00:00,2016-08-16 00:00:00
1925296.0,4378073.5,1788,2014-06-03 00:00:00,2014-06-03 00:00:00
1926685.9,4379000.5,1789,2009-06-30 00:00:00,2009-07-05 00:00:00
1926685.9,4378537.0,1790,2015-06-30 00:00:00,2015-07-02 00:00:00
1928539.1,4376683.5,1791,2011-07-09 00:00:00,2011-07-15 00:00:00
1928539.1,4379463.5,1792,2003-07-11 00:00:00,2003-07-18 00:00:00
1928075.9,4377147.0,1793,2019-09-24 00:00:00,2019-09-27 00:00:00
1913249.9,4376220.5,1794,2013-10-17 00:00:00,2013-10-20 00:00:00
1931319.0,4378537.0,1795,2011-06-17 00:00:00,2011-06-18 00:00:00
1930392.4,4378537.0,1796,2010-07-19 00:00:00,2010-07-19 00:00:00
1931319.0,4378537.0,1797,2014-06-02 00:00:00,2014-06-02 00:00:00
1936878.8,4379463.5,1798,2016-08-20 00:00:00,2016-08-24 00:00:00
1939658.6,4377610.5,1799,2010-07-22 00:00:00,2010-07-25 00:00:00
1938732.0,4377610.5,1800,2015-09-04 00:00:00,2015-09-15 00:00:00
1938732.0,4379000.5,1801,2015-09-08 00:00:00,2015-09-08 00:00:00
1938268.8,4379000.5,1802,2007-09-24 00:00:00,2007-09-29 00:00:00
1938732.0,4379463.5,1803,2013-10-11 00:00:00,2013-10-20 00:00:00
1939195.4,4379463.5,1804,2008-09-20 00:00:00,2008-09-20 00:00:00
1943828.5,4378537.0,1805,2016-08-20 00:00:00,2016-08-30 00:00:00
1942438.5,4379463.5,1806,2010-08-04 00:00:00,2010-08-04 00:00:00
1942901.9,4378537.0,1807,2021-06-11 00:00:00,2021-06-11 00:00:00
1943828.5,4379463.5,1808,2018-10-04 00:00:00,2018-10-04 00:00:00
1945218.4,4377147.0,1809,2011-09-15 00:00:00,2011-09-20 00:00:00
1956801.2,4379463.5,1810,2013-10-11 00:00:00,2013-10-11 00:00:00
1957727.9,4379000.5,1811,2013-10-02 00:00:00,2013-10-11 00:00:00
1958654.5,4378537.0,1812,2013-10-10 00:00:00,2013-10-11 00:00:00
1961897.6,4378537.0,1813,2016-09-28 00:00:00,2016-09-28 00:00:00
1960507.8,4379000.5,1818,2013-10-20 00:00:00,2013-10-20 00:00:00
1904910.2,4379000.5,1821,2008-10-03 00:00:00,2008-10-03 00:00:00
1911396.6,4379000.5,1822,2008-08-11 00:00:00,2008-08-13 00:00:00
1912323.2,4378537.0,1823,2013-10-10 00:00:00,2013-10-10 00:00:00
1913713.1,4379000.5,1824,2008-09-16 00:00:00,2008-09-20 00:00:00
1916956.4,4378537.0,1825,2008-10-03 00:00:00,2008-10-03 00:00:00
1923442.8,4378073.5,1826,2013-10-11 00:00:00,2013-10-19 00:00:00
1923442.8,4378537.0,1827,2019-10-11 00:00:00,2019-10-12 00:00:00
1923442.8,4377147.0,1828,2016-08-05 00:00:00,2016-08-15 00:00:00
1926222.6,4377147.0,1829,2006-08-01 00:00:00,2006-08-01 00:00:00
1925296.0,4378537.0,1830,2015-08-04 00:00:00,2015-08-06 00:00:00
1927149.2,4379000.5,1831,2014-06-03 00:00:00,2014-06-03 00:00:00
1931319.0,4379000.5,1832,2014-06-21 00:00:00,2014-06-21 00:00:00
1932245.6,4379000.5,1833,2003-08-11 00:00:00,2003-08-11 00:00:00
1932709.0,4378537.0,1834,2011-06-11 00:00:00,2011-06-11 00:00:00
1934562.2,4374367.0,1835,2017-10-06 00:00:00,2017-10-06 00:00:00
1934562.2,4379000.5,1836,2010-07-25 00:00:00,2010-07-25 00:00:00
1935488.9,4379000.5,1837,2013-10-13 00:00:00,2013-10-15 00:00:00
1936415.5,4379000.5,1838,2010-07-25 00:00:00,2010-07-25 00:00:00
1936415.5,4378537.0,1839,2012-09-12 00:00:00,2012-09-12 00:00:00
1937342.1,4379000.5,1840,2018-10-04 00:00:00,2018-10-09 00:00:00
1937805.4,4378537.0,1841,2006-09-13 00:00:00,2006-09-24 00:00:00
1937342.1,4379000.5,1842,2013-09-13 00:00:00,2013-09-13 00:00:00
1939195.4,4377147.0,1843,2017-09-24 00:00:00,2017-10-05 00:00:00
1939658.6,4379000.5,1844,2016-09-09 00:00:00,2016-09-09 00:00:00
1940122.0,4379000.5,1845,2003-09-05 00:00:00,2003-09-05 00:00:00
1941511.9,4379000.5,1846,2013-10-17 00:00:00,2013-10-17 00:00:00
1944291.8,4377610.5,1847,2007-07-25 00:00:00,2007-07-25 00:00:00
1942438.5,4379000.5,1848,2010-08-10 00:00:00,2010-08-12 00:00:00
1944291.8,4378537.0,1849,2015-09-04 00:00:00,2015-09-11 00:00:00
1944291.8,4379000.5,1850,2013-09-19 00:00:00,2013-09-22 00:00:00
1959581.1,4379000.5,1851,2016-09-27 00:00:00,2016-09-28 00:00:00
1959581.1,4379000.5,1852,2013-10-10 00:00:00,2013-10-10 00:00:00
1924832.6,4378073.5,1853,2015-08-11 00:00:00,2015-08-11 00:00:00
1925759.2,4378073.5,1854,2013-10-16 00:00:00,2013-10-16 00:00:00
1930392.4,4377610.5,1855,2005-07-11 00:00:00,2005-07-11 00:00:00
1931782.4,4378537.0,1856,2006-08-01 00:00:00,2006-08-01 00:00:00
1927149.2,4376220.5,1857,2015-07-31 00:00:00,2015-08-03 00:00:00
1935488.9,4378537.0,1858,2017-09-30 00:00:00,2017-10-05 00:00:00
1936878.8,4378537.0,1859,2018-10-22 00:00:00,2018-10-25 00:00:00
1937805.4,4378073.5,1860,2022-10-12 00:00:00,2022-10-22 00:00:00
1937805.4,4377147.0,1861,2014-05-31 00:00:00,2014-06-07 00:00:00
1938268.8,4378073.5,1862,2018-10-14 00:00:00,2018-10-18 00:00:00
1938732.0,4378537.0,1863,2008-09-27 00:00:00,2008-09-27 00:00:00
1940585.2,4378537.0,1864,2016-09-25 00:00:00,2016-09-25 00:00:00
1941975.2,4378537.0,1865,2008-09-26 00:00:00,2008-09-26 00:00:00
1943365.1,4378073.5,1866,2011-08-05 00:00:00,2011-08-08 00:00:00
1941975.2,4376683.5,1867,2014-06-25 00:00:00,2014-07-05 00:00:00
1944291.8,4378537.0,1868,2018-10-01 00:00:00,2018-10-01 00:00:00
1945218.4,4377610.5,1869,2011-09-26 00:00:00,2011-10-05 00:00:00
1945218.4,4378073.5,1870,2018-10-01 00:00:00,2018-10-01 00:00:00
1946145.0,4378537.0,1871,2012-09-19 00:00:00,2012-09-19 00:00:00
1951241.5,4377610.5,1872,2013-10-16 00:00:00,2013-10-17 00:00:00
1956801.2,4378537.0,1873,2013-10-14 00:00:00,2013-10-14 00:00:00
1959117.8,4378073.5,1874,2007-09-29 00:00:00,2007-10-04 00:00:00
1960507.8,4378537.0,1875,2013-10-11 00:00:00,2013-10-11 00:00:00
1903520.2,4375294.0,1876,2012-09-17 00:00:00,2012-09-24 00:00:00
1929465.8,4377610.5,1877,2005-07-11 00:00:00,2005-07-11 00:00:00
1931319.0,4378073.5,1878,2014-07-10 00:00:00,2014-07-17 00:00:00
1931319.0,4377147.0,1879,2008-08-11 00:00:00,2008-08-14 00:00:00
1932245.6,4378073.5,1880,2011-07-24 00:00:00,2011-07-26 00:00:00
1932709.0,4378073.5,1881,2004-08-21 00:00:00,2004-08-21 00:00:00
1929929.1,4377147.0,1882,2006-07-02 00:00:00,2006-07-02 00:00:00
1933635.6,4378073.5,1883,2014-08-08 00:00:00,2014-08-08 00:00:00
1931782.4,4377147.0,1884,2010-08-03 00:00:00,2010-08-04 00:00:00
1942901.9,4372050.5,1885,2017-09-21 00:00:00,2017-10-10 00:00:00
1934562.2,4378073.5,1886,2015-08-24 00:00:00,2015-08-24 00:00:00
1935025.5,4377147.0,1887,2018-10-14 00:00:00,2018-10-14 00:00:00
1937805.4,4376683.5,1888,2003-08-01 00:00:00,2003-08-09 00:00:00
1935952.1,4378073.5,1889,2017-10-12 00:00:00,2017-10-12 00:00:00
1937805.4,4377610.5,1890,2007-09-26 00:00:00,2007-09-29 00:00:00
1936878.8,4378073.5,1891,2017-09-26 00:00:00,2017-09-26 00:00:00
1938268.8,4378073.5,1892,2007-09-18 00:00:00,2007-09-18 00:00:00
1941048.6,4375294.0,1893,2007-09-12 00:00:00,2007-09-20 00:00:00
1938268.8,4377610.5,1894,2016-09-27 00:00:00,2016-09-27 00:00:00
1937805.4,4376683.5,1895,2022-09-30 00:00:00,2022-09-30 00:00:00
1940122.0,4377610.5,1896,2013-10-17 00:00:00,2013-10-19 00:00:00
1939658.6,4378073.5,1897,2016-09-03 00:00:00,2016-09-03 00:00:00
1942901.9,4377610.5,1898,2018-10-01 00:00:00,2018-10-05 00:00:00
1945681.8,4377147.0,1899,2013-10-17 00:00:00,2013-10-18 00:00:00
1945681.8,4378073.5,1900,2018-10-10 00:00:00,2018-10-10 00:00:00
1907226.8,4377147.0,1902,2008-10-03 00:00:00,2008-10-05 00:00:00
1912323.2,4377147.0,1903,2013-10-11 00:00:00,2013-10-11 00:00:00
1916956.4,4377610.5,1904,2008-10-05 00:00:00,2008-10-05 00:00:00
1922979.4,4375757.0,1905,2017-09-21 00:00:00,2017-10-08 00:00:00
1920662.9,4376220.5,1906,2013-10-10 00:00:00,2013-10-17 00:00:00
1921589.5,4377610.5,1907,2013-10-02 00:00:00,2013-10-02 00:00:00
1927612.5,4377610.5,1908,2008-08-03 00:00:00,2008-08-03 00:00:00
1927149.2,4376683.5,1909,2002-07-31 00:00:00,2002-07-31 00:00:00
1927612.5,4377147.0,1910,2004-07-31 00:00:00,2004-08-01 00:00:00
1929002.5,4377610.5,1911,2018-10-09 00:00:00,2018-10-09 00:00:00
1938732.0,4376683.5,1912,2016-09-09 00:00:00,2016-09-13 00:00:00
1939195.4,4377147.0,1913,2014-06-01 00:00:00,2014-06-03 00:00:00
1941975.2,4377147.0,1914,2007-08-07 00:00:00,2007-08-12 00:00:00
1941975.2,4377610.5,1915,2004-08-17 00:00:00,2004-08-17 00:00:00
1941975.2,4377610.5,1916,2016-08-30 00:00:00,2016-08-30 00:00:00
1942438.5,4377610.5,1917,2004-08-09 00:00:00,2004-08-09 00:00:00
1942438.5,4377610.5,1918,2016-09-10 00:00:00,2016-09-10 00:00:00
1944755.1,4377610.5,1919,2012-09-10 00:00:00,2012-09-10 00:00:00
1944291.8,4377147.0,1920,2006-09-17 00:00:00,2006-09-21 00:00:00
1905836.9,4377147.0,1924,2008-10-04 00:00:00,2008-10-04 00:00:00
1908153.4,4377147.0,1925,2008-08-12 00:00:00,2008-08-12 00:00:00
1916956.4,4377147.0,1926,2015-09-13 00:00:00,2015-09-13 00:00:00
1918809.6,4377147.0,1927,2013-10-02 00:00:00,2013-10-02 00:00:00
1926685.9,4377147.0,1928,2016-08-09 00:00:00,2016-08-09 00:00:00
1926685.9,4377147.0,1929,2019-10-12 00:00:00,2019-10-12 00:00:00
1929465.8,4377147.0,1930,2002-07-07 00:00:00,2002-07-07 00:00:00
1932709.0,4375294.0,1931,2017-10-08 00:00:00,2017-10-08 00:00:00
1930392.4,4377147.0,1932,2006-07-19 00:00:00,2006-07-19 00:00:00
1930392.4,4377147.0,1933,2019-10-20 00:00:00,2019-10-20 00:00:00
1929929.1,4375757.0,1934,2007-07-06 00:00:00,2007-07-06 00:00:00
1936415.5,4376220.5,1935,2007-07-23 00:00:00,2007-07-25 00:00:00
1937342.1,4376683.5,1936,2013-10-11 00:00:00,2013-10-15 00:00:00
1937342.1,4377147.0,1937,2017-10-04 00:00:00,2017-10-05 00:00:00
1938268.8,4377147.0,1938,2007-09-18 00:00:00,2007-09-18 00:00:00
1938268.8,4377147.0,1939,2015-09-03 00:00:00,2015-09-03 00:00:00
1941048.6,4377147.0,1940,2012-09-23 00:00:00,2012-09-24 00:00:00
1941048.6,4377147.0,1941,2017-10-04 00:00:00,2017-10-04 00:00:00
1956337.9,4372050.5,1942,2011-10-07 00:00:00,2011-10-18 00:00:00
1913713.1,4376683.5,1947,2014-10-08 00:00:00,2014-10-08 00:00:00
1913713.1,4376683.5,1948,2013-10-11 00:00:00,2013-10-11 00:00:00
1914639.8,4376683.5,1949,2013-10-10 00:00:00,2013-10-11 00:00:00
1915103.1,4376683.5,1950,2015-09-01 00:00:00,2015-09-01 00:00:00
1916956.4,4376683.5,1951,2015-09-06 00:00:00,2015-09-06 00:00:00
1919736.2,4376683.5,1952,2017-10-03 00:00:00,2017-10-08 00:00:00
1921589.5,4376683.5,1953,2017-09-26 00:00:00,2017-09-26 00:00:00
1922516.1,4376220.5,1954,2013-10-01 00:00:00,2013-10-02 00:00:00
1933635.6,4376683.5,1955,2017-09-21 00:00:00,2017-09-21 00:00:00
1934098.9,4376683.5,1956,2006-09-25 00:00:00,2006-09-25 00:00:00
1934098.9,4376683.5,1957,2018-10-13 00:00:00,2018-10-13 00:00:00
1933635.6,4376220.5,1958,2006-09-13 00:00:00,2006-09-19 00:00:00
1935952.1,4375757.0,1959,2011-07-31 00:00:00,2011-08-02 00:00:00
1938732.0,4375294.0,1960,2011-07-29 00:00:00,2011-08-01 00:00:00
1937342.1,4376683.5,1961,2022-10-07 00:00:00,2022-10-14 00:00:00
1937342.1,4376683.5,1962,2018-10-08 00:00:00,2018-10-08 00:00:00
1938268.8,4376683.5,1963,2013-09-24 00:00:00,2013-09-24 00:00:00
1938268.8,4376683.5,1964,2022-10-09 00:00:00,2022-10-09 00:00:00
1940585.2,4376683.5,1965,2007-09-26 00:00:00,2007-09-26 00:00:00
1941975.2,4376683.5,1966,2013-10-17 00:00:00,2013-10-17 00:00:00
1944291.8,4376683.5,1967,2006-09-04 00:00:00,2006-09-05 00:00:00
1906763.5,4376220.5,1969,2008-10-03 00:00:00,2008-10-03 00:00:00
1908153.4,4376220.5,1970,2008-10-02 00:00:00,2008-10-03 00:00:00
1911859.9,4375294.0,1971,2013-10-01 00:00:00,2013-10-07 00:00:00
1914639.8,4376220.5,1972,2008-09-19 00:00:00,2008-09-19 00:00:00
1913713.1,4373904.0,1973,2014-09-30 00:00:00,2014-10-11 00:00:00
1916029.8,4376220.5,1974,2008-09-19 00:00:00,2008-09-19 00:00:00
1917419.6,4376220.5,1975,2015-09-09 00:00:00,2015-09-13 00:00:00
1917883.0,4376220.5,1976,2015-08-25 00:00:00,2015-08-25 00:00:00
1927149.2,4375757.0,1977,2016-08-26 00:00:00,2016-08-29 00:00:00
1928075.9,4376220.5,1978,2016-08-05 00:00:00,2016-08-09 00:00:00
1933172.2,4379000.5,1979,2008-09-20 00:00:00,2008-10-05 00:00:00
1928539.1,4376220.5,1980,2015-08-08 00:00:00,2015-08-08 00:00:00
1929929.1,4376220.5,1981,2018-10-04 00:00:00,2018-10-04 00:00:00
1931319.0,4375294.0,1982,2016-08-09 00:00:00,2016-08-11 00:00:00
1932709.0,4376220.5,1983,2016-08-01 00:00:00,2016-08-01 00:00:00
1932709.0,4376220.5,1984,2017-08-31 00:00:00,2017-08-31 00:00:00
1935025.5,4376220.5,1985,2015-09-06 00:00:00,2015-09-06 00:00:00
1935025.5,4376220.5,1986,2016-09-02 00:00:00,2016-09-02 00:00:00
1935952.1,4376220.5,1987,2006-09-08 00:00:00,2006-09-13 00:00:00
1939658.6,4375757.0,1988,2016-09-03 00:00:00,2016-09-03 00:00:00
1955874.6,4376220.5,1989,2016-09-27 00:00:00,2016-09-27 00:00:00
1900277.1,4375757.0,1992,2011-09-20 00:00:00,2011-09-20 00:00:00
1912323.2,4375757.0,1993,2014-09-30 00:00:00,2014-09-30 00:00:00
1912323.2,4375757.0,1994,2013-10-17 00:00:00,2013-10-17 00:00:00
1910470.0,4374830.5,1995,2017-08-25 00:00:00,2017-08-28 00:00:00
1917883.0,4375294.0,1996,2015-08-31 00:00:00,2015-09-01 00:00:00
1921589.5,4375757.0,1997,2013-10-01 00:00:00,2013-10-01 00:00:00
1923906.0,4375294.0,1998,2013-10-11 00:00:00,2013-10-11 00:00:00
1924832.6,4375757.0,1999,2013-10-17 00:00:00,2013-10-17 00:00:00
1929929.1,4375757.0,2000,2002-07-31 00:00:00,2002-08-01 00:00:00
1931782.4,4374830.5,2001,2017-09-30 00:00:00,2017-10-06 00:00:00
1936415.5,4374830.5,2002,2015-09-07 00:00:00,2015-09-11 00:00:00
1935488.9,4375294.0,2003,2016-08-21 00:00:00,2016-08-21 00:00:00
1935488.9,4375757.0,2004,2018-10-18 00:00:00,2018-10-18 00:00:00
1935488.9,4375294.0,2005,2022-10-09 00:00:00,2022-10-09 00:00:00
1935952.1,4374830.5,2006,2006-08-24 00:00:00,2006-08-29 00:00:00
1937342.1,4375757.0,2007,2016-09-02 00:00:00,2016-09-02 00:00:00
1939658.6,4375757.0,2008,2013-10-16 00:00:00,2013-10-16 00:00:00
1939658.6,4375294.0,2009,2014-06-02 00:00:00,2014-06-03 00:00:00
1940122.0,4375757.0,2010,2011-08-04 00:00:00,2011-08-04 00:00:00
1940585.2,4375294.0,2011,2013-08-14 00:00:00,2013-08-14 00:00:00
1941511.9,4375757.0,2012,2007-09-26 00:00:00,2007-09-26 00:00:00
1944755.1,4375757.0,2013,2013-10-10 00:00:00,2013-10-11 00:00:00
1954484.6,4371587.5,2014,2013-09-26 00:00:00,2013-10-19 00:00:00
1953094.8,4373904.0,2015,2016-09-14 00:00:00,2016-10-03 00:00:00
1954948.0,4375757.0,2016,2011-10-21 00:00:00,2011-10-21 00:00:00
1954021.4,4374830.5,2017,2001-10-15 00:00:00,2001-10-22 00:00:00
1953558.0,4372050.5,2018,2012-09-10 00:00:00,2012-09-20 00:00:00
1955874.6,4373904.0,2019,2016-09-29 00:00:00,2016-09-29 00:00:00
1959581.1,4372514.0,2020,2019-10-09 00:00:00,2019-10-13 00:00:00
1997572.8,4370660.5,2021,2007-06-19 00:00:00,2007-07-05 00:00:00
1901203.8,4374830.5,2024,2011-09-21 00:00:00,2011-09-28 00:00:00
1917419.6,4375294.0,2025,2008-09-16 00:00:00,2008-09-16 00:00:00
1919272.9,4375294.0,2026,2008-10-04 00:00:00,2008-10-04 00:00:00
1921126.1,4375294.0,2027,2008-10-02 00:00:00,2008-10-02 00:00:00
1924369.4,4374367.0,2028,2013-10-01 00:00:00,2013-10-11 00:00:00
1926222.6,4372514.0,2029,2007-10-04 00:00:00,2007-10-23 00:00:00
1926222.6,4374830.5,2030,2008-09-27 00:00:00,2008-09-27 00:00:00
1929002.5,4374830.5,2031,2017-10-03 00:00:00,2017-10-03 00:00:00
1929929.1,4375294.0,2032,2008-09-17 00:00:00,2008-09-20 00:00:00
1926685.9,4374830.5,2033,2013-10-13 00:00:00,2013-10-13 00:00:00
1936415.5,4375294.0,2034,2022-10-18 00:00:00,2022-10-18 00:00:00
1932245.6,4372977.0,2035,2016-08-20 00:00:00,2016-08-23 00:00:00
1937342.1,4375294.0,2036,2022-10-25 00:00:00,2022-10-25 00:00:00
1939658.6,4374830.5,2037,2016-09-09 00:00:00,2016-09-09 00:00:00
1940122.0,4375294.0,2038,2014-06-09 00:00:00,2014-06-09 00:00:00
1934098.9,4369270.5,2039,2008-10-06 00:00:00,2008-10-06 00:00:00
1944291.8,4375294.0,2040,2013-10-17 00:00:00,2013-10-19 00:00:00
1945218.4,4374830.5,2041,2012-09-15 00:00:00,2012-09-19 00:00:00
1946145.0,4374367.0,2042,2011-10-10 00:00:00,2011-10-18 00:00:00
1955411.2,4374367.0,2043,2016-09-14 00:00:00,2016-09-14 00:00:00
1956801.2,4374367.0,2044,2013-10-11 00:00:00,2013-10-16 00:00:00
1957264.5,4374830.5,2045,2016-09-30 00:00:00,2016-09-30 00:00:00
1958191.1,4375294.0,2046,2013-10-10 00:00:00,2013-10-10 00:00:00
1790472.0,4373440.5,2047,2017-08-22 00:00:00,2017-08-27 00:00:00
1909543.4,4374830.5,2048,2013-10-01 00:00:00,2013-10-01 00:00:00
1917419.6,4374830.5,2049,2015-08-25 00:00:00,2015-08-25 00:00:00
1920199.5,4374830.5,2050,2008-10-05 00:00:00,2008-10-09 00:00:00
1922052.8,4374830.5,2051,2013-10-01 00:00:00,2013-10-04 00:00:00
1923906.0,4374830.5,2052,2013-10-17 00:00:00,2013-10-17 00:00:00
1931319.0,4374830.5,2053,2008-09-20 00:00:00,2008-09-20 00:00:00
1933172.2,4374367.0,2054,2006-09-25 00:00:00,2006-09-27 00:00:00
1935025.5,4373904.0,2055,2016-08-09 00:00:00,2016-08-09 00:00:00
1935488.9,4374830.5,2056,2022-10-18 00:00:00,2022-10-19 00:00:00
1935952.1,4374830.5,2057,2011-08-02 00:00:00,2011-08-02 00:00:00
1941048.6,4374830.5,2058,2012-09-19 00:00:00,2012-09-19 00:00:00
1944755.1,4374830.5,2059,2015-08-29 00:00:00,2015-08-29 00:00:00
1942901.9,4372050.5,2060,2008-09-20 00:00:00,2008-09-28 00:00:00
1945218.4,4374830.5,2061,2016-08-10 00:00:00,2016-08-10 00:00:00
1946145.0,4374367.0,2062,2013-10-02 00:00:00,2013-10-11 00:00:00
1947071.6,4374830.5,2063,2013-10-16 00:00:00,2013-10-16 00:00:00
1947998.2,4374830.5,2064,2011-10-10 00:00:00,2011-10-17 00:00:00
1958654.5,4371587.5,2065,2017-09-26 00:00:00,2017-10-05 00:00:00
1955874.6,4374830.5,2066,2007-10-01 00:00:00,2007-10-14 00:00:00
1959117.8,4374830.5,2067,2007-10-03 00:00:00,2007-10-03 00:00:00
1919272.9,4374367.0,2068,2008-10-02 00:00:00,2008-10-02 00:00:00
1920199.5,4373904.0,2069,2013-10-10 00:00:00,2013-10-12 00:00:00
1920199.5,4373440.5,2070,2013-10-02 00:00:00,2013-10-02 00:00:00
1921126.1,4374367.0,2071,2013-10-10 00:00:00,2013-10-11 00:00:00
1922052.8,4374367.0,2072,2008-10-02 00:00:00,2008-10-02 00:00:00
1922052.8,4374367.0,2073,2013-10-11 00:00:00,2013-10-11 00:00:00
1923906.0,4374367.0,2074,2013-10-11 00:00:00,2013-10-11 00:00:00
1929929.1,4374367.0,2075,2008-09-20 00:00:00,2008-09-20 00:00:00
1937342.1,4372050.5,2076,2007-09-23 00:00:00,2007-10-14 00:00:00
1936415.5,4372050.5,2077,2013-09-27 00:00:00,2013-10-11 00:00:00
1936878.8,4374367.0,2078,2022-10-09 00:00:00,2022-10-19 00:00:00
1936878.8,4373904.0,2079,2006-09-23 00:00:00,2006-09-29 00:00:00
1938268.8,4373904.0,2080,2006-09-26 00:00:00,2006-09-29 00:00:00
1941048.6,4374367.0,2081,2012-09-12 00:00:00,2012-09-12 00:00:00
1943828.5,4373904.0,2082,2013-10-02 00:00:00,2013-10-07 00:00:00
1944755.1,4374367.0,2083,2016-07-26 00:00:00,2016-08-06 00:00:00
1944755.1,4374367.0,2084,2015-08-23 00:00:00,2015-08-23 00:00:00
1943828.5,4373904.0,2085,2022-10-09 00:00:00,2022-10-20 00:00:00
1950314.9,4374367.0,2086,2013-10-08 00:00:00,2013-10-08 00:00:00
1951241.5,4374367.0,2087,2016-09-27 00:00:00,2016-09-27 00:00:00
1954021.4,4372977.0,2088,2013-10-17 00:00:00,2013-10-17 00:00:00
1955411.2,4372050.5,2089,2001-11-06 00:00:00,2001-11-09 00:00:00
1954484.6,4374367.0,2090,2022-10-16 00:00:00,2022-10-16 00:00:00
1954948.0,4372514.0,2091,2007-10-09 00:00:00,2007-10-09 00:00:00
1955411.2,4374367.0,2092,2013-10-13 00:00:00,2013-10-16 00:00:00
1914639.8,4373904.0,2094,2008-10-04 00:00:00,2008-10-04 00:00:00
1916956.4,4373904.0,2095,2014-09-30 00:00:00,2014-09-30 00:00:00
1916956.4,4373904.0,2096,2015-09-14 00:00:00,2015-09-14 00:00:00
1931782.4,4373904.0,2097,2016-08-29 00:00:00,2016-08-29 00:00:00
1935952.1,4373904.0,2098,2006-09-27 00:00:00,2006-09-27 00:00:00
1938268.8,4371587.5,2099,2013-10-01 00:00:00,2013-10-17 00:00:00
1937342.1,4373904.0,2100,2018-09-20 00:00:00,2018-09-20 00:00:00
1937342.1,4373904.0,2101,2018-10-24 00:00:00,2018-10-24 00:00:00
1935488.9,4372977.0,2102,2008-09-28 00:00:00,2008-09-28 00:00:00
1946145.0,4373440.5,2103,2016-08-01 00:00:00,2016-08-05 00:00:00
1953558.0,4373904.0,2104,2016-10-18 00:00:00,2016-10-18 00:00:00
1954021.4,4373904.0,2105,2001-11-14 00:00:00,2001-11-14 00:00:00
1954948.0,4373904.0,2106,2022-10-02 00:00:00,2022-10-02 00:00:00
1957727.9,4373440.5,2107,2007-10-01 00:00:00,2007-10-03 00:00:00
1960044.4,4373440.5,2108,2019-10-05 00:00:00,2019-10-05 00:00:00
1767769.6,4373440.5,2111,2007-08-16 00:00:00,2007-08-16 00:00:00
1905373.5,4373440.5,2112,2011-09-21 00:00:00,2011-09-21 00:00:00
1911396.6,4373440.5,2113,2008-08-10 00:00:00,2008-08-11 00:00:00
1916956.4,4372977.0,2114,2008-08-10 00:00:00,2008-08-12 00:00:00
1919736.2,4373440.5,2115,2017-09-24 00:00:00,2017-09-24 00:00:00
1922052.8,4373440.5,2116,2013-10-10 00:00:00,2013-10-10 00:00:00
1921589.5,4372514.0,2117,2013-10-11 00:00:00,2013-10-11 00:00:00
1923906.0,4372977.0,2118,2013-10-11 00:00:00,2013-10-17 00:00:00
1927612.5,4372977.0,2119,2003-10-31 00:00:00,2003-11-01 00:00:00
1930392.4,4372977.0,2120,2007-10-05 00:00:00,2007-10-05 00:00:00
1937342.1,4373440.5,2121,2012-09-15 00:00:00,2012-09-19 00:00:00
1929002.5,4372514.0,2122,2017-10-03 00:00:00,2017-10-03 00:00:00
1929929.1,4371587.5,2123,2011-10-10 00:00:00,2011-10-17 00:00:00
1942901.9,4373440.5,2124,2013-10-02 00:00:00,2013-10-02 00:00:00
1945218.4,4373440.5,2125,2016-10-28 00:00:00,2016-10-28 00:00:00
1946145.0,4373440.5,2126,2017-09-30 00:00:00,2017-09-30 00:00:00
1946608.4,4373440.5,2127,2016-08-01 00:00:00,2016-08-10 00:00:00
1957264.5,4372977.0,2128,2015-10-26 00:00:00,2015-10-29 00:00:00
1957727.9,4372977.0,2129,2022-10-09 00:00:00,2022-10-19 00:00:00
1954948.0,4372977.0,2130,2016-09-03 00:00:00,2016-09-03 00:00:00
1959581.1,4373440.5,2131,2022-10-26 00:00:00,2022-10-26 00:00:00
1905836.9,4372977.0,2135,2011-09-01 00:00:00,2011-09-01 00:00:00
1910006.6,4372977.0,2136,2011-09-28 00:00:00,2011-09-28 00:00:00
1912786.5,4372514.0,2137,2008-08-10 00:00:00,2008-08-12 00:00:00
1920199.5,4372977.0,2138,2013-10-12 00:00:00,2013-10-12 00:00:00
1921126.1,4372977.0,2139,2008-10-02 00:00:00,2008-10-02 00:00:00
1921589.5,4372977.0,2140,2017-09-23 00:00:00,2017-09-24 00:00:00
1923442.8,4372977.0,2141,2013-10-02 00:00:00,2013-10-02 00:00:00
1925296.0,4372977.0,2142,2013-10-02 00:00:00,2013-10-02 00:00:00
1940122.0,4372050.5,2143,2010-09-13 00:00:00,2010-09-17 00:00:00
1941975.2,4372977.0,2144,2012-09-15 00:00:00,2012-09-15 00:00:00
1941511.9,4372514.0,2145,2011-09-18 00:00:00,2011-09-18 00:00:00
1943828.5,4372977.0,2146,2022-10-24 00:00:00,2022-10-24 00:00:00
1944291.8,4372977.0,2147,2013-10-13 00:00:00,2013-10-13 00:00:00
1958191.1,4372977.0,2148,2013-10-17 00:00:00,2013-10-17 00:00:00
1959581.1,4372977.0,2149,2017-10-03 00:00:00,2017-10-03 00:00:00
1886377.8,4372514.0,2150,2001-10-20 00:00:00,2001-10-23 00:00:00
1918809.6,4372514.0,2151,2014-10-04 00:00:00,2014-10-04 00:00:00
1918346.2,4368807.5,2152,2017-09-24 00:00:00,2017-10-03 00:00:00
1922979.4,4372514.0,2153,2013-10-19 00:00:00,2013-10-19 00:00:00
1924832.6,4372514.0,2154,2007-09-27 00:00:00,2007-09-27 00:00:00
1926685.9,4372514.0,2155,2013-10-11 00:00:00,2013-10-11 00:00:00
1927149.2,4372514.0,2156,2013-10-02 00:00:00,2013-10-02 00:00:00
1938268.8,4372514.0,2157,2007-10-15 00:00:00,2007-10-15 00:00:00
1936878.8,4371587.5,2158,2006-09-23 00:00:00,2006-09-23 00:00:00
1945218.4,4372514.0,2159,2016-08-08 00:00:00,2016-08-08 00:00:00
1954021.4,4372514.0,2160,2016-09-27 00:00:00,2016-09-27 00:00:00
1954948.0,4371587.5,2161,2019-10-08 00:00:00,2019-10-15 00:00:00
1954948.0,4372514.0,2162,2022-10-16 00:00:00,2022-10-18 00:00:00
1957264.5,4372050.5,2163,2015-09-14 00:00:00,2015-09-14 00:00:00
1957264.5,4372514.0,2164,2012-09-28 00:00:00,2012-09-28 00:00:00
1957727.9,4372514.0,2165,2013-09-22 00:00:00,2013-09-22 00:00:00
1958191.1,4372050.5,2166,2019-10-14 00:00:00,2019-10-14 00:00:00
1958191.1,4372514.0,2167,2016-09-30 00:00:00,2016-09-30 00:00:00
1957264.5,4371587.5,2168,2016-09-19 00:00:00,2016-09-19 00:00:00
1887304.4,4372050.5,2170,2001-10-31 00:00:00,2001-10-31 00:00:00
1887767.6,4372050.5,2171,2013-10-12 00:00:00,2013-10-12 00:00:00
1905373.5,4371587.5,2172,2011-09-21 00:00:00,2011-09-22 00:00:00
1905836.9,4372050.5,2173,2011-09-01 00:00:00,2011-09-01 00:00:00
1907690.1,4371587.5,2174,2011-09-21 00:00:00,2011-09-23 00:00:00
1909080.0,4371587.5,2175,2020-04-07 00:00:00,2020-04-11 00:00:00
1914639.8,4372050.5,2176,2008-08-11 00:00:00,2008-08-12 00:00:00
1914176.5,4365564.0,2177,2016-09-24 00:00:00,2016-09-29 00:00:00
1916956.4,4371587.5,2178,2008-08-10 00:00:00,2008-08-11 00:00:00
1917419.6,4372050.5,2179,2014-10-11 00:00:00,2014-10-11 00:00:00
1917883.0,4372050.5,2180,2017-09-29 00:00:00,2017-09-29 00:00:00
1919272.9,4372050.5,2181,2008-10-02 00:00:00,2008-10-04 00:00:00
1922052.8,4372050.5,2182,2017-09-24 00:00:00,2017-09-26 00:00:00
1934098.9,4372050.5,2183,2018-10-13 00:00:00,2018-10-13 00:00:00
1925296.0,4371587.5,2184,2007-09-29 00:00:00,2007-09-29 00:00:00
1935025.5,4371587.5,2185,2006-09-28 00:00:00,2006-09-29 00:00:00
1922052.8,4371587.5,2186,2013-10-02 00:00:00,2013-10-02 00:00:00
1937342.1,4372050.5,2187,2013-10-20 00:00:00,2013-10-20 00:00:00
1943365.1,4372050.5,2188,2013-10-11 00:00:00,2013-10-11 00:00:00
1946608.4,4372050.5,2189,2008-10-04 00:00:00,2008-10-04 00:00:00
1953094.8,4372050.5,2190,2013-10-12 00:00:00,2013-10-12 00:00:00
1953558.0,4372050.5,2191,2016-09-13 00:00:00,2016-09-13 00:00:00
1954484.6,4372050.5,2192,2016-09-19 00:00:00,2016-09-21 00:00:00
1954948.0,4372050.5,2193,2016-09-12 00:00:00,2016-09-12 00:00:00
1916956.4,4371587.5,2194,2017-09-29 00:00:00,2017-09-29 00:00:00
1917883.0,4371587.5,2195,2008-10-04 00:00:00,2008-10-05 00:00:00
1920662.9,4371587.5,2196,2015-09-09 00:00:00,2015-09-19 00:00:00
1921589.5,4371587.5,2197,2013-10-10 00:00:00,2013-10-10 00:00:00
1935952.1,4371587.5,2198,2007-10-09 00:00:00,2007-10-09 00:00:00
1935952.1,4371587.5,2199,2013-10-11 00:00:00,2013-10-11 00:00:00
1935952.1,4371587.5,2200,2018-10-14 00:00:00,2018-10-14 00:00:00
1954484.6,4370660.5,2201,2016-09-27 00:00:00,2016-09-29 00:00:00
1956337.9,4371587.5,2202,2019-09-25 00:00:00,2019-09-25 00:00:00
1956801.2,4371587.5,2203,2004-10-13 00:00:00,2004-10-13 00:00:00
1956337.9,4371124.0,2204,2019-10-14 00:00:00,2019-10-20 00:00:00
1956801.2,4371587.5,2205,2022-10-16 00:00:00,2022-10-16 00:00:00
1959117.8,4371587.5,2206,2019-09-25 00:00:00,2019-09-25 00:00:00
1997572.8,4371587.5,2207,2007-07-15 00:00:00,2007-07-15 00:00:00
2001279.2,4371587.5,2208,2007-07-13 00:00:00,2007-07-13 00:00:00
1958654.5,4371124.0,2209,2004-10-13 00:00:00,2004-10-13 00:00:00
1885451.1,4370660.5,2211,2001-10-27 00:00:00,2001-10-31 00:00:00
1887767.6,4371124.0,2213,2013-10-10 00:00:00,2013-10-10 00:00:00
1889620.9,4371124.0,2214,2001-11-03 00:00:00,2001-11-11 00:00:00
1891010.9,4369270.5,2215,2013-10-01 00:00:00,2013-10-08 00:00:00
1910006.6,4371124.0,2216,2011-09-25 00:00:00,2011-09-28 00:00:00
1919736.2,4371124.0,2217,2017-10-10 00:00:00,2017-10-10 00:00:00
1926222.6,4371124.0,2218,2007-10-03 00:00:00,2007-10-03 00:00:00
1934098.9,4370197.5,2219,2006-09-27 00:00:00,2006-09-28 00:00:00
1934098.9,4371124.0,2220,2008-10-28 00:00:00,2008-10-28 00:00:00
1934562.2,4370660.5,2221,2008-10-05 00:00:00,2008-10-05 00:00:00
1936415.5,4371124.0,2222,2008-10-06 00:00:00,2008-10-06 00:00:00
1939658.6,4370660.5,2223,2013-10-02 00:00:00,2013-10-02 00:00:00
1941048.6,4368807.5,2224,2013-10-07 00:00:00,2013-10-14 00:00:00
1935488.9,4368807.5,2225,2008-10-05 00:00:00,2008-10-05 00:00:00
1943365.1,4371124.0,2226,2022-10-09 00:00:00,2022-10-09 00:00:00
1952631.4,4371124.0,2227,2013-10-12 00:00:00,2013-10-12 00:00:00
1954021.4,4369734.0,2228,2004-10-06 00:00:00,2004-10-17 00:00:00
1954484.6,4371124.0,2229,2016-09-13 00:00:00,2016-09-13 00:00:00
1956337.9,4371124.0,2230,2016-09-13 00:00:00,2016-09-13 00:00:00
1956801.2,4371124.0,2231,2007-10-04 00:00:00,2007-10-07 00:00:00
1957264.5,4371124.0,2232,2016-09-27 00:00:00,2016-09-29 00:00:00
1956801.2,4371124.0,2233,2017-10-02 00:00:00,2017-10-03 00:00:00
1957727.9,4371124.0,2234,2011-09-20 00:00:00,2011-09-20 00:00:00
1957727.9,4369270.5,2235,2016-09-09 00:00:00,2016-09-19 00:00:00
1958654.5,4371124.0,2236,2019-10-13 00:00:00,2019-10-13 00:00:00
1887767.6,4370660.5,2237,2001-10-10 00:00:00,2001-10-18 00:00:00
1890084.2,4367881.0,2238,2004-09-27 00:00:00,2004-10-01 00:00:00
1906300.1,4370660.5,2239,2011-09-17 00:00:00,2011-09-17 00:00:00
1909543.4,4369734.0,2240,2020-04-27 00:00:00,2020-05-03 00:00:00
1915566.4,4369270.5,2241,2006-09-23 00:00:00,2006-09-27 00:00:00
1915566.4,4370660.5,2242,2008-10-01 00:00:00,2008-10-01 00:00:00
1921126.1,4370660.5,2243,2008-10-02 00:00:00,2008-10-02 00:00:00
1924369.4,4370660.5,2244,2015-09-12 00:00:00,2015-09-12 00:00:00
1924832.6,4370660.5,2245,2007-09-27 00:00:00,2007-09-27 00:00:00
1929465.8,4369734.0,2246,2014-08-24 00:00:00,2014-08-24 00:00:00
1936415.5,4370197.5,2247,2014-08-07 00:00:00,2014-08-07 00:00:00
1937805.4,4370197.5,2248,2011-10-10 00:00:00,2011-10-10 00:00:00
1942438.5,4370660.5,2249,2013-10-04 00:00:00,2013-10-04 00:00:00
1941975.2,4370660.5,2250,2012-09-19 00:00:00,2012-09-19 00:00:00
1941975.2,4370197.5,2251,2013-10-20 00:00:00,2013-10-20 00:00:00
1943828.5,4370660.5,2252,2017-09-26 00:00:00,2017-09-26 00:00:00
1946608.4,4370660.5,2253,2008-10-01 00:00:00,2008-10-05 00:00:00
1954948.0,4370660.5,2254,2019-10-04 00:00:00,2019-10-04 00:00:00
1958191.1,4370660.5,2255,2017-10-01 00:00:00,2017-10-03 00:00:00
1882207.9,4368807.5,2259,2001-10-20 00:00:00,2001-10-22 00:00:00
1885914.4,4369734.0,2260,2001-11-06 00:00:00,2001-11-11 00:00:00
1888231.0,4369734.0,2261,2013-10-04 00:00:00,2013-10-15 00:00:00
1890084.2,4368807.5,2262,2013-10-08 00:00:00,2013-10-20 00:00:00
1891937.5,4370197.5,2263,2013-10-17 00:00:00,2013-10-17 00:00:00
1932245.6,4368807.5,2264,2011-10-17 00:00:00,2011-10-17 00:00:00
1933172.2,4370197.5,2265,2011-10-19 00:00:00,2011-10-19 00:00:00
1933172.2,4370197.5,2266,2014-09-28 00:00:00,2014-09-28 00:00:00
1935488.9,4369734.0,2267,2006-08-16 00:00:00,2006-08-16 00:00:00
1957727.9,4370197.5,2268,2004-10-09 00:00:00,2004-10-17 00:00:00
1958191.1,4370197.5,2269,2004-09-28 00:00:00,2004-09-28 00:00:00
1957727.9,4369734.0,2271,2015-09-14 00:00:00,2015-09-14 00:00:00
1886841.0,4369734.0,2274,2001-10-31 00:00:00,2001-10-31 00:00:00
1889620.9,4368807.5,2276,2006-09-19 00:00:00,2006-09-21 00:00:00
1893327.4,4368807.5,2277,2013-10-01 00:00:00,2013-10-02 00:00:00
1916493.0,4369734.0,2278,2008-10-01 00:00:00,2008-10-01 00:00:00
1918346.2,4369270.5,2279,2008-10-01 00:00:00,2008-10-01 00:00:00
1917883.0,4369734.0,2280,2014-11-03 00:00:00,2014-11-03 00:00:00
1923442.8,4369734.0,2281,2007-10-09 00:00:00,2007-10-09 00:00:00
1944755.1,4369734.0,2282,2015-09-08 00:00:00,2015-09-08 00:00:00
1955411.2,4369734.0,2283,2016-09-29 00:00:00,2016-09-29 00:00:00
1802981.4,4368344.0,2286,2007-08-22 00:00:00,2007-08-29 00:00:00
1889620.9,4369270.5,2287,2004-10-12 00:00:00,2004-10-12 00:00:00
1888231.0,4368807.5,2288,2013-10-01 00:00:00,2013-10-01 00:00:00
1933635.6,4369270.5,2289,2008-10-29 00:00:00,2008-10-29 00:00:00
1936878.8,4368807.5,2290,2014-08-05 00:00:00,2014-08-07 00:00:00
1938268.8,4368807.5,2291,2006-09-19 00:00:00,2006-09-23 00:00:00
1939658.6,4368807.5,2292,2013-10-01 00:00:00,2013-10-02 00:00:00
1941511.9,4368807.5,2293,2013-10-01 00:00:00,2013-10-01 00:00:00
1955874.6,4369270.5,2294,2016-09-14 00:00:00,2016-09-16 00:00:00
1956801.2,4369270.5,2295,2013-10-13 00:00:00,2013-10-13 00:00:00
1956801.2,4369270.5,2296,2016-09-09 00:00:00,2016-09-09 00:00:00
1957727.9,4369270.5,2297,2010-10-23 00:00:00,2010-10-23 00:00:00
1906763.5,4368807.5,2299,2011-09-28 00:00:00,2011-09-28 00:00:00
1929929.1,4368807.5,2300,2008-09-24 00:00:00,2008-09-27 00:00:00
1919272.9,4368344.0,2301,2015-09-09 00:00:00,2015-09-09 00:00:00
1933172.2,4368344.0,2302,2011-09-13 00:00:00,2011-09-20 00:00:00
1933172.2,4368807.5,2303,2008-10-05 00:00:00,2008-10-06 00:00:00
1934562.2,4367881.0,2304,2014-08-05 00:00:00,2014-08-08 00:00:00
1937342.1,4367881.0,2305,2007-07-24 00:00:00,2007-07-24 00:00:00
1940122.0,4368807.5,2306,2015-09-25 00:00:00,2015-09-27 00:00:00
1948924.9,4368807.5,2307,2012-09-16 00:00:00,2012-09-16 00:00:00
1954948.0,4368344.0,2308,2004-10-13 00:00:00,2004-10-13 00:00:00
1956801.2,4368807.5,2309,2010-10-30 00:00:00,2010-10-30 00:00:00
1957264.5,4368807.5,2310,2016-09-27 00:00:00,2016-09-27 00:00:00
1893327.4,4367881.0,2311,2013-10-11 00:00:00,2013-10-11 00:00:00
1901667.0,4368344.0,2312,2012-09-21 00:00:00,2012-09-24 00:00:00
1911396.6,4367881.0,2313,2016-09-27 00:00:00,2016-09-27 00:00:00
1919736.2,4366491.0,2314,2005-09-30 00:00:00,2005-10-12 00:00:00
1935025.5,4368344.0,2315,2002-08-01 00:00:00,2002-08-01 00:00:00
1935952.1,4367881.0,2316,2017-09-22 00:00:00,2017-10-03 00:00:00
1937342.1,4368344.0,2317,2011-09-12 00:00:00,2011-09-23 00:00:00
1938268.8,4368344.0,2318,2011-09-29 00:00:00,2011-09-29 00:00:00
1946145.0,4368344.0,2319,2014-09-10 00:00:00,2014-09-14 00:00:00
1944755.1,4366954.0,2320,2004-08-03 00:00:00,2004-08-05 00:00:00
1956801.2,4368344.0,2321,2016-09-09 00:00:00,2016-09-09 00:00:00
1959581.1,4367417.5,2322,2008-06-20 00:00:00,2008-06-22 00:00:00
1802981.4,4367881.0,2324,2007-09-02 00:00:00,2007-09-02 00:00:00
1891937.5,4367881.0,2325,2013-10-17 00:00:00,2013-10-17 00:00:00
1905836.9,4367881.0,2326,2015-09-12 00:00:00,2015-09-12 00:00:00
1906300.1,4366954.0,2327,2015-09-09 00:00:00,2015-09-13 00:00:00
1921126.1,4367881.0,2328,2009-06-30 00:00:00,2009-06-30 00:00:00
1921126.1,4367881.0,2329,2014-06-30 00:00:00,2014-06-30 00:00:00
1921589.5,4367881.0,2330,2009-07-10 00:00:00,2009-07-14 00:00:00
1922052.8,4367881.0,2331,2014-06-27 00:00:00,2014-06-30 00:00:00
1925759.2,4367881.0,2332,2007-10-03 00:00:00,2007-10-03 00:00:00
1926222.6,4364174.5,2333,2008-09-24 00:00:00,2008-10-05 00:00:00
1928539.1,4365101.0,2334,2011-10-05 00:00:00,2011-10-12 00:00:00
1930855.8,4367881.0,2335,2008-09-27 00:00:00,2008-09-27 00:00:00
1935952.1,4366954.0,2336,2004-08-22 00:00:00,2004-08-22 00:00:00
1935025.5,4367881.0,2337,2014-09-02 00:00:00,2014-09-02 00:00:00
1936415.5,4366954.0,2338,2008-10-02 00:00:00,2008-10-06 00:00:00
1936415.5,4367881.0,2339,2014-08-07 00:00:00,2014-08-07 00:00:00
1936878.8,4367881.0,2340,2002-07-31 00:00:00,2002-07-31 00:00:00
1937805.4,4367881.0,2341,2014-08-07 00:00:00,2014-08-07 00:00:00
1939195.4,4367881.0,2342,2017-09-30 00:00:00,2017-10-03 00:00:00
1943828.5,4366027.5,2343,2011-09-06 00:00:00,2011-09-18 00:00:00
1943828.5,4367881.0,2344,2009-06-26 00:00:00,2009-06-26 00:00:00
1947071.6,4365564.0,2345,2012-09-07 00:00:00,2012-09-21 00:00:00
1888694.2,4366954.0,2347,2013-10-02 00:00:00,2013-10-03 00:00:00
1916029.8,4367417.5,2348,2006-09-21 00:00:00,2006-09-21 00:00:00
1917419.6,4366491.0,2349,2005-09-12 00:00:00,2005-09-19 00:00:00
1917419.6,4367417.5,2350,2017-09-29 00:00:00,2017-09-29 00:00:00
1917883.0,4367417.5,2351,2016-09-28 00:00:00,2016-09-28 00:00:00
1923906.0,4366954.0,2352,2004-09-13 00:00:00,2004-09-13 00:00:00
1927149.2,4365101.0,2353,2007-10-09 00:00:00,2007-10-14 00:00:00
1927612.5,4367417.5,2354,2011-10-17 00:00:00,2011-10-17 00:00:00
1936415.5,4366027.5,2355,2014-09-08 00:00:00,2014-09-11 00:00:00
1935488.9,4367417.5,2356,2002-07-31 00:00:00,2002-07-31 00:00:00
1940122.0,4366491.0,2357,2015-09-07 00:00:00,2015-09-11 00:00:00
1771939.5,4366954.0,2359,2003-09-30 00:00:00,2003-09-30 00:00:00
1889620.9,4366954.0,2360,2004-10-05 00:00:00,2004-10-05 00:00:00
1918809.6,4366954.0,2361,2016-09-28 00:00:00,2016-09-28 00:00:00
1917419.6,4366027.5,2362,2016-09-28 00:00:00,2016-09-28 00:00:00
1925296.0,4366954.0,2363,2008-10-05 00:00:00,2008-10-05 00:00:00
1927612.5,4366954.0,2364,2011-09-29 00:00:00,2011-09-29 00:00:00
1934562.2,4366954.0,2365,2008-10-05 00:00:00,2008-10-05 00:00:00
1937805.4,4366954.0,2366,2011-09-29 00:00:00,2011-09-29 00:00:00
1939195.4,4366954.0,2367,2015-08-27 00:00:00,2015-08-27 00:00:00
1943828.5,4366954.0,2368,2014-09-02 00:00:00,2014-09-02 00:00:00
1947535.0,4366954.0,2369,2016-09-30 00:00:00,2016-09-30 00:00:00
1946608.4,4366491.0,2370,2014-09-12 00:00:00,2014-09-12 00:00:00
1889157.6,4366491.0,2372,2004-09-28 00:00:00,2004-09-28 00:00:00
1891937.5,4366491.0,2373,2004-10-08 00:00:00,2004-10-08 00:00:00
1907690.1,4366491.0,2374,2015-08-31 00:00:00,2015-08-31 00:00:00
1911396.6,4366491.0,2375,2016-09-27 00:00:00,2016-09-27 00:00:00
1927612.5,4366027.5,2376,2011-10-17 00:00:00,2011-10-17 00:00:00
1928539.1,4366491.0,2377,2011-10-17 00:00:00,2011-10-17 00:00:00
1940585.2,4366491.0,2378,2015-09-04 00:00:00,2015-09-04 00:00:00
1799738.2,4363711.0,2380,2007-08-23 00:00:00,2007-08-26 00:00:00
1907690.1,4366027.5,2381,2015-09-10 00:00:00,2015-09-10 00:00:00
1912786.5,4366027.5,2382,2016-09-27 00:00:00,2016-09-27 00:00:00
1918809.6,4365101.0,2383,2005-09-30 00:00:00,2005-10-02 00:00:00
1918346.2,4366027.5,2384,2005-09-18 00:00:00,2005-09-18 00:00:00
1935025.5,4366027.5,2385,2011-10-19 00:00:00,2011-10-19 00:00:00
1938268.8,4365101.0,2386,2011-09-17 00:00:00,2011-09-25 00:00:00
1933172.2,4364637.5,2387,2014-09-09 00:00:00,2014-09-09 00:00:00
1948924.9,4365564.0,2388,2002-11-12 00:00:00,2002-11-16 00:00:00
1895180.6,4364637.5,2391,2008-10-01 00:00:00,2008-10-06 00:00:00
1949388.2,4365101.0,2392,2016-09-12 00:00:00,2016-09-20 00:00:00
1949388.2,4364174.5,2393,2014-09-01 00:00:00,2014-09-10 00:00:00
2003132.5,4365564.0,2394,2007-07-03 00:00:00,2007-07-03 00:00:00
1769622.9,4363711.0,2398,2008-10-04 00:00:00,2008-10-12 00:00:00
1890084.2,4365101.0,2399,2004-10-17 00:00:00,2004-10-18 00:00:00
1900277.1,4364637.5,2400,2012-09-21 00:00:00,2012-09-22 00:00:00
1907226.8,4365101.0,2401,2015-09-10 00:00:00,2015-09-14 00:00:00
1909080.0,4365101.0,2402,2015-09-12 00:00:00,2015-09-14 00:00:00
1934098.9,4365101.0,2403,2014-09-11 00:00:00,2014-09-11 00:00:00
1940122.0,4365101.0,2404,2011-09-21 00:00:00,2011-09-21 00:00:00
1948461.6,4362784.5,2405,2013-09-15 00:00:00,2013-09-26 00:00:00
1949851.5,4365101.0,2406,2011-09-21 00:00:00,2011-09-21 00:00:00
1956337.9,4365101.0,2407,2008-10-04 00:00:00,2008-10-04 00:00:00
1769159.6,4364637.5,2408,2004-10-01 00:00:00,2004-10-01 00:00:00
1772866.1,4364637.5,2409,2008-10-04 00:00:00,2008-10-06 00:00:00
1899813.8,4364637.5,2410,2008-10-06 00:00:00,2008-10-06 00:00:00
1935488.9,4364637.5,2411,2014-09-06 00:00:00,2014-09-11 00:00:00
1947535.0,4364637.5,2412,2011-09-24 00:00:00,2011-09-24 00:00:00
1948461.6,4364174.5,2413,2014-09-10 00:00:00,2014-09-11 00:00:00
1949388.2,4363711.0,2414,2014-08-26 00:00:00,2014-08-26 00:00:00
1950778.1,4363711.0,2415,2015-08-23 00:00:00,2015-08-28 00:00:00
1954021.4,4364174.5,2416,2008-10-01 00:00:00,2008-10-05 00:00:00
1801128.1,4363247.5,2421,2011-08-25 00:00:00,2011-08-27 00:00:00
1927149.2,4363247.5,2422,2007-08-24 00:00:00,2007-08-26 00:00:00
1927149.2,4362784.5,2423,2014-08-27 00:00:00,2014-08-29 00:00:00
1933635.6,4364174.5,2424,2011-10-04 00:00:00,2011-10-05 00:00:00
1945218.4,4363711.0,2425,2011-09-15 00:00:00,2011-09-18 00:00:00
1946608.4,4364174.5,2426,2013-10-17 00:00:00,2013-10-17 00:00:00
1947535.0,4364174.5,2427,2007-09-18 00:00:00,2007-09-18 00:00:00
1947071.6,4363711.0,2428,2014-07-29 00:00:00,2014-07-29 00:00:00
1950314.9,4364174.5,2429,2011-09-27 00:00:00,2011-09-27 00:00:00
1898887.1,4363711.0,2432,2008-09-27 00:00:00,2008-09-27 00:00:00
1900277.1,4363711.0,2433,2008-10-03 00:00:00,2008-10-03 00:00:00
1921589.5,4362784.5,2434,2023-07-24 00:00:00,2023-07-27 00:00:00
1926685.9,4362321.0,2435,2014-07-25 00:00:00,2014-07-29 00:00:00
1947535.0,4362321.0,2436,2009-09-26 00:00:00,2009-09-29 00:00:00
1947535.0,4363711.0,2437,2016-09-12 00:00:00,2016-09-12 00:00:00
1948924.9,4363247.5,2438,2004-09-07 00:00:00,2004-09-12 00:00:00
1948924.9,4363711.0,2439,2015-09-12 00:00:00,2015-09-12 00:00:00
1953094.8,4361857.5,2440,2013-09-27 00:00:00,2013-10-02 00:00:00
1954484.6,4363247.5,2441,2013-10-12 00:00:00,2013-10-12 00:00:00
1799738.2,4360931.0,2444,2004-09-05 00:00:00,2004-09-10 00:00:00
1907690.1,4363247.5,2445,2015-09-12 00:00:00,2015-09-12 00:00:00
1922516.1,4363247.5,2446,2007-06-21 00:00:00,2007-06-22 00:00:00
1940122.0,4362784.5,2447,2011-10-06 00:00:00,2011-10-08 00:00:00
1948461.6,4361857.5,2448,2014-09-07 00:00:00,2014-09-11 00:00:00
1950314.9,4363247.5,2449,2016-09-21 00:00:00,2016-09-26 00:00:00
1950778.1,4363247.5,2450,2013-10-17 00:00:00,2013-10-17 00:00:00
1950778.1,4361394.5,2451,2018-10-03 00:00:00,2018-10-04 00:00:00
1961897.6,4361394.5,2452,2013-10-09 00:00:00,2013-10-16 00:00:00
1909543.4,4362784.5,2456,2015-09-09 00:00:00,2015-09-09 00:00:00
1935952.1,4361857.5,2457,2023-08-22 00:00:00,2023-08-25 00:00:00
1946145.0,4362784.5,2458,2014-09-30 00:00:00,2014-09-30 00:00:00
1946608.4,4362321.0,2459,2006-09-22 00:00:00,2006-09-23 00:00:00
1947535.0,4362784.5,2460,2006-09-28 00:00:00,2006-09-28 00:00:00
1947998.2,4362784.5,2461,2013-10-17 00:00:00,2013-10-17 00:00:00
1954948.0,4356761.5,2462,2008-09-26 00:00:00,2008-10-06 00:00:00
1953558.0,4362784.5,2463,2013-10-13 00:00:00,2013-10-13 00:00:00
1952631.4,4362321.0,2464,2016-09-19 00:00:00,2016-09-19 00:00:00
1770549.5,4361857.5,2466,2008-10-06 00:00:00,2008-10-06 00:00:00
1801128.1,4362321.0,2467,2011-09-05 00:00:00,2011-09-05 00:00:00
1900740.4,4362321.0,2468,2008-09-27 00:00:00,2008-09-27 00:00:00
1946145.0,4362321.0,2469,2012-09-10 00:00:00,2012-09-10 00:00:00
1946145.0,4362321.0,2470,2017-10-03 00:00:00,2017-10-03 00:00:00
1947071.6,4362321.0,2471,2007-09-18 00:00:00,2007-09-18 00:00:00
1946608.4,4362321.0,2472,2013-10-16 00:00:00,2013-10-16 00:00:00
1947998.2,4362321.0,2473,2007-09-27 00:00:00,2007-09-29 00:00:00
1948461.6,4360931.0,2474,2007-09-20 00:00:00,2007-09-20 00:00:00
1949851.5,4362321.0,2475,2013-10-16 00:00:00,2013-10-16 00:00:00
1951241.5,4362321.0,2476,2016-09-28 00:00:00,2016-09-28 00:00:00
1951704.8,4362321.0,2477,2011-09-21 00:00:00,2011-09-21 00:00:00
1955411.2,4362321.0,2478,2014-10-10 00:00:00,2014-10-11 00:00:00
1962824.2,4362321.0,2479,2016-09-26 00:00:00,2016-09-26 00:00:00
1934098.9,4361857.5,2481,2023-09-05 00:00:00,2023-09-05 00:00:00
1937342.1,4361857.5,2482,2014-09-09 00:00:00,2014-09-09 00:00:00
1938268.8,4361394.5,2483,2011-10-06 00:00:00,2011-10-10 00:00:00
1940122.0,4361394.5,2484,2011-10-02 00:00:00,2011-10-05 00:00:00
1940585.2,4361857.5,2485,2013-10-17 00:00:00,2013-10-17 00:00:00
1941048.6,4361857.5,2486,2013-10-10 00:00:00,2013-10-10 00:00:00
1947998.2,4361857.5,2487,2014-09-17 00:00:00,2014-09-17 00:00:00
1947998.2,4360931.0,2488,2017-09-30 00:00:00,2017-10-03 00:00:00
1950778.1,4361857.5,2489,2018-10-14 00:00:00,2018-10-14 00:00:00
1952168.1,4361857.5,2490,2016-09-28 00:00:00,2016-09-28 00:00:00
1952631.4,4361857.5,2491,2017-10-03 00:00:00,2017-10-05 00:00:00
1954948.0,4361857.5,2492,2013-10-12 00:00:00,2013-10-12 00:00:00
1955874.6,4360931.0,2493,2014-09-26 00:00:00,2014-09-30 00:00:00
1957264.5,4361857.5,2494,2008-10-04 00:00:00,2008-10-04 00:00:00
1958654.5,4361857.5,2495,2013-10-13 00:00:00,2013-10-13 00:00:00
1959581.1,4361857.5,2496,2013-10-11 00:00:00,2013-10-11 00:00:00
1960044.4,4361857.5,2497,2013-10-02 00:00:00,2013-10-02 00:00:00
1961434.4,4361857.5,2498,2016-09-26 00:00:00,2016-09-26 00:00:00
1770549.5,4361394.5,2502,2007-09-30 00:00:00,2007-09-30 00:00:00
1928539.1,4360468.0,2503,2011-07-27 00:00:00,2011-07-27 00:00:00
1929929.1,4361394.5,2504,2011-08-07 00:00:00,2011-08-07 00:00:00
1936415.5,4360468.0,2505,2023-09-05 00:00:00,2023-09-11 00:00:00
1941511.9,4361394.5,2506,2016-10-11 00:00:00,2016-10-11 00:00:00
1948924.9,4360004.5,2507,2001-09-04 00:00:00,2001-09-07 00:00:00
1947998.2,4359541.0,2508,2004-09-07 00:00:00,2004-09-27 00:00:00
1948924.9,4361394.5,2509,2009-09-26 00:00:00,2009-09-26 00:00:00
1947998.2,4360468.0,2510,2011-10-09 00:00:00,2011-10-12 00:00:00
1945681.8,4360468.0,2511,2016-10-11 00:00:00,2016-10-11 00:00:00
1950314.9,4360004.5,2512,2013-09-26 00:00:00,2013-10-02 00:00:00
1949851.5,4360004.5,2513,2016-09-21 00:00:00,2016-09-29 00:00:00
1951241.5,4361394.5,2514,2017-10-03 00:00:00,2017-10-05 00:00:00
1955874.6,4361394.5,2515,2014-10-06 00:00:00,2014-10-08 00:00:00
1962361.0,4361394.5,2516,2013-10-17 00:00:00,2013-10-17 00:00:00
1963287.6,4361394.5,2517,2013-10-11 00:00:00,2013-10-11 00:00:00
1964214.2,4361394.5,2518,2013-10-11 00:00:00,2013-10-11 00:00:00
1936415.5,4360931.0,2522,2007-10-02 00:00:00,2007-10-02 00:00:00
1936878.8,4360004.5,2523,2014-09-06 00:00:00,2014-09-17 00:00:00
1937805.4,4360931.0,2524,2007-09-15 00:00:00,2007-09-17 00:00:00
1938268.8,4360931.0,2525,2014-09-07 00:00:00,2014-09-07 00:00:00
1939658.6,4360004.5,2526,2011-09-16 00:00:00,2011-09-23 00:00:00
1941048.6,4360931.0,2527,2013-10-13 00:00:00,2013-10-13 00:00:00
1941511.9,4360931.0,2528,2004-10-08 00:00:00,2004-10-08 00:00:00
1943365.1,4360931.0,2529,2004-09-09 00:00:00,2004-09-15 00:00:00
1943365.1,4360931.0,2530,2013-10-20 00:00:00,2013-10-20 00:00:00
1943828.5,4360468.0,2531,2013-10-10 00:00:00,2013-10-13 00:00:00
1944291.8,4360931.0,2532,2016-09-30 00:00:00,2016-09-30 00:00:00
1944291.8,4360931.0,2533,2017-09-29 00:00:00,2017-10-05 00:00:00
1945681.8,4359541.0,2534,2012-09-15 00:00:00,2012-09-21 00:00:00
1945218.4,4360931.0,2535,2004-09-10 00:00:00,2004-09-15 00:00:00
1950314.9,4358614.5,2536,2013-10-12 00:00:00,2013-10-20 00:00:00
1946608.4,4360931.0,2537,2016-09-26 00:00:00,2016-09-26 00:00:00
1947998.2,4360931.0,2538,2001-09-12 00:00:00,2001-09-12 00:00:00
1947998.2,4360931.0,2539,2014-09-27 00:00:00,2014-09-27 00:00:00
1948924.9,4360931.0,2540,2011-10-03 00:00:00,2011-10-03 00:00:00
1946145.0,4360004.5,2541,2014-10-09 00:00:00,2014-10-09 00:00:00
1946608.4,4360468.0,2542,2017-09-30 00:00:00,2017-09-30 00:00:00
1949388.2,4360931.0,2543,2007-09-27 00:00:00,2007-09-27 00:00:00
1949851.5,4360931.0,2544,2016-09-11 00:00:00,2016-09-11 00:00:00
1949851.5,4360931.0,2545,2018-10-25 00:00:00,2018-10-25 00:00:00
1950314.9,4360931.0,2546,2013-10-10 00:00:00,2013-10-10 00:00:00
1958654.5,4360931.0,2547,2013-10-02 00:00:00,2013-10-02 00:00:00
1960507.8,4360004.5,2548,2016-09-26 00:00:00,2016-09-28 00:00:00
1933172.2,4360468.0,2553,2019-08-03 00:00:00,2019-08-03 00:00:00
1935952.1,4358614.5,2554,2008-09-24 00:00:00,2008-10-06 00:00:00
1941048.6,4360468.0,2555,2011-09-28 00:00:00,2011-09-28 00:00:00
1942438.5,4360004.5,2556,2013-10-11 00:00:00,2013-10-21 00:00:00
1944755.1,4360468.0,2557,2007-10-01 00:00:00,2007-10-04 00:00:00
1944755.1,4359541.0,2558,2013-09-25 00:00:00,2013-10-02 00:00:00
1948461.6,4360004.5,2559,2007-09-27 00:00:00,2007-10-02 00:00:00
1948461.6,4360468.0,2560,2006-09-09 00:00:00,2006-09-09 00:00:00
1949388.2,4360468.0,2561,2017-10-03 00:00:00,2017-10-03 00:00:00
1957727.9,4360468.0,2562,2017-10-03 00:00:00,2017-10-03 00:00:00
1959581.1,4360468.0,2563,2013-10-10 00:00:00,2013-10-10 00:00:00
1960507.8,4360004.5,2564,2008-09-27 00:00:00,2008-10-08 00:00:00
1964214.2,4360004.5,2565,2013-10-04 00:00:00,2013-10-13 00:00:00
1928539.1,4359078.0,2567,2022-08-07 00:00:00,2022-08-10 00:00:00
1930392.4,4359078.0,2568,2004-08-10 00:00:00,2004-08-12 00:00:00
1935488.9,4360004.5,2569,2004-09-07 00:00:00,2004-09-27 00:00:00
1941511.9,4360004.5,2570,2013-10-07 00:00:00,2013-10-10 00:00:00
1942438.5,4359541.0,2571,2011-10-04 00:00:00,2011-10-09 00:00:00
1943828.5,4360004.5,2572,2007-09-24 00:00:00,2007-09-24 00:00:00
1948461.6,4359541.0,2573,2007-09-10 00:00:00,2007-09-16 00:00:00
1949851.5,4360004.5,2574,2007-09-27 00:00:00,2007-09-27 00:00:00
1956801.2,4360004.5,2575,2014-10-04 00:00:00,2014-10-11 00:00:00
1957264.5,4360004.5,2576,2016-10-11 00:00:00,2016-10-14 00:00:00
1958654.5,4359541.0,2577,2008-10-05 00:00:00,2008-10-08 00:00:00
1959117.8,4360004.5,2578,2013-10-17 00:00:00,2013-10-17 00:00:00
1961897.6,4360004.5,2579,2013-10-10 00:00:00,2013-10-13 00:00:00
1962361.0,4359541.0,2580,2019-10-13 00:00:00,2019-10-15 00:00:00
1964214.2,4360004.5,2581,2019-10-04 00:00:00,2019-10-04 00:00:00
1964677.5,4360004.5,2582,2016-10-13 00:00:00,2016-10-13 00:00:00
1929929.1,4359078.0,2583,2015-08-28 00:00:00,2015-08-28 00:00:00
1933635.6,4359078.0,2584,2011-09-16 00:00:00,2011-09-20 00:00:00
1942438.5,4358614.5,2585,2011-09-27 00:00:00,2011-09-29 00:00:00
1945218.4,4359541.0,2586,2012-09-12 00:00:00,2012-09-12 00:00:00
1947998.2,4359541.0,2587,2007-09-20 00:00:00,2007-09-20 00:00:00
1949388.2,4357688.0,2588,2016-09-30 00:00:00,2016-09-30 00:00:00
1949388.2,4359541.0,2589,2013-10-02 00:00:00,2013-10-02 00:00:00
1949851.5,4359541.0,2590,2017-10-04 00:00:00,2017-10-04 00:00:00
1951704.8,4359078.0,2591,2004-09-07 00:00:00,2004-09-15 00:00:00
1954021.4,4359541.0,2592,2017-09-30 00:00:00,2017-10-03 00:00:00
1954484.6,4359541.0,2593,2017-10-19 00:00:00,2017-10-19 00:00:00
1955874.6,4354444.5,2594,2011-10-04 00:00:00,2011-10-18 00:00:00
1962824.2,4358614.5,2595,2016-09-26 00:00:00,2016-09-28 00:00:00
1964214.2,4359541.0,2596,2019-10-12 00:00:00,2019-10-12 00:00:00
1932245.6,4359078.0,2598,2007-09-18 00:00:00,2007-09-18 00:00:00
1932709.0,4359078.0,2599,2007-09-24 00:00:00,2007-09-24 00:00:00
1934098.9,4358614.5,2600,2007-09-18 00:00:00,2007-10-02 00:00:00
1935488.9,4359078.0,2601,2004-09-07 00:00:00,2004-09-11 00:00:00
1946145.0,4359078.0,2602,2007-10-03 00:00:00,2007-10-03 00:00:00
1947535.0,4359078.0,2603,2004-09-27 00:00:00,2004-09-27 00:00:00
1949388.2,4359078.0,2604,2006-09-22 00:00:00,2006-09-22 00:00:00
1949851.5,4359078.0,2605,2007-09-25 00:00:00,2007-09-25 00:00:00
1956801.2,4359078.0,2606,2011-10-26 00:00:00,2011-10-26 00:00:00
1957727.9,4358151.0,2607,2008-10-04 00:00:00,2008-10-06 00:00:00
1960971.0,4359078.0,2608,2016-09-25 00:00:00,2016-09-28 00:00:00
1934098.9,4357688.0,2613,2015-09-12 00:00:00,2015-09-13 00:00:00
1928539.1,4354444.5,2614,2007-07-18 00:00:00,2007-07-26 00:00:00
1937342.1,4358614.5,2615,2004-09-20 00:00:00,2004-09-25 00:00:00
1948461.6,4358614.5,2616,2007-09-20 00:00:00,2007-09-20 00:00:00
1949388.2,4358151.0,2617,2013-10-02 00:00:00,2013-10-02 00:00:00
1951241.5,4358614.5,2618,2013-10-14 00:00:00,2013-10-15 00:00:00
1954948.0,4358614.5,2619,2011-10-05 00:00:00,2011-10-05 00:00:00
1961434.4,4357688.0,2620,2008-10-02 00:00:00,2008-10-08 00:00:00
1802518.1,4357688.0,2622,2022-03-10 00:00:00,2022-03-13 00:00:00
1926222.6,4357688.0,2623,2008-09-04 00:00:00,2008-09-08 00:00:00
1932245.6,4357688.0,2624,2004-10-13 00:00:00,2004-10-13 00:00:00
1934562.2,4358151.0,2625,2011-09-18 00:00:00,2011-09-18 00:00:00
1936415.5,4358151.0,2626,2014-06-02 00:00:00,2014-06-02 00:00:00
1936415.5,4358151.0,2627,2011-09-23 00:00:00,2011-09-23 00:00:00
1937342.1,4357224.5,2628,2004-10-06 00:00:00,2004-10-09 00:00:00
1937805.4,4358151.0,2629,2004-09-07 00:00:00,2004-09-07 00:00:00
1939195.4,4358151.0,2630,2004-10-17 00:00:00,2004-10-17 00:00:00
1953558.0,4357688.0,2631,2013-10-11 00:00:00,2013-10-14 00:00:00
1954021.4,4358151.0,2632,2008-09-25 00:00:00,2008-09-25 00:00:00
1954948.0,4358151.0,2633,2011-10-18 00:00:00,2011-10-18 00:00:00
1963750.9,4358151.0,2634,2016-09-21 00:00:00,2016-09-21 00:00:00
1943365.1,4357688.0,2636,2011-10-07 00:00:00,2011-10-10 00:00:00
1948461.6,4357688.0,2637,2013-10-17 00:00:00,2013-10-17 00:00:00
1949388.2,4357688.0,2638,2013-10-12 00:00:00,2013-10-12 00:00:00
1960044.4,4357688.0,2639,2016-10-01 00:00:00,2016-10-01 00:00:00
1922516.1,4357224.5,2643,2008-09-28 00:00:00,2008-09-28 00:00:00
1934098.9,4357224.5,2644,2014-09-09 00:00:00,2014-09-14 00:00:00
1938268.8,4357224.5,2645,2008-09-30 00:00:00,2008-09-30 00:00:00
1953558.0,4357224.5,2646,2007-10-14 00:00:00,2007-10-14 00:00:00
1935952.1,4353981.5,2650,2014-09-05 00:00:00,2014-09-15 00:00:00
1936878.8,4356761.5,2651,2004-09-08 00:00:00,2004-09-08 00:00:00
1937342.1,4355834.5,2652,2004-09-15 00:00:00,2004-09-18 00:00:00
1952168.1,4356761.5,2653,2013-10-08 00:00:00,2013-10-17 00:00:00
1965604.1,4356298.0,2654,2014-09-30 00:00:00,2014-10-04 00:00:00
1935025.5,4355834.5,2656,2001-09-30 00:00:00,2001-10-02 00:00:00
1935488.9,4356298.0,2657,2015-09-11 00:00:00,2015-09-11 00:00:00
1935952.1,4356298.0,2658,2004-10-06 00:00:00,2004-10-06 00:00:00
1936878.8,4355834.5,2659,2004-09-21 00:00:00,2004-09-21 00:00:00
1939195.4,4356298.0,2660,2004-10-06 00:00:00,2004-10-06 00:00:00
1952631.4,4356298.0,2661,2013-09-19 00:00:00,2013-09-19 00:00:00
1953558.0,4356298.0,2662,2007-09-24 00:00:00,2007-10-01 00:00:00
1953558.0,4355834.5,2663,2013-10-11 00:00:00,2013-10-11 00:00:00
1954948.0,4356298.0,2664,2007-09-21 00:00:00,2007-09-21 00:00:00
1958191.1,4356298.0,2665,2008-10-01 00:00:00,2008-10-05 00:00:00
1913249.9,4354908.0,2669,2004-10-13 00:00:00,2004-10-13 00:00:00
1935025.5,4353518.0,2670,2006-09-15 00:00:00,2006-09-26 00:00:00
1936878.8,4355834.5,2671,2001-09-24 00:00:00,2001-09-25 00:00:00
1954021.4,4354908.0,2672,2013-09-26 00:00:00,2013-09-29 00:00:00
1955874.6,4355834.5,2673,2008-10-04 00:00:00,2008-10-04 00:00:00
1956337.9,4355371.5,2674,2011-09-29 00:00:00,2011-09-29 00:00:00
1957264.5,4354908.0,2675,2014-09-30 00:00:00,2014-09-30 00:00:00
1958191.1,4355834.5,2676,2011-09-21 00:00:00,2011-09-21 00:00:00
1962361.0,4355834.5,2677,2008-10-01 00:00:00,2008-10-01 00:00:00
1962361.0,4355834.5,2678,2016-09-30 00:00:00,2016-09-30 00:00:00
1924369.4,4355371.5,2681,2007-06-21 00:00:00,2007-06-21 00:00:00
1934098.9,4354908.0,2682,2004-08-26 00:00:00,2004-08-26 00:00:00
1936878.8,4354908.0,2683,2008-10-01 00:00:00,2008-10-05 00:00:00
1937805.4,4355371.5,2684,2014-09-10 00:00:00,2014-09-10 00:00:00
1952168.1,4355371.5,2685,2013-10-28 00:00:00,2013-10-28 00:00:00
1955411.2,4354444.5,2686,2013-10-10 00:00:00,2013-10-17 00:00:00
1956337.9,4354908.0,2687,2007-10-02 00:00:00,2007-10-03 00:00:00
1956337.9,4355371.5,2688,2014-10-10 00:00:00,2014-10-10 00:00:00
1957727.9,4355371.5,2689,2007-10-11 00:00:00,2007-10-11 00:00:00
1959581.1,4355371.5,2690,2008-10-02 00:00:00,2008-10-02 00:00:00
1960971.0,4353518.0,2691,2014-10-08 00:00:00,2014-10-10 00:00:00
1912786.5,4354908.0,2693,2008-10-04 00:00:00,2008-10-04 00:00:00
1931782.4,4354444.5,2694,2001-10-20 00:00:00,2001-10-20 00:00:00
1935488.9,4353055.0,2695,2001-09-23 00:00:00,2001-10-03 00:00:00
1954484.6,4354908.0,2696,2007-10-02 00:00:00,2007-10-02 00:00:00
1958654.5,4353518.0,2697,2007-09-21 00:00:00,2007-10-03 00:00:00
1960044.4,4354444.5,2698,2011-10-17 00:00:00,2011-10-21 00:00:00
1960507.8,4354908.0,2699,2016-10-11 00:00:00,2016-10-11 00:00:00
1960971.0,4354908.0,2700,2016-10-27 00:00:00,2016-10-27 00:00:00
1962824.2,4354908.0,2701,2016-09-30 00:00:00,2016-09-30 00:00:00
2020275.1,4352591.5,2702,2007-07-11 00:00:00,2007-07-11 00:00:00
1792325.2,4352591.5,2704,2017-08-29 00:00:00,2017-09-06 00:00:00
1959117.8,4353981.5,2705,2014-10-08 00:00:00,2014-10-10 00:00:00
1960507.8,4354444.5,2706,2016-09-30 00:00:00,2016-09-30 00:00:00
1961897.6,4354444.5,2707,2016-10-11 00:00:00,2016-10-11 00:00:00
1937805.4,4353518.0,2708,2001-10-10 00:00:00,2001-10-19 00:00:00
1957264.5,4353981.5,2709,2013-10-11 00:00:00,2013-10-13 00:00:00
1957727.9,4353981.5,2710,2011-10-17 00:00:00,2011-10-17 00:00:00
1959117.8,4353518.0,2712,2014-10-16 00:00:00,2014-10-16 00:00:00
1938268.8,4352591.5,2718,2001-10-28 00:00:00,2001-10-28 00:00:00
1942438.5,4351665.0,2719,2023-08-29 00:00:00,2023-08-30 00:00:00
1928539.1,4347495.0,2721,2004-10-04 00:00:00,2004-10-20 00:00:00
1937342.1,4352128.0,2722,2001-10-07 00:00:00,2001-10-10 00:00:00
1935025.5,4348885.0,2724,2001-10-19 00:00:00,2001-10-20 00:00:00
1939658.6,4347958.5,2725,2007-08-23 00:00:00,2007-08-29 00:00:00
1930855.8,4351201.5,2727,2004-10-13 00:00:00,2004-10-13 00:00:00
1931782.4,4351201.5,2728,2004-11-18 00:00:00,2004-11-18 00:00:00
1884987.8,4350738.0,2733,2007-09-18 00:00:00,2007-09-18 00:00:00
1932709.0,4350738.0,2734,2001-10-19 00:00:00,2001-10-19 00:00:00
1933172.2,4349348.5,2737,2004-10-01 00:00:00,2004-10-08 00:00:00
1935488.9,4350275.0,2738,2009-07-01 00:00:00,2009-07-01 00:00:00
1931319.0,4346105.0,2741,2013-09-27 00:00:00,2013-09-27 00:00:00
1927612.5,4349348.5,2743,2004-10-08 00:00:00,2004-10-08 00:00:00
1933172.2,4348421.5,2745,2001-09-25 00:00:00,2001-10-03 00:00:00
1935952.1,4349348.5,2746,2001-10-04 00:00:00,2001-10-04 00:00:00
1935952.1,4349348.5,2747,2013-10-16 00:00:00,2013-10-16 00:00:00
1935488.9,4347495.0,2748,2013-10-10 00:00:00,2013-10-17 00:00:00
1934098.9,4348885.0,2749,2004-09-30 00:00:00,2004-09-30 00:00:00
1933635.6,4348421.5,2753,2013-10-10 00:00:00,2013-10-10 00:00:00
1928075.9,4347495.0,2758,2014-09-05 00:00:00,2014-09-12 00:00:00
1931319.0,4346568.5,2759,2011-10-05 00:00:00,2011-10-17 00:00:00
1934562.2,4347031.5,2760,2014-09-04 00:00:00,2014-09-09 00:00:00
1936878.8,4347031.5,2761,2001-10-19 00:00:00,2001-10-22 00:00:00
1943828.5,4347958.5,2762,2012-08-06 00:00:00,2012-08-06 00:00:00
1931782.4,4347031.5,2765,2004-09-03 00:00:00,2004-09-04 00:00:00
1933172.2,4347495.0,2766,2004-10-08 00:00:00,2004-10-08 00:00:00
1933635.6,4347495.0,2767,2004-09-30 00:00:00,2004-09-30 00:00:00
1931782.4,4347031.5,2771,2013-10-10 00:00:00,2013-10-10 00:00:00
1933172.2,4346105.0,2772,2001-08-03 00:00:00,2001-08-04 00:00:00
1932709.0,4344252.0,2773,2013-10-11 00:00:00,2013-10-20 00:00:00
1924369.4,4346105.0,2776,2011-10-17 00:00:00,2011-10-17 00:00:00
1928075.9,4346568.5,2777,2014-09-20 00:00:00,2014-09-20 00:00:00
1918809.6,4345642.0,2790,2009-09-29 00:00:00,2009-09-29 00:00:00
1933635.6,4346105.0,2791,2008-10-02 00:00:00,2008-10-02 00:00:00
1935025.5,4346105.0,2792,2013-10-11 00:00:00,2013-10-15 00:00:00
1922979.4,4343788.5,2794,2011-10-12 00:00:00,2011-10-19 00:00:00
1929465.8,4345642.0,2795,2011-10-12 00:00:00,2011-10-17 00:00:00
1936878.8,4345642.0,2796,2001-10-08 00:00:00,2001-10-08 00:00:00
1940122.0,4343788.5,2797,2013-10-16 00:00:00,2013-10-22 00:00:00
1931319.0,4345178.5,2801,2008-10-02 00:00:00,2008-10-02 00:00:00
1932245.6,4345178.5,2802,2011-10-10 00:00:00,2011-10-10 00:00:00
1934098.9,4343788.5,2803,2011-10-12 00:00:00,2011-10-18 00:00:00
1933635.6,4345178.5,2804,2014-09-09 00:00:00,2014-09-09 00:00:00
1937342.1,4344715.0,2805,2007-10-03 00:00:00,2007-10-03 00:00:00
1922979.4,4344715.0,2810,2011-10-26 00:00:00,2011-10-26 00:00:00
1928075.9,4344715.0,2811,2003-10-31 00:00:00,2003-10-31 00:00:00
1929929.1,4344252.0,2812,2011-10-05 00:00:00,2011-10-10 00:00:00
1932245.6,4344715.0,2813,2008-10-04 00:00:00,2008-10-04 00:00:00
1933635.6,4344715.0,2814,2008-10-02 00:00:00,2008-10-02 00:00:00
1935488.9,4344252.0,2815,2008-10-02 00:00:00,2008-10-02 00:00:00
1935488.9,4344715.0,2816,2013-10-20 00:00:00,2013-10-20 00:00:00
1932709.0,4343788.5,2817,2008-10-01 00:00:00,2008-10-01 00:00:00
1984136.6,4344715.0,2818,2011-10-21 00:00:00,2011-10-21 00:00:00
1932709.0,4344252.0,2822,2014-09-09 00:00:00,2014-09-09 00:00:00
1933635.6,4344252.0,2823,2011-10-26 00:00:00,2011-10-26 00:00:00
1934098.9,4344252.0,2824,2013-10-11 00:00:00,2013-10-11 00:00:00
1936415.5,4344252.0,2825,2013-10-11 00:00:00,2013-10-20 00:00:00
1937805.4,4342862.0,2826,2001-09-30 00:00:00,2001-10-04 00:00:00
1936415.5,4342862.0,2827,2014-09-06 00:00:00,2014-09-15 00:00:00
1936878.8,4344252.0,2828,2007-10-14 00:00:00,2007-10-14 00:00:00
1937342.1,4344252.0,2829,2013-10-11 00:00:00,2013-10-11 00:00:00
1938268.8,4343788.5,2833,2014-09-16 00:00:00,2014-09-16 00:00:00
1934098.9,4342398.5,2835,2014-09-08 00:00:00,2014-09-17 00:00:00
1934098.9,4342862.0,2836,2008-10-01 00:00:00,2008-10-01 00:00:00
1938268.8,4343325.0,2837,2007-10-02 00:00:00,2007-10-02 00:00:00
1923906.0,4342862.0,2840,2011-10-12 00:00:00,2011-10-12 00:00:00
1938732.0,4342398.5,2846,2001-10-17 00:00:00,2001-10-17 00:00:00
1817807.4,4341472.0,2850,2009-05-06 00:00:00,2009-05-08 00:00:00
1922979.4,4341935.5,2851,2011-10-17 00:00:00,2011-10-17 00:00:00
1818270.8,4341472.0,2856,2008-04-29 00:00:00,2008-04-29 00:00:00
1912323.2,4341008.5,2862,2007-08-22 00:00:00,2007-08-28 00:00:00
1948924.9,4341008.5,2863,2012-08-10 00:00:00,2012-08-10 00:00:00
2009155.6,4318306.5,2871,2021-08-01 00:00:00,2021-08-13 00:00:00
1952631.4,4336375.5,2931,2021-08-01 00:00:00,2021-08-03 00:00:00
1948461.6,4335912.0,2949,2021-08-27 00:00:00,2021-08-27 00:00:00
1919736.2,4335912.0,2955,2010-08-06 00:00:00,2010-08-09 00:00:00
1924369.4,4331742.5,2982,2007-08-26 00:00:00,2007-08-27 00:00:00
1920199.5,4331279.0,2985,2019-07-08 00:00:00,2019-07-12 00:00:00
1907690.1,4329889.0,2990,2023-08-21 00:00:00,2023-08-23 00:00:00
2118497.5,4328962.5,2992,2015-07-16 00:00:00,2015-07-17 00:00:00
1992939.6,4326646.0,2999,2011-07-09 00:00:00,2011-07-11 00:00:00
2120350.8,4321549.5,3000,2008-07-10 00:00:00,2008-07-13 00:00:00
1923906.0,4324792.5,3007,2007-07-11 00:00:00,2007-07-11 00:00:00
1947071.6,4322476.0,3010,2013-10-17 00:00:00,2013-10-29 00:00:00
1948461.6,4322476.0,3011,2002-10-12 00:00:00,2002-10-20 00:00:00
1804834.6,4323403.0,3012,2010-08-20 00:00:00,2010-08-24 00:00:00
1949388.2,4322939.5,3015,2013-10-22 00:00:00,2013-10-22 00:00:00
2117107.5,4322939.5,3016,2008-08-18 00:00:00,2008-08-18 00:00:00
2124983.8,4322939.5,3017,2009-08-22 00:00:00,2009-08-22 00:00:00
1830780.1,4315526.5,3018,2011-08-19 00:00:00,2011-08-29 00:00:00
1948461.6,4321549.5,3019,2009-09-16 00:00:00,2009-09-26 00:00:00
2119887.5,4322476.0,3020,2008-07-19 00:00:00,2008-07-19 00:00:00
1812711.0,4321549.5,3022,2011-08-21 00:00:00,2011-08-25 00:00:00
1814564.2,4321086.0,3023,2011-08-25 00:00:00,2011-08-25 00:00:00
1948924.9,4321086.0,3024,2013-10-21 00:00:00,2013-10-21 00:00:00
1982746.8,4319696.5,3025,2005-04-16 00:00:00,2005-04-21 00:00:00
1805761.2,4319233.0,3028,2011-10-24 00:00:00,2011-10-25 00:00:00
1948461.6,4320159.5,3029,2013-10-17 00:00:00,2013-10-17 00:00:00
2125447.2,4319233.0,3030,2009-08-21 00:00:00,2009-08-21 00:00:00
1981356.8,4319233.0,3032,2008-08-05 00:00:00,2008-08-05 00:00:00
1948924.9,4317379.5,3033,2009-09-28 00:00:00,2009-09-29 00:00:00
1856262.4,4317379.5,3034,2017-08-08 00:00:00,2017-08-11 00:00:00
1808541.1,4315063.0,3039,2015-08-14 00:00:00,2015-08-16 00:00:00
1810857.8,4313673.0,3040,2015-08-02 00:00:00,2015-08-09 00:00:00
2011472.1,4316453.0,3041,2021-07-24 00:00:00,2021-07-24 00:00:00
1929002.5,4314136.5,3048,2008-04-10 00:00:00,2008-04-13 00:00:00
1927612.5,4313673.0,3050,2008-04-16 00:00:00,2008-04-16 00:00:00
1811321.0,4312746.5,3051,2015-07-18 00:00:00,2015-07-18 00:00:00
1929002.5,4312283.5,3052,2008-04-04 00:00:00,2008-04-13 00:00:00
2027688.1,4304870.5,3053,2016-07-28 00:00:00,2016-08-02 00:00:00
2034637.8,4309966.5,3054,2004-09-25 00:00:00,2004-09-25 00:00:00
1837266.5,4309966.5,3057,2008-05-12 00:00:00,2008-05-15 00:00:00
2020738.4,4310430.0,3058,2021-07-26 00:00:00,2021-07-26 00:00:00
1790935.2,4307650.0,3063,2010-08-15 00:00:00,2010-08-17 00:00:00
1918346.2,4307187.0,3064,2008-04-08 00:00:00,2008-04-08 00:00:00
1792788.5,4307187.0,3065,2010-08-16 00:00:00,2010-08-16 00:00:00
1835413.2,4297457.5,3073,2007-08-23 00:00:00,2007-08-27 00:00:00
1949851.5,4303943.5,3074,2001-10-15 00:00:00,2001-10-15 00:00:00
1950778.1,4303017.0,3075,2001-10-22 00:00:00,2001-10-22 00:00:00
1951704.8,4303017.0,3076,2013-10-10 00:00:00,2013-10-11 00:00:00
1953094.8,4303017.0,3077,2013-10-02 00:00:00,2013-10-02 00:00:00
1951704.8,4302553.5,3079,2013-10-02 00:00:00,2013-10-02 00:00:00
1954948.0,4301627.0,3080,2013-10-02 00:00:00,2013-10-11 00:00:00
1836339.9,4301164.0,3082,2011-09-09 00:00:00,2011-09-09 00:00:00
1840046.4,4301627.0,3083,2011-09-05 00:00:00,2011-09-05 00:00:00
1949851.5,4300700.5,3084,2001-10-21 00:00:00,2001-10-23 00:00:00
1840509.8,4301164.0,3086,2011-08-22 00:00:00,2011-08-29 00:00:00
1954484.6,4301164.0,3087,2004-09-29 00:00:00,2004-09-29 00:00:00
1987379.9,4300237.0,3088,2012-09-15 00:00:00,2012-09-19 00:00:00
1959117.8,4300700.5,3089,2008-10-01 00:00:00,2008-10-01 00:00:00
1988306.5,4300237.0,3090,2013-09-09 00:00:00,2013-09-12 00:00:00
1961897.6,4299774.0,3096,2008-10-01 00:00:00,2008-10-01 00:00:00
1939195.4,4299310.5,3099,2008-04-07 00:00:00,2008-04-07 00:00:00
1935025.5,4298847.0,3102,2011-10-25 00:00:00,2011-10-25 00:00:00
1960971.0,4298847.0,3103,2008-10-01 00:00:00,2008-10-06 00:00:00
1839119.8,4298384.0,3105,2011-09-25 00:00:00,2011-09-25 00:00:00
1961897.6,4297920.5,3108,2008-10-01 00:00:00,2008-10-01 00:00:00
2015642.0,4297457.5,3109,2021-08-05 00:00:00,2021-08-05 00:00:00
2057340.1,4296530.5,3110,2019-08-11 00:00:00,2019-08-19 00:00:00
2052243.6,4297457.5,3112,2019-07-29 00:00:00,2019-07-29 00:00:00
2053170.2,4292361.0,3118,2018-08-09 00:00:00,2018-08-15 00:00:00
2056876.8,4295140.5,3120,2019-08-19 00:00:00,2019-08-19 00:00:00
2062899.9,4294677.5,3121,2015-07-22 00:00:00,2015-07-24 00:00:00
2018421.9,4290971.0,3123,2014-06-25 00:00:00,2014-06-28 00:00:00
1965604.1,4291897.5,3133,2017-10-30 00:00:00,2017-11-02 00:00:00
2016105.2,4291434.0,3137,2014-07-28 00:00:00,2014-07-28 00:00:00
2013325.4,4287727.5,3143,2023-09-04 00:00:00,2023-09-04 00:00:00
2058730.0,4285411.0,3144,2023-08-19 00:00:00,2023-08-23 00:00:00
2016105.2,4287727.5,3146,2020-06-19 00:00:00,2020-06-21 00:00:00
2087455.4,4268732.0,3147,2007-08-23 00:00:00,2007-08-29 00:00:00
1869235.1,4286801.0,3149,2012-06-02 00:00:00,2012-06-03 00:00:00
1992013.0,4285411.0,3150,2013-06-28 00:00:00,2013-07-01 00:00:00
1994329.5,4286801.0,3151,2013-07-08 00:00:00,2013-07-08 00:00:00
2021201.8,4285874.5,3152,2012-06-30 00:00:00,2012-07-06 00:00:00
2101818.2,4285411.0,3153,2012-08-31 00:00:00,2012-09-06 00:00:00
1987843.1,4284021.0,3154,2009-08-22 00:00:00,2009-08-26 00:00:00
1993402.9,4286338.0,3155,2013-06-27 00:00:00,2013-07-01 00:00:00
2014252.0,4285411.0,3156,2011-10-08 00:00:00,2011-10-09 00:00:00
2025371.5,4285874.5,3157,2008-08-26 00:00:00,2008-08-28 00:00:00
2099965.0,4283094.5,3158,2001-07-20 00:00:00,2001-07-22 00:00:00
2086992.1,4283094.5,3160,2019-07-03 00:00:00,2019-07-08 00:00:00
2079115.8,4284948.0,3163,2017-10-15 00:00:00,2017-10-17 00:00:00
2098575.0,4284021.0,3164,2012-09-19 00:00:00,2012-09-19 00:00:00
2085138.9,4284484.5,3166,2019-06-24 00:00:00,2019-06-24 00:00:00
2091161.9,4284021.0,3167,2022-06-17 00:00:00,2022-06-17 00:00:00
2105988.0,4276608.0,3168,2012-08-23 00:00:00,2012-08-30 00:00:00
1992013.0,4281704.5,3170,2015-09-04 00:00:00,2015-09-16 00:00:00
2100428.2,4282631.5,3171,2019-07-04 00:00:00,2019-07-04 00:00:00
2099965.0,4282631.5,3172,2019-07-12 00:00:00,2019-07-12 00:00:00
1881744.6,4281704.5,3173,2012-06-02 00:00:00,2012-06-02 00:00:00
2066143.0,4276145.0,3175,2024-07-30 00:00:00,2024-07-30 00:00:00
1952168.1,4279851.5,3179,2022-07-04 00:00:00,2022-07-04 00:00:00
1981356.8,4279851.5,3180,2013-08-27 00:00:00,2013-09-01 00:00:00
2017495.2,4280314.5,3181,2014-09-14 00:00:00,2014-09-18 00:00:00
2099038.2,4280314.5,3182,2012-09-17 00:00:00,2012-09-20 00:00:00
2076799.2,4277535.0,3184,2007-08-23 00:00:00,2007-08-31 00:00:00
1953558.0,4278461.5,3186,2013-08-02 00:00:00,2013-08-09 00:00:00
1990159.8,4279851.5,3187,2013-08-28 00:00:00,2013-08-28 00:00:00
1952168.1,4276145.0,3188,2022-07-02 00:00:00,2022-07-05 00:00:00
1992939.6,4278461.5,3189,2013-08-27 00:00:00,2013-08-28 00:00:00
2097648.5,4276608.0,3190,2019-07-04 00:00:00,2019-07-06 00:00:00
1994329.5,4277998.0,3191,2006-08-22 00:00:00,2006-08-24 00:00:00
1987843.1,4277071.5,3192,2007-06-27 00:00:00,2007-07-03 00:00:00
1991086.4,4277071.5,3193,2013-08-28 00:00:00,2013-08-30 00:00:00
1981820.1,4277071.5,3194,2013-08-28 00:00:00,2013-08-28 00:00:00
2074019.4,4277071.5,3195,2007-09-04 00:00:00,2007-09-04 00:00:00
1932709.0,4276608.0,3196,2011-08-24 00:00:00,2011-08-31 00:00:00
2100891.5,4275681.5,3197,2009-07-21 00:00:00,2009-07-21 00:00:00
1985063.2,4276145.0,3198,2013-08-28 00:00:00,2013-08-28 00:00:00
2006375.8,4275218.0,3199,2004-10-04 00:00:00,2004-10-04 00:00:00
2006375.8,4272438.5,3200,2013-10-17 00:00:00,2013-10-17 00:00:00
2009618.9,4273365.0,3201,2013-09-29 00:00:00,2013-10-20 00:00:00
1858115.6,4275218.0,3202,2011-09-08 00:00:00,2011-09-08 00:00:00
2009618.9,4271511.5,3203,2004-10-08 00:00:00,2004-10-20 00:00:00
2101818.2,4271511.5,3204,2009-07-22 00:00:00,2009-07-22 00:00:00
2049000.5,4271048.5,3205,2009-06-09 00:00:00,2009-06-14 00:00:00
2009618.9,4271975.0,3209,2003-11-09 00:00:00,2003-11-09 00:00:00
2009618.9,4272901.5,3210,2003-11-02 00:00:00,2003-11-02 00:00:00
2016105.2,4272438.5,3211,2008-10-03 00:00:00,2008-10-04 00:00:00
2099965.0,4271511.5,3212,2001-10-10 00:00:00,2001-10-13 00:00:00
2009155.6,4272438.5,3214,2004-10-13 00:00:00,2004-10-13 00:00:00
2009155.6,4271975.0,3215,2013-09-27 00:00:00,2013-09-27 00:00:00
2010082.2,4272438.5,3216,2003-11-22 00:00:00,2003-11-22 00:00:00
2015178.6,4272438.5,3217,2022-08-29 00:00:00,2022-08-29 00:00:00
2017495.2,4269195.0,3218,2008-10-01 00:00:00,2008-10-06 00:00:00
1973943.8,4269658.5,3219,2006-07-17 00:00:00,2006-07-21 00:00:00
1978576.9,4261782.0,3220,2023-08-16 00:00:00,2023-08-30 00:00:00
2007302.4,4271975.0,3221,2013-10-11 00:00:00,2013-10-11 00:00:00
2010082.2,4271975.0,3222,2003-11-16 00:00:00,2003-11-16 00:00:00
2014252.0,4271511.5,3223,2008-10-01 00:00:00,2008-10-08 00:00:00
1928539.1,4267805.0,3224,2021-08-03 00:00:00,2021-08-09 00:00:00
1945218.4,4270585.0,3225,2011-09-13 00:00:00,2011-09-13 00:00:00
2008692.2,4271511.5,3226,2004-10-13 00:00:00,2004-10-13 00:00:00
2022591.6,4269195.0,3227,2023-07-22 00:00:00,2023-07-24 00:00:00
2017031.9,4270585.0,3228,2017-08-22 00:00:00,2017-08-26 00:00:00
2105524.8,4269195.0,3229,2024-07-28 00:00:00,2024-07-30 00:00:00
1867381.9,4270585.0,3232,2010-08-31 00:00:00,2010-08-31 00:00:00
1876648.1,4267342.0,3233,2011-08-21 00:00:00,2011-09-01 00:00:00
1884524.5,4267805.0,3234,2011-08-21 00:00:00,2011-08-27 00:00:00
2007302.4,4270585.0,3235,2004-10-13 00:00:00,2004-10-18 00:00:00
2007302.4,4270122.0,3236,2013-10-11 00:00:00,2013-10-20 00:00:00
2036027.8,4268732.0,3237,2012-09-17 00:00:00,2012-09-19 00:00:00
2098575.0,4269658.5,3238,2013-08-07 00:00:00,2013-08-10 00:00:00
1942438.5,4269195.0,3241,2009-06-12 00:00:00,2009-06-12 00:00:00
2035564.4,4269658.5,3242,2016-09-12 00:00:00,2016-09-12 00:00:00
2035564.4,4270122.0,3243,2016-09-21 00:00:00,2016-09-21 00:00:00
2091161.9,4270122.0,3244,2011-08-20 00:00:00,2011-08-20 00:00:00
1882671.2,4269658.5,3250,2011-09-01 00:00:00,2011-09-01 00:00:00
1876648.1,4267805.0,3251,2011-08-30 00:00:00,2011-08-30 00:00:00
2034174.5,4269658.5,3252,2019-10-11 00:00:00,2019-10-11 00:00:00
2049000.5,4268732.0,3253,2013-08-21 00:00:00,2013-08-25 00:00:00
2094868.4,4269195.0,3254,2007-08-24 00:00:00,2007-08-25 00:00:00
2053633.6,4269195.0,3259,2007-06-27 00:00:00,2007-07-01 00:00:00
1876184.9,4268268.5,3263,2011-09-09 00:00:00,2011-09-09 00:00:00
1895644.0,4267342.0,3264,2007-07-18 00:00:00,2007-07-25 00:00:00
2034174.5,4267805.0,3265,2019-10-13 00:00:00,2019-10-13 00:00:00
2024908.2,4267805.0,3267,2007-07-05 00:00:00,2007-07-08 00:00:00
2045294.0,4267805.0,3268,2011-09-12 00:00:00,2011-09-14 00:00:00
1842826.2,4267342.0,3270,2007-10-01 00:00:00,2007-10-01 00:00:00
1877111.5,4266878.5,3271,2008-07-22 00:00:00,2008-07-24 00:00:00
2019348.5,4266415.5,3272,2021-05-19 00:00:00,2021-05-19 00:00:00
2028151.4,4263172.0,3273,2023-08-19 00:00:00,2023-08-24 00:00:00
2049463.8,4267342.0,3274,2013-08-16 00:00:00,2013-08-16 00:00:00
2099501.8,4265488.5,3275,2023-07-05 00:00:00,2023-07-07 00:00:00
2008229.0,4265952.0,3278,2007-08-23 00:00:00,2007-08-26 00:00:00
2036954.4,4266415.5,3279,2024-06-19 00:00:00,2024-06-19 00:00:00
2103208.2,4264562.0,3281,2014-10-16 00:00:00,2014-10-20 00:00:00
2016568.6,4264098.5,3283,2007-09-14 00:00:00,2007-09-17 00:00:00
2022591.6,4265488.5,3284,2012-09-18 00:00:00,2012-09-19 00:00:00
2028614.8,4265488.5,3285,2013-10-02 00:00:00,2013-10-02 00:00:00
1895644.0,4265025.5,3286,2001-10-03 00:00:00,2001-10-03 00:00:00
1897960.5,4264562.0,3287,2008-08-01 00:00:00,2008-08-03 00:00:00
2019811.8,4265025.5,3288,2007-10-22 00:00:00,2007-10-30 00:00:00
2030468.0,4265025.5,3289,2013-10-02 00:00:00,2013-10-16 00:00:00
1934098.9,4264098.5,3291,2006-08-05 00:00:00,2006-08-06 00:00:00
2040197.5,4264562.0,3292,2012-09-17 00:00:00,2012-09-17 00:00:00
2013788.8,4262245.5,3294,2007-08-24 00:00:00,2007-08-31 00:00:00
2030004.6,4264098.5,3295,2013-10-22 00:00:00,2013-10-22 00:00:00
2032784.5,4263635.5,3296,2013-10-02 00:00:00,2013-10-08 00:00:00
1845606.1,4263172.0,3299,2011-10-23 00:00:00,2011-10-27 00:00:00
2014715.4,4263172.0,3300,2014-08-29 00:00:00,2014-08-31 00:00:00
2024908.2,4263635.5,3301,2012-09-18 00:00:00,2012-09-18 00:00:00
2059193.4,4263635.5,3302,2022-07-03 00:00:00,2022-07-03 00:00:00
1985989.9,4262709.0,3307,2014-08-24 00:00:00,2014-08-24 00:00:00
2026761.5,4263172.0,3308,2013-10-06 00:00:00,2013-10-06 00:00:00
2029541.4,4262245.5,3309,2013-10-03 00:00:00,2013-10-20 00:00:00
2040660.9,4261782.0,3310,2023-08-19 00:00:00,2023-08-23 00:00:00
1993866.2,4262709.0,3311,2007-07-18 00:00:00,2007-07-25 00:00:00
2043904.0,4261319.0,3312,2016-07-22 00:00:00,2016-07-24 00:00:00
2040197.5,4260855.5,3317,2009-07-22 00:00:00,2009-07-24 00:00:00
2105061.5,4260855.5,3319,2013-06-17 00:00:00,2013-06-19 00:00:00
1918346.2,4259465.5,3320,2021-07-29 00:00:00,2021-08-04 00:00:00
2061509.9,4259929.0,3322,2005-06-02 00:00:00,2005-06-03 00:00:00
1906300.1,4256685.5,3323,2012-07-17 00:00:00,2012-07-21 00:00:00
2060120.0,4259929.0,3324,2012-05-12 00:00:00,2012-05-12 00:00:00
2061046.6,4259929.0,3325,2012-05-24 00:00:00,2012-05-28 00:00:00
1846069.5,4259002.5,3330,2013-08-10 00:00:00,2013-08-10 00:00:00
2028614.8,4258539.0,3331,2007-09-26 00:00:00,2007-09-26 00:00:00
2029078.0,4258539.0,3332,2010-09-13 00:00:00,2010-09-15 00:00:00
2027688.1,4258539.0,3336,2010-09-13 00:00:00,2010-09-19 00:00:00
2083285.6,4251589.5,3337,2017-08-11 00:00:00,2017-08-16 00:00:00
2040197.5,4257149.0,3340,2009-07-06 00:00:00,2009-07-06 00:00:00
2085602.1,4256222.5,3341,2001-05-31 00:00:00,2001-06-04 00:00:00
2002205.9,4251589.5,3342,2009-08-15 00:00:00,2009-08-21 00:00:00
2051317.0,4256685.5,3343,2019-07-23 00:00:00,2019-07-25 00:00:00
2044830.6,4256222.5,3344,2014-08-01 00:00:00,2014-08-10 00:00:00
2044830.6,4254832.5,3345,2017-06-01 00:00:00,2017-06-02 00:00:00
2030004.6,4255759.0,3347,2011-09-17 00:00:00,2011-09-20 00:00:00
2045757.2,4256222.5,3348,2014-08-02 00:00:00,2014-08-02 00:00:00
2046683.9,4255296.0,3349,2014-08-06 00:00:00,2014-08-08 00:00:00
2024908.2,4255296.0,3351,2010-07-01 00:00:00,2010-07-02 00:00:00
2030468.0,4255759.0,3352,2011-09-29 00:00:00,2011-09-29 00:00:00
1902130.4,4255296.0,3353,2012-08-30 00:00:00,2012-09-01 00:00:00
1996182.8,4251126.0,3354,2023-08-19 00:00:00,2023-08-28 00:00:00
2090698.6,4254369.0,3357,2012-07-06 00:00:00,2012-07-07 00:00:00
2043440.8,4254369.0,3364,2017-06-01 00:00:00,2017-06-03 00:00:00
2087455.4,4253442.5,3365,2010-07-15 00:00:00,2010-07-17 00:00:00
2035564.4,4253906.0,3369,2015-08-15 00:00:00,2015-08-15 00:00:00
2044830.6,4253906.0,3370,2017-06-03 00:00:00,2017-06-03 00:00:00
2090235.2,4253906.0,3371,2012-07-14 00:00:00,2012-07-14 00:00:00
2096258.4,4233983.5,3372,2009-08-19 00:00:00,2009-08-26 00:00:00
2003132.5,4249736.0,3375,2019-08-10 00:00:00,2019-08-14 00:00:00
2091625.2,4253442.5,3376,2017-08-19 00:00:00,2017-08-19 00:00:00
2120814.0,4238616.5,3378,2007-08-20 00:00:00,2007-08-31 00:00:00
2091625.2,4252052.5,3384,2017-08-19 00:00:00,2017-08-19 00:00:00
2083748.9,4241396.5,3392,2021-08-02 00:00:00,2021-08-09 00:00:00
2113401.0,4250199.5,3395,2007-07-20 00:00:00,2007-07-25 00:00:00
1922052.8,4250199.5,3398,2008-07-31 00:00:00,2008-07-31 00:00:00
2023981.6,4244176.5,3399,2009-08-19 00:00:00,2009-08-28 00:00:00
1946145.0,4241396.5,3404,2007-07-18 00:00:00,2007-07-30 00:00:00
2114791.0,4248809.5,3405,2013-07-17 00:00:00,2013-07-18 00:00:00
2087918.8,4248809.5,3407,2010-07-06 00:00:00,2010-07-06 00:00:00
2053170.2,4246493.0,3413,2008-07-14 00:00:00,2008-07-19 00:00:00
2097648.5,4247883.0,3414,2006-07-20 00:00:00,2006-07-21 00:00:00
1873868.2,4247419.5,3417,2005-10-09 00:00:00,2005-10-14 00:00:00
1780279.1,4246029.5,3420,2017-09-05 00:00:00,2017-09-09 00:00:00
2055486.9,4246956.0,3421,2023-06-10 00:00:00,2023-06-14 00:00:00
1941511.9,4245103.0,3426,2023-07-21 00:00:00,2023-07-27 00:00:00
2055023.5,4231667.0,3427,2023-07-16 00:00:00,2023-07-22 00:00:00
1813637.6,4245566.0,3428,2023-10-13 00:00:00,2023-10-13 00:00:00
2071239.5,4240006.5,3429,2007-06-25 00:00:00,2007-07-02 00:00:00
2099965.0,4245566.0,3433,2013-08-03 00:00:00,2013-08-06 00:00:00
1868771.8,4244176.5,3436,2011-08-21 00:00:00,2011-08-23 00:00:00
1936415.5,4245566.0,3437,2007-08-02 00:00:00,2007-08-02 00:00:00
2045757.2,4232593.5,3438,2021-08-15 00:00:00,2021-08-24 00:00:00
1935952.1,4244176.5,3442,2007-06-25 00:00:00,2007-06-29 00:00:00
2057340.1,4244639.5,3443,2016-06-23 00:00:00,2016-06-30 00:00:00
2085138.9,4242786.5,3448,2012-08-24 00:00:00,2012-08-25 00:00:00
2065679.8,4244176.5,3453,2007-06-22 00:00:00,2007-06-22 00:00:00
2026761.5,4243713.0,3459,2009-08-17 00:00:00,2009-08-17 00:00:00
2095795.0,4242786.5,3463,2008-07-30 00:00:00,2008-08-01 00:00:00
1898887.1,4242786.5,3468,2007-07-17 00:00:00,2007-07-19 00:00:00
1901667.0,4241859.5,3469,2022-07-15 00:00:00,2022-07-16 00:00:00
1902593.6,4241859.5,3470,2007-07-16 00:00:00,2007-07-19 00:00:00
2118034.2,4242323.0,3471,2021-07-09 00:00:00,2021-07-10 00:00:00
2149539.5,4239080.0,3479,2023-10-31 00:00:00,2023-11-05 00:00:00
2031857.9,4240470.0,3487,2022-07-03 00:00:00,2022-07-06 00:00:00
2079579.1,4240470.0,3488,2013-08-02 00:00:00,2013-08-07 00:00:00
2066143.0,4238616.5,3499,2023-08-19 00:00:00,2023-08-28 00:00:00
2057803.4,4236300.0,3509,2009-08-19 00:00:00,2009-08-21 00:00:00
1798811.6,4239543.0,3524,2007-07-16 00:00:00,2007-07-17 00:00:00
1809004.5,4238616.5,3525,2010-08-12 00:00:00,2010-08-18 00:00:00
1814564.2,4234446.5,3526,2007-07-21 00:00:00,2007-07-29 00:00:00
1815027.5,4235373.5,3533,2021-06-30 00:00:00,2021-07-05 00:00:00
1814100.9,4238616.5,3549,2012-08-23 00:00:00,2012-08-25 00:00:00
1817344.1,4238616.5,3550,2011-09-01 00:00:00,2011-09-04 00:00:00
1966994.1,4236300.0,3561,2006-08-05 00:00:00,2006-08-12 00:00:00
2121277.2,4235836.5,3562,2016-08-12 00:00:00,2016-08-14 00:00:00
1966530.8,4237226.5,3573,2015-08-17 00:00:00,2015-08-18 00:00:00
1892864.1,4237226.5,3577,2003-05-23 00:00:00,2003-05-28 00:00:00
2149076.2,4237226.5,3578,2016-08-08 00:00:00,2016-08-09 00:00:00
2042514.1,4233983.5,3590,2016-06-11 00:00:00,2016-06-15 00:00:00
2069849.5,4235373.5,3596,2009-07-27 00:00:00,2009-07-27 00:00:00
1816880.8,4233057.0,3605,2018-09-25 00:00:00,2018-10-02 00:00:00
1817344.1,4233983.5,3606,2017-08-16 00:00:00,2017-08-18 00:00:00
1816880.8,4235373.5,3607,2018-10-09 00:00:00,2018-10-09 00:00:00
2086992.1,4233057.0,3608,2007-08-13 00:00:00,2007-08-18 00:00:00
2129617.0,4233983.5,3614,2019-09-03 00:00:00,2019-09-07 00:00:00
1888694.2,4233057.0,3619,2017-09-06 00:00:00,2017-09-15 00:00:00
1871088.4,4233983.5,3624,2008-09-11 00:00:00,2008-09-18 00:00:00
2128227.0,4233983.5,3625,2021-08-21 00:00:00,2021-08-22 00:00:00
1815954.1,4233520.0,3634,2018-10-06 00:00:00,2018-10-06 00:00:00
2034174.5,4232130.0,3635,2022-07-19 00:00:00,2022-07-21 00:00:00
2034174.5,4230277.0,3650,2021-05-18 00:00:00,2021-05-21 00:00:00
2094868.4,4227960.5,3651,2022-07-17 00:00:00,2022-07-21 00:00:00
2149539.5,4229350.5,3663,2011-09-15 00:00:00,2011-09-18 00:00:00
2137956.5,4231203.5,3665,2010-07-19 00:00:00,2010-07-27 00:00:00
2102281.5,4228423.5,3672,2018-07-23 00:00:00,2018-07-29 00:00:00
2100891.5,4231667.0,3673,2018-07-29 00:00:00,2018-07-29 00:00:00
2135640.0,4229350.5,3674,2008-08-21 00:00:00,2008-08-23 00:00:00
2139809.8,4229350.5,3682,2010-08-18 00:00:00,2010-08-24 00:00:00
1968847.4,4230277.0,3699,2008-10-06 00:00:00,2008-10-08 00:00:00
2098575.0,4227033.5,3700,2005-07-27 00:00:00,2005-07-29 00:00:00
2132860.2,4228887.0,3701,2002-07-04 00:00:00,2002-07-04 00:00:00
2149076.2,4224254.0,3702,2023-07-22 00:00:00,2023-07-27 00:00:00
2133323.5,4227960.5,3711,2009-07-28 00:00:00,2009-08-01 00:00:00
2135176.8,4225644.0,3712,2016-07-23 00:00:00,2016-07-26 00:00:00
1946608.4,4228887.0,3722,2021-04-01 00:00:00,2021-04-02 00:00:00
2144443.0,4223327.0,3723,2009-08-11 00:00:00,2009-08-25 00:00:00
1876648.1,4227960.5,3740,2002-07-31 00:00:00,2002-08-02 00:00:00
1980893.5,4227960.5,3741,2018-07-22 00:00:00,2018-07-28 00:00:00
2130080.2,4227497.0,3742,2012-08-30 00:00:00,2012-09-02 00:00:00
1866918.5,4227960.5,3752,2012-08-27 00:00:00,2012-08-27 00:00:00
1958191.1,4227960.5,3753,2010-09-20 00:00:00,2010-09-20 00:00:00
2146296.2,4228423.5,3754,2009-08-31 00:00:00,2009-08-31 00:00:00
1957264.5,4227960.5,3773,2010-09-25 00:00:00,2010-09-25 00:00:00
2033711.1,4222864.0,3788,2018-07-22 00:00:00,2018-07-28 00:00:00
1886377.8,4226107.0,3805,2011-08-19 00:00:00,2011-08-21 00:00:00
1943365.1,4224717.0,3806,2008-04-08 00:00:00,2008-04-19 00:00:00
2100891.5,4224717.0,3807,2005-07-27 00:00:00,2005-07-30 00:00:00
2152782.8,4227033.5,3808,2009-08-15 00:00:00,2009-08-15 00:00:00
2132396.8,4226107.0,3844,2012-07-02 00:00:00,2012-07-02 00:00:00
2013788.8,4224254.0,3858,2019-09-12 00:00:00,2019-09-16 00:00:00
2150002.8,4223327.0,3878,2012-09-08 00:00:00,2012-09-09 00:00:00
1944755.1,4224717.0,3899,2008-04-18 00:00:00,2008-04-18 00:00:00
1866918.5,4223790.5,3919,2017-09-30 00:00:00,2017-10-01 00:00:00
1865528.6,4222864.0,3939,2008-10-05 00:00:00,2008-10-08 00:00:00
1945218.4,4222400.5,3981,2009-05-17 00:00:00,2009-05-17 00:00:00
2144906.2,4222400.5,3982,2009-09-20 00:00:00,2009-09-20 00:00:00
1892864.1,4212207.5,3983,2024-06-18 00:00:00,2024-06-23 00:00:00
1862285.4,4221937.5,4001,2008-10-06 00:00:00,2008-10-06 00:00:00
1867845.1,4221937.5,4002,2018-10-07 00:00:00,2018-10-09 00:00:00
1890084.2,4220547.5,4021,2011-08-25 00:00:00,2011-08-27 00:00:00
1948461.6,4221474.0,4022,2008-04-04 00:00:00,2008-04-04 00:00:00
2088382.0,4220547.5,4023,2019-08-11 00:00:00,2019-08-11 00:00:00
1864602.0,4221010.5,4038,2008-10-06 00:00:00,2008-10-06 00:00:00
1964214.2,4219620.5,4039,2008-04-07 00:00:00,2008-04-15 00:00:00
2021665.0,4217304.0,4040,2023-07-16 00:00:00,2023-07-21 00:00:00
1866918.5,4220084.0,4074,2007-09-30 00:00:00,2007-09-30 00:00:00
2026761.5,4220084.0,4075,2005-07-31 00:00:00,2005-07-31 00:00:00
2084212.2,4216377.5,4117,2015-07-14 00:00:00,2015-07-18 00:00:00
2168072.0,4216377.5,4138,2010-09-19 00:00:00,2010-09-26 00:00:00
1892864.1,4214524.5,4161,2022-06-30 00:00:00,2022-07-07 00:00:00
1970237.2,4218231.0,4162,2008-04-10 00:00:00,2008-04-11 00:00:00
2174095.0,4218231.0,4163,2009-09-26 00:00:00,2009-09-26 00:00:00
1864138.6,4217767.5,4187,2017-10-01 00:00:00,2017-10-01 00:00:00
1876648.1,4215451.0,4188,2008-07-29 00:00:00,2008-08-02 00:00:00
1906300.1,4196455.0,4189,2007-08-20 00:00:00,2007-09-02 00:00:00
2175485.0,4217304.0,4190,2023-08-23 00:00:00,2023-08-28 00:00:00
1864138.6,4216841.0,4245,2017-09-30 00:00:00,2017-09-30 00:00:00
1869698.4,4215914.0,4267,2018-10-05 00:00:00,2018-10-09 00:00:00
1951241.5,4216377.5,4268,2008-04-09 00:00:00,2008-04-11 00:00:00
2105061.5,4215914.0,4269,2004-08-22 00:00:00,2004-08-25 00:00:00
2172705.0,4215451.0,4270,2012-09-08 00:00:00,2012-09-14 00:00:00
1869698.4,4215914.0,4295,2001-10-01 00:00:00,2001-10-01 00:00:00
1907226.8,4214987.5,4296,2021-07-27 00:00:00,2021-07-27 00:00:00
1815490.9,4214987.5,4323,2004-09-04 00:00:00,2004-09-08 00:00:00
1995256.1,4209428.0,4324,2007-08-21 00:00:00,2007-08-27 00:00:00
1874331.6,4214524.5,4355,2003-08-18 00:00:00,2003-08-18 00:00:00
1873868.2,4214524.5,4390,2003-08-28 00:00:00,2003-08-28 00:00:00
2087918.8,4214061.0,4409,2009-06-14 00:00:00,2009-06-14 00:00:00
2171315.2,4214061.0,4410,2013-08-16 00:00:00,2013-08-18 00:00:00
1812711.0,4212207.5,4438,2009-08-19 00:00:00,2009-08-25 00:00:00
1813637.6,4213134.5,4439,2017-08-12 00:00:00,2017-08-14 00:00:00
1989233.1,4211281.0,4440,2024-07-08 00:00:00,2024-07-13 00:00:00
2179191.5,4212207.5,4441,2021-04-04 00:00:00,2021-04-06 00:00:00
1909543.4,4213134.5,4480,2011-09-22 00:00:00,2011-09-22 00:00:00
2006375.8,4212671.0,4481,2007-07-16 00:00:00,2007-07-17 00:00:00
2169462.0,4211744.5,4482,2016-07-07 00:00:00,2016-07-09 00:00:00
2173168.5,4212207.5,4483,2013-07-24 00:00:00,2013-07-26 00:00:00
1882207.9,4210354.5,4525,2020-09-07 00:00:00,2020-09-10 00:00:00
2000815.9,4212207.5,4526,2012-07-15 00:00:00,2012-07-16 00:00:00
2004522.4,4211744.5,4565,2012-08-06 00:00:00,2012-08-12 00:00:00
2106451.2,4209891.0,4566,2013-08-01 00:00:00,2013-08-04 00:00:00
2181044.8,4211744.5,4567,2012-10-12 00:00:00,2012-10-12 00:00:00
2181508.0,4211744.5,4568,2012-10-04 00:00:00,2012-10-04 00:00:00
1872015.0,4211744.5,4611,2003-10-02 00:00:00,2003-10-02 00:00:00
2015178.6,4203868.0,4649,2020-07-19 00:00:00,2020-07-27 00:00:00
2000815.9,4210354.5,4650,2012-07-15 00:00:00,2012-07-16 00:00:00
2017495.2,4211281.0,4651,2020-07-11 00:00:00,2020-07-11 00:00:00
2087455.4,4210818.0,4652,2022-06-02 00:00:00,2022-06-03 00:00:00
1816880.8,4210354.5,4682,2007-07-19 00:00:00,2007-07-28 00:00:00
1812711.0,4210354.5,4720,2017-09-02 00:00:00,2017-09-02 00:00:00
2008692.2,4206184.5,4721,2007-07-16 00:00:00,2007-07-20 00:00:00
2186141.2,4208501.0,4722,2014-10-17 00:00:00,2014-10-18 00:00:00
1815027.5,4205721.5,4764,2017-08-23 00:00:00,2017-08-26 00:00:00
1815490.9,4208964.5,4765,2012-08-21 00:00:00,2012-08-21 00:00:00
2010545.5,4209428.0,4766,2012-08-20 00:00:00,2012-08-20 00:00:00
1818270.8,4209428.0,4824,2017-07-18 00:00:00,2017-07-18 00:00:00
1817807.4,4208038.0,4825,2017-07-10 00:00:00,2017-07-12 00:00:00
1999889.2,4208501.0,4826,2021-07-22 00:00:00,2021-07-24 00:00:00
1811784.4,4205721.5,4871,2009-08-15 00:00:00,2009-08-23 00:00:00
1994792.9,4208038.0,4872,2017-09-20 00:00:00,2017-09-22 00:00:00
2010082.2,4208038.0,4873,2012-08-19 00:00:00,2012-08-20 00:00:00
2103208.2,4208964.5,4874,2008-07-31 00:00:00,2008-08-03 00:00:00
2105061.5,4208038.0,4875,2011-08-18 00:00:00,2011-08-19 00:00:00
2182898.0,4207574.5,4968,2013-08-10 00:00:00,2013-08-14 00:00:00
2187994.5,4208038.0,4969,2024-06-24 00:00:00,2024-06-24 00:00:00
1995719.5,4207574.5,5009,2017-09-28 00:00:00,2017-09-28 00:00:00
1869698.4,4206648.0,5109,2017-09-30 00:00:00,2017-10-01 00:00:00
2020738.4,4204794.5,5110,2017-08-21 00:00:00,2017-08-23 00:00:00
2105524.8,4201088.0,5111,2007-08-23 00:00:00,2007-08-28 00:00:00
2102744.8,4206648.0,5112,2023-07-16 00:00:00,2023-07-18 00:00:00
1864138.6,4205721.5,5169,2018-10-06 00:00:00,2018-10-08 00:00:00
1882207.9,4204794.5,5170,2017-08-12 00:00:00,2017-08-19 00:00:00
2185214.5,4205721.5,5210,2013-08-10 00:00:00,2013-08-12 00:00:00
2186604.5,4204794.5,5211,2006-08-13 00:00:00,2006-08-15 00:00:00
2193090.8,4204794.5,5212,2008-09-16 00:00:00,2008-09-19 00:00:00
2193090.8,4205721.5,5213,2008-09-10 00:00:00,2008-09-10 00:00:00
1822903.9,4203405.0,5251,2017-08-10 00:00:00,2017-08-14 00:00:00
1815027.5,4203405.0,5299,2006-08-19 00:00:00,2006-08-24 00:00:00
1878501.4,4202941.5,5322,2007-08-23 00:00:00,2007-08-25 00:00:00
1824757.1,4202015.0,5342,2012-07-31 00:00:00,2012-08-05 00:00:00
1823367.1,4203405.0,5343,2004-07-31 00:00:00,2004-07-31 00:00:00
1818734.0,4200625.0,5377,2012-08-19 00:00:00,2012-08-23 00:00:00
1822903.9,4202941.5,5378,2012-08-11 00:00:00,2012-08-11 00:00:00
2191237.5,4202478.0,5379,2012-08-18 00:00:00,2012-08-20 00:00:00
1814564.2,4202478.0,5407,2006-08-27 00:00:00,2006-08-27 00:00:00
1871551.6,4202478.0,5408,2003-09-15 00:00:00,2003-09-15 00:00:00
2105061.5,4201551.5,5409,2020-09-08 00:00:00,2020-09-09 00:00:00
1824757.1,4201088.0,5441,2009-07-04 00:00:00,2009-07-05 00:00:00
2112937.8,4200625.0,5442,2014-07-12 00:00:00,2014-07-13 00:00:00
1836803.2,4201088.0,5458,2002-08-13 00:00:00,2002-08-15 00:00:00
1880354.6,4201551.5,5459,2003-08-08 00:00:00,2003-08-08 00:00:00
1826147.0,4200625.0,5489,2012-07-25 00:00:00,2012-07-25 00:00:00
1826147.0,4199698.5,5506,2006-07-27 00:00:00,2006-07-28 00:00:00
2002669.1,4199698.5,5507,2007-09-29 00:00:00,2007-09-30 00:00:00
1818270.8,4199235.0,5534,2006-07-16 00:00:00,2006-07-21 00:00:00
1819197.4,4196918.5,5535,2011-08-22 00:00:00,2011-08-28 00:00:00
2102744.8,4199698.5,5536,2017-07-31 00:00:00,2017-07-31 00:00:00
1826610.4,4199698.5,5560,2017-08-14 00:00:00,2017-08-16 00:00:00
1882671.2,4199698.5,5561,2022-07-05 00:00:00,2022-07-05 00:00:00
2027688.1,4198308.5,5562,2024-07-16 00:00:00,2024-07-23 00:00:00
1819197.4,4199235.0,5596,2011-09-08 00:00:00,2011-09-08 00:00:00
1828000.2,4198308.5,5597,2001-08-03 00:00:00,2001-08-04 00:00:00
1959117.8,4199235.0,5598,2022-06-17 00:00:00,2022-06-17 00:00:00
1828000.2,4197845.0,5628,2016-09-01 00:00:00,2016-09-03 00:00:00
1959581.1,4198308.5,5629,2001-06-23 00:00:00,2001-06-24 00:00:00
1828000.2,4197845.0,5654,2004-09-05 00:00:00,2004-09-07 00:00:00
1958191.1,4197845.0,5655,2022-06-17 00:00:00,2022-06-17 00:00:00
2112011.0,4197381.5,5656,2024-06-29 00:00:00,2024-07-01 00:00:00
1840046.4,4197381.5,5687,2017-07-08 00:00:00,2017-07-08 00:00:00
2004059.1,4197845.0,5688,2013-07-06 00:00:00,2013-07-06 00:00:00
2109694.5,4196918.5,5689,2004-07-08 00:00:00,2004-07-08 00:00:00
2110621.2,4195065.0,5690,2021-08-15 00:00:00,2021-08-18 00:00:00
1840046.4,4195992.0,5728,2005-07-28 00:00:00,2005-08-01 00:00:00
1963287.6,4195992.0,5761,2001-06-23 00:00:00,2001-06-24 00:00:00
2110621.2,4192748.2,5762,2012-06-14 00:00:00,2012-06-18 00:00:00
1820124.0,4196455.0,5783,2004-09-01 00:00:00,2004-09-05 00:00:00
1820124.0,4195992.0,5824,2004-08-26 00:00:00,2004-08-26 00:00:00
1828926.9,4192748.2,5825,2017-08-10 00:00:00,2017-08-16 00:00:00
1840509.8,4195528.5,5826,2015-07-18 00:00:00,2015-07-18 00:00:00
1840973.0,4195065.0,5827,2001-10-09 00:00:00,2001-10-11 00:00:00
1911859.9,4195992.0,5828,2007-09-02 00:00:00,2007-09-02 00:00:00
1824293.8,4195528.5,5860,2017-08-26 00:00:00,2017-08-26 00:00:00
1829390.2,4194602.0,5861,2017-08-13 00:00:00,2017-08-13 00:00:00
2002205.9,4195065.0,5863,2020-08-29 00:00:00,2020-09-01 00:00:00
1824757.1,4194138.2,5906,2001-10-08 00:00:00,2001-10-13 00:00:00
1830316.9,4190431.8,5907,2008-07-30 00:00:00,2008-08-03 00:00:00
1919736.2,4188578.5,5908,2021-08-02 00:00:00,2021-08-13 00:00:00
2006839.0,4194138.2,5909,2012-06-16 00:00:00,2012-06-16 00:00:00
1825220.4,4193211.8,5942,2007-07-17 00:00:00,2007-07-20 00:00:00
1891937.5,4192285.0,5943,2003-07-19 00:00:00,2003-07-20 00:00:00
1830316.9,4193675.0,5976,2010-08-16 00:00:00,2010-08-20 00:00:00
1844216.2,4194138.2,5977,2017-08-11 00:00:00,2017-08-12 00:00:00
1828926.9,4190895.0,5978,2007-07-18 00:00:00,2007-07-20 00:00:00
1830316.9,4193211.8,6010,2019-09-10 00:00:00,2019-09-18 00:00:00
1830780.1,4193675.0,6011,2019-09-22 00:00:00,2019-09-22 00:00:00
1900277.1,4192285.0,6012,2020-07-23 00:00:00,2020-07-25 00:00:00
1894254.0,4193211.8,6013,2007-09-09 00:00:00,2007-09-09 00:00:00
1891010.9,4190895.0,6038,2021-08-05 00:00:00,2021-08-07 00:00:00
1963287.6,4191821.8,6039,2001-06-23 00:00:00,2001-06-24 00:00:00
1962824.2,4192285.0,6087,2009-06-30 00:00:00,2009-06-30 00:00:00
1891937.5,4191358.5,6147,2021-08-15 00:00:00,2021-08-15 00:00:00
1954021.4,4190431.8,6178,2023-10-25 00:00:00,2023-10-25 00:00:00
1830780.1,4188578.5,6285,2019-10-03 00:00:00,2019-10-03 00:00:00
1924369.4,4188115.2,6313,2024-07-18 00:00:00,2024-07-18 00:00:00
1957264.5,4188115.2,6314,2023-10-25 00:00:00,2023-10-25 00:00:00
2019348.5,4185798.8,6337,2021-07-24 00:00:00,2021-07-26 00:00:00
2110157.8,4187652.0,6338,2012-06-27 00:00:00,2012-06-27 00:00:00
1961434.4,4185798.8,6391,2008-04-07 00:00:00,2008-04-10 00:00:00
1911396.6,4184872.0,6408,2007-08-25 00:00:00,2007-08-29 00:00:00
2015178.6,4184872.0,6440,2007-07-01 00:00:00,2007-07-01 00:00:00
2014715.4,4183945.5,6486,2007-07-01 00:00:00,2007-07-02 00:00:00
2016105.2,4183018.8,6535,2007-06-27 00:00:00,2007-06-27 00:00:00
1924832.6,4182555.5,6552,2021-08-15 00:00:00,2021-08-15 00:00:00
1905373.5,4180702.2,6594,2022-07-23 00:00:00,2022-07-25 00:00:00
2146296.2,4180239.0,6595,2016-08-11 00:00:00,2016-08-15 00:00:00
1894717.4,4180702.2,6606,2019-10-07 00:00:00,2019-10-18 00:00:00
1947535.0,4163559.8,6607,2007-08-23 00:00:00,2007-09-05 00:00:00
2147686.2,4181165.5,6608,2016-08-31 00:00:00,2016-08-31 00:00:00
1894254.0,4179775.5,6669,2008-07-27 00:00:00,2008-07-27 00:00:00
2032784.5,4173752.5,6670,2008-08-12 00:00:00,2008-08-17 00:00:00
1952168.1,4173752.5,6967,2006-08-22 00:00:00,2006-08-25 00:00:00
1959581.1,4172826.0,7020,2008-07-04 00:00:00,2008-07-08 00:00:00
1960507.8,4172826.0,7042,2008-07-12 00:00:00,2008-07-12 00:00:00
2043904.0,4172362.5,7065,2009-06-11 00:00:00,2009-06-11 00:00:00
1945681.8,4171899.2,7101,2006-08-18 00:00:00,2006-08-24 00:00:00
1948924.9,4170046.0,7138,2001-07-19 00:00:00,2001-07-21 00:00:00
1945218.4,4170972.8,7168,2006-09-23 00:00:00,2006-09-23 00:00:00
1948461.6,4170509.2,7205,2001-08-01 00:00:00,2001-08-01 00:00:00
1916956.4,4168656.0,7259,2017-08-19 00:00:00,2017-08-21 00:00:00
1937805.4,4168192.8,7343,2007-09-04 00:00:00,2007-09-04 00:00:00
1963287.6,4168192.8,7344,2007-08-27 00:00:00,2007-09-02 00:00:00
1961897.6,4160779.8,7442,2007-08-20 00:00:00,2007-09-01 00:00:00
2065216.4,4162633.0,7502,2017-10-14 00:00:00,2017-10-20 00:00:00
2036491.0,4164486.2,7538,2020-07-06 00:00:00,2020-07-06 00:00:00
2069386.2,4164486.2,7539,2008-08-29 00:00:00,2008-09-02 00:00:00
1972090.5,4161243.0,7588,2005-08-19 00:00:00,2005-08-22 00:00:00
2072629.4,4163559.8,7589,2012-08-18 00:00:00,2012-08-23 00:00:00
2073556.0,4163559.8,7590,2006-07-29 00:00:00,2006-07-29 00:00:00
2154636.0,4162169.8,7591,2010-08-15 00:00:00,2010-08-17 00:00:00
2063826.5,4160779.8,7644,2013-08-06 00:00:00,2013-08-07 00:00:00
1950778.1,4161706.5,7645,2012-05-28 00:00:00,2012-05-28 00:00:00
2070776.1,4162633.0,7646,2012-08-29 00:00:00,2012-08-29 00:00:00
1946608.4,4161243.0,7682,2007-08-20 00:00:00,2007-08-20 00:00:00
1935952.1,4160316.5,7716,2017-09-12 00:00:00,2017-09-12 00:00:00
2054096.9,4160779.8,7717,2024-06-18 00:00:00,2024-06-19 00:00:00
1968847.4,4160316.5,7731,2007-08-30 00:00:00,2007-08-30 00:00:00
1951241.5,4159853.2,7748,2009-05-12 00:00:00,2009-05-12 00:00:00
1976260.4,4159853.2,7749,2007-08-25 00:00:00,2007-08-28 00:00:00
1960971.0,4154293.5,7811,2004-09-05 00:00:00,2004-09-11 00:00:00
1959581.1,4146880.5,7825,2012-08-03 00:00:00,2012-08-14 00:00:00
1951241.5,4156146.8,7862,2024-06-19 00:00:00,2024-06-23 00:00:00
2039734.2,4155683.2,7863,2016-08-03 00:00:00,2016-08-05 00:00:00
1969310.6,4155683.2,7880,2011-08-25 00:00:00,2011-09-01 00:00:00
1966994.1,4155220.0,7895,2011-09-03 00:00:00,2011-09-03 00:00:00
2199114.0,4155220.0,7896,2012-09-07 00:00:00,2012-09-07 00:00:00
1949851.5,4147807.0,7924,2021-08-02 00:00:00,2021-08-10 00:00:00
1966994.1,4154756.8,7937,2011-09-10 00:00:00,2011-09-10 00:00:00
1926222.6,4153830.0,7955,2012-08-20 00:00:00,2012-08-22 00:00:00
2076335.9,4152440.2,7956,2007-07-22 00:00:00,2007-07-29 00:00:00
1961434.4,4153830.0,7957,2012-08-18 00:00:00,2012-08-18 00:00:00
1959581.1,4151976.8,8017,2022-07-18 00:00:00,2022-07-18 00:00:00
1962824.2,4150587.0,8018,2017-09-11 00:00:00,2017-09-14 00:00:00
2158805.8,4150587.0,8019,2023-08-19 00:00:00,2023-08-24 00:00:00
2157415.8,4149660.2,8045,2012-06-11 00:00:00,2012-06-16 00:00:00
1948461.6,4145490.5,8166,2011-08-21 00:00:00,2011-08-22 00:00:00
1935488.9,4146417.0,8174,2007-08-13 00:00:00,2007-08-18 00:00:00
1936415.5,4146417.0,8175,2012-08-20 00:00:00,2012-08-20 00:00:00
1999889.2,4144563.8,8214,2008-04-08 00:00:00,2008-04-10 00:00:00
2044367.4,4143637.2,8238,2005-07-19 00:00:00,2005-07-23 00:00:00
1943828.5,4141320.5,8281,2008-09-03 00:00:00,2008-09-05 00:00:00
2046683.9,4141320.5,8282,2017-07-29 00:00:00,2017-07-31 00:00:00
1945218.4,4140394.0,8293,2008-09-01 00:00:00,2008-09-06 00:00:00
1946145.0,4141320.5,8294,2007-08-24 00:00:00,2007-08-25 00:00:00
1922052.8,4140394.0,8307,2010-08-17 00:00:00,2010-08-17 00:00:00
1921126.1,4140394.0,8319,2013-09-16 00:00:00,2013-09-16 00:00:00
1932245.6,4140394.0,8320,2005-08-22 00:00:00,2005-08-22 00:00:00
1941048.6,4134371.0,8429,2014-08-22 00:00:00,2014-08-27 00:00:00
2001742.5,4130201.0,8531,2007-08-18 00:00:00,2007-09-08 00:00:00
2167608.8,4132054.2,8545,2013-07-24 00:00:00,2013-07-28 00:00:00
1944291.8,4132981.0,8546,2014-08-26 00:00:00,2014-08-26 00:00:00
2004522.4,4132054.2,8597,2007-09-05 00:00:00,2007-09-05 00:00:00
1919736.2,4128347.8,8606,2007-08-23 00:00:00,2007-08-26 00:00:00
1966994.1,4119545.0,8644,2007-08-19 00:00:00,2007-08-31 00:00:00
2171315.2,4128811.2,8645,2024-06-30 00:00:00,2024-06-30 00:00:00
1928539.1,4124641.2,8670,2007-08-22 00:00:00,2007-08-26 00:00:00
1930855.8,4122324.8,8685,2009-07-24 00:00:00,2009-07-25 00:00:00
1935025.5,4120934.8,8686,2007-07-24 00:00:00,2007-07-30 00:00:00
1930392.4,4121861.5,8698,2007-07-16 00:00:00,2007-07-16 00:00:00
1934098.9,4115838.5,8717,2021-08-03 00:00:00,2021-08-06 00:00:00
1984600.0,4113058.5,8720,2008-04-10 00:00:00,2008-04-11 00:00:00
2003595.8,4108888.8,8723,2023-07-17 00:00:00,2023-07-22 00:00:00
1985526.6,4110278.8,8724,2008-04-10 00:00:00,2008-04-13 00:00:00
2011935.5,4108425.5,8728,2008-08-24 00:00:00,2008-08-24 00:00:00
1985063.2,4108425.5,8729,2008-04-15 00:00:00,2008-04-17 00:00:00
2002205.9,4108425.5,8730,2008-04-15 00:00:00,2008-04-15 00:00:00
1985526.6,4107035.5,8735,2008-04-10 00:00:00,2008-04-10 00:00:00
2002669.1,4105182.2,8737,2008-04-07 00:00:00,2008-04-11 00:00:00
2043904.0,4103792.2,8742,2009-06-21 00:00:00,2009-06-21 00:00:00
2012862.1,4101475.8,8745,2012-08-30 00:00:00,2012-09-03 00:00:00
2004985.8,4099159.2,8748,2014-09-28 00:00:00,2014-10-04 00:00:00
2013788.8,4098232.5,8749,2006-06-08 00:00:00,2006-06-08 00:00:00
1992939.6,4095452.8,8750,2021-07-31 00:00:00,2021-08-13 00:00:00
2045757.2,4091746.2,8751,2001-10-10 00:00:00,2001-10-17 00:00:00
1946608.4,4091746.2,8752,2009-07-23 00:00:00,2009-07-27 00:00:00
1947998.2,4092209.5,8753,2013-08-29 00:00:00,2013-09-01 00:00:00
2055950.1,4091282.8,8754,2019-06-21 00:00:00,2019-06-21 00:00:00
1947535.0,4091282.8,8755,2022-07-22 00:00:00,2022-07-22 00:00:00
1949388.2,4090356.2,8756,2007-07-18 00:00:00,2007-07-20 00:00:00
1951704.8,4089893.0,8757,2021-08-02 00:00:00,2021-08-04 00:00:00
1990159.8,4087576.2,8758,2007-07-16 00:00:00,2007-07-24 00:00:00
2000352.6,4087576.2,8759,2006-08-29 00:00:00,2006-08-29 00:00:00
2056413.5,4084796.5,8760,2004-07-07 00:00:00,2004-07-10 00:00:00
1938732.0,4087113.0,8761,2023-10-16 00:00:00,2023-10-16 00:00:00
1997572.8,4082480.0,8762,2002-08-04 00:00:00,2002-08-13 00:00:00
1996646.1,4086649.8,8763,2021-08-13 00:00:00,2021-08-13 00:00:00
2055486.9,4086186.5,8764,2008-07-30 00:00:00,2008-08-01 00:00:00
2008229.0,4078310.0,8765,2006-08-17 00:00:00,2006-08-25 00:00:00
1999889.2,4083869.8,8766,2014-07-08 00:00:00,2014-07-11 00:00:00
2006839.0,4082943.2,8767,2011-08-21 00:00:00,2011-08-22 00:00:00
2001742.5,4082480.0,8768,2020-08-19 00:00:00,2020-08-27 00:00:00
2003132.5,4081553.2,8769,2010-08-25 00:00:00,2010-08-25 00:00:00
1998962.6,4081090.0,8770,2021-09-23 00:00:00,2021-09-23 00:00:00
2000352.6,4081090.0,8771,2020-09-04 00:00:00,2020-09-04 00:00:00
1998036.0,4076456.8,8772,2007-08-21 00:00:00,2007-08-24 00:00:00
2176875.0,4077846.8,8773,2002-08-23 00:00:00,2002-08-27 00:00:00
2004059.1,4078310.0,8774,2012-08-18 00:00:00,2012-08-22 00:00:00
2173168.5,4077383.5,8775,2006-09-05 00:00:00,2006-09-09 00:00:00
2047147.2,4077846.8,8776,2016-07-20 00:00:00,2016-07-24 00:00:00
2009618.9,4070433.8,8777,2017-06-24 00:00:00,2017-07-06 00:00:00
1998036.0,4068580.5,8778,2020-09-23 00:00:00,2020-09-23 00:00:00
1998962.6,4068580.5,8779,2020-09-17 00:00:00,2020-09-17 00:00:00
1998962.6,4068580.5,8780,2012-08-18 00:00:00,2012-08-18 00:00:00
1999426.0,4066727.2,8781,2020-09-16 00:00:00,2020-09-20 00:00:00
1999426.0,4065337.2,8782,2011-09-27 00:00:00,2011-09-27 00:00:00
2002205.9,4065800.8,8783,2003-09-10 00:00:00,2003-09-13 00:00:00
2002669.1,4064410.8,8784,2008-07-22 00:00:00,2008-07-22 00:00:00
2005912.4,4063484.0,8785,2007-08-14 00:00:00,2007-08-19 00:00:00
2051780.4,4064410.8,8786,2012-06-15 00:00:00,2012-06-17 00:00:00
2066143.0,4051901.2,8787,2015-07-15 00:00:00,2015-07-20 00:00:00
2007765.6,4060241.0,8788,2007-08-23 00:00:00,2007-08-24 00:00:00
2007765.6,4057924.2,8789,2006-08-19 00:00:00,2006-08-21 00:00:00
2000352.6,4056534.5,8790,2007-08-23 00:00:00,2007-08-25 00:00:00
2011472.1,4056534.5,8791,2004-08-08 00:00:00,2004-08-17 00:00:00
2050853.8,4055144.5,8792,2019-08-07 00:00:00,2019-08-13 00:00:00
2053170.2,4057461.0,8793,2019-08-20 00:00:00,2019-08-20 00:00:00
2011935.5,4056534.5,8794,2012-08-14 00:00:00,2012-08-14 00:00:00
2050853.8,4056071.0,8795,2001-10-12 00:00:00,2001-10-12 00:00:00
2011935.5,4052828.0,8796,2019-07-07 00:00:00,2019-07-12 00:00:00
2009618.9,4051438.0,8797,2007-08-23 00:00:00,2007-08-24 00:00:00
2010545.5,4049584.8,8798,2004-09-17 00:00:00,2004-09-18 00:00:00
2011472.1,4049121.5,8799,2007-07-16 00:00:00,2007-07-17 00:00:00
2011935.5,4048658.0,8800,2003-07-16 00:00:00,2003-07-21 00:00:00
2056876.8,4033368.8,8801,2017-08-12 00:00:00,2017-08-12 00:00:00
2056413.5,4025029.2,8802,2017-08-02 00:00:00,2017-08-10 00:00:00
2066143.0,4031052.2,8803,2010-08-11 00:00:00,2010-08-19 00:00:00
2059193.4,4031978.8,8804,2017-08-19 00:00:00,2017-08-19 00:00:00
2068459.6,4031515.5,8805,2005-07-06 00:00:00,2005-07-08 00:00:00
2056876.8,4029199.0,8806,2007-07-16 00:00:00,2007-07-19 00:00:00
2060120.0,4021322.8,8807,2013-08-01 00:00:00,2013-08-04 00:00:00
2068922.9,4021786.0,8808,2012-10-12 00:00:00,2012-10-14 00:00:00
2061509.9,4021322.8,8809,2012-07-18 00:00:00,2012-07-22 00:00:00
2166218.8,3939316.2,8810,2008-04-19 00:00:00,2008-04-23 00:00:00
2146759.5,3937926.2,8811,2002-08-10 00:00:00,2002-08-14 00:00:00
2179191.5,3939316.2,8812,2002-08-06 00:00:00,2002-08-07 00:00:00
2164828.8,3938853.0,8813,2008-05-07 00:00:00,2008-05-07 00:00:00
2151856.0,3937463.0,8814,2018-07-23 00:00:00,2018-07-23 00:00:00
2171778.5,3937463.0,8815,2008-04-29 00:00:00,2008-04-29 00:00:00
2172705.0,3936999.8,8816,2008-04-21 00:00:00,2008-04-22 00:00:00
2170388.5,3933756.5,8817,2007-08-21 00:00:00,2007-08-22 00:00:00
2138883.2,3931440.0,8818,2012-07-17 00:00:00,2012-07-20 00:00:00
2135640.0,3931440.0,8819,2014-08-29 00:00:00,2014-08-29 00:00:00
2137493.2,3931903.2,8820,2008-08-25 00:00:00,2008-08-27 00:00:00
2157879.0,3925880.2,8821,2007-07-28 00:00:00,2007-07-31 00:00:00
2142589.8,3925880.2,8822,2005-08-11 00:00:00,2005-08-12 00:00:00
2156489.2,3924953.5,8823,2003-08-31 00:00:00,2003-09-02 00:00:00
2141199.8,3925417.0,8824,2020-08-12 00:00:00,2020-08-13 00:00:00
2153246.0,3924027.0,8825,2007-06-28 00:00:00,2007-07-02 00:00:00
2152782.8,3924490.2,8826,2007-07-13 00:00:00,2007-07-13 00:00:00
2218109.8,3920320.5,8827,2003-11-09 00:00:00,2003-11-10 00:00:00
2218573.0,3919857.2,8828,2003-10-31 00:00:00,2003-10-31 00:00:00
2219036.2,3916614.0,8829,2004-08-23 00:00:00,2004-08-23 00:00:00
2178264.8,4739457.5,99934,2006-01-18 00:00:00,2006-01-26 00:00:00
2182434.8,4741311.0,99935,2006-07-30 00:00:00,2006-08-04 00:00:00
2188921.0,4739921.0,99936,2006-01-23 00:00:00,2006-01-24 00:00:00
2182434.8,4738994.5,99974,2006-08-10 00:00:00,2006-08-10 00:00:00
2189384.2,4739457.5,99975,2001-08-14 00:00:00,2001-08-23 00:00:00
2155099.2,4738994.5,99988,2001-08-01 00:00:00,2001-08-08 00:00:00
2178264.8,4739457.5,99989,2011-09-08 00:00:00,2011-09-10 00:00:00
2183361.2,4739921.0,99990,2006-08-10 00:00:00,2006-08-10 00:00:00
2187994.5,4739921.0,99991,2006-01-14 00:00:00,2006-01-14 00:00:00
2189384.2,4737604.5,99992,2006-01-24 00:00:00,2006-01-26 00:00:00
2154172.5,4738067.5,100001,2011-01-31 00:00:00,2011-02-01 00:00:00
2179654.8,4738531.0,100002,2001-08-28 00:00:00,2001-08-29 00:00:00
2180581.5,4738994.5,100003,2006-08-10 00:00:00,2006-08-15 00:00:00
2191701.0,4739457.5,100004,2007-01-13 00:00:00,2007-01-13 00:00:00
2156489.2,4738531.0,100019,2001-08-10 00:00:00,2001-08-11 00:00:00
2176875.0,4738994.5,100020,2011-01-31 00:00:00,2011-02-03 00:00:00
2188457.8,4738531.0,100021,2006-01-24 00:00:00,2006-01-26 00:00:00
2156025.8,4738531.0,100022,2011-01-31 00:00:00,2011-01-31 00:00:00
2193554.2,4738067.5,100041,2006-07-12 00:00:00,2006-07-14 00:00:00
2194017.5,4738531.0,100042,2006-01-18 00:00:00,2006-01-18 00:00:00
2194480.8,4735288.0,100043,2006-07-23 00:00:00,2006-08-01 00:00:00
2172705.0,4736214.5,100059,2008-08-14 00:00:00,2008-08-23 00:00:00
2189384.2,4738067.5,100060,2006-01-18 00:00:00,2006-01-18 00:00:00
2145369.8,4737141.0,100079,2001-07-04 00:00:00,2001-07-04 00:00:00
2148149.5,4737604.5,100080,2001-07-05 00:00:00,2001-07-05 00:00:00
2173631.8,4737604.5,100081,2008-08-16 00:00:00,2008-08-16 00:00:00
2175948.2,4736677.5,100082,2004-08-24 00:00:00,2004-08-29 00:00:00
2175948.2,4737141.0,100083,2004-09-05 00:00:00,2004-09-05 00:00:00
2188921.0,4737604.5,100084,2006-08-15 00:00:00,2006-08-15 00:00:00
2193090.8,4737604.5,100085,2006-08-02 00:00:00,2006-08-02 00:00:00
2198187.2,4737604.5,100086,2006-06-17 00:00:00,2006-06-22 00:00:00
2197724.0,4737604.5,100087,2006-08-02 00:00:00,2006-08-02 00:00:00
2205600.2,4736214.5,100088,2002-07-31 00:00:00,2002-08-01 00:00:00
2145833.0,4736677.5,100102,2001-08-07 00:00:00,2001-08-11 00:00:00
2148149.5,4734824.5,100103,2001-07-03 00:00:00,2001-07-11 00:00:00
2193554.2,4737141.0,100105,2006-06-16 00:00:00,2006-06-17 00:00:00
2196797.2,4736677.5,100106,2011-08-03 00:00:00,2011-08-07 00:00:00
2197724.0,4737141.0,100107,2006-06-10 00:00:00,2006-06-10 00:00:00
2200040.5,4737141.0,100108,2001-07-04 00:00:00,2001-07-05 00:00:00
2182898.0,4736677.5,100123,2006-08-11 00:00:00,2006-08-11 00:00:00
2190774.2,4736214.5,100124,2006-07-27 00:00:00,2006-08-01 00:00:00
2192627.5,4735751.0,100125,2004-06-30 00:00:00,2004-07-03 00:00:00
2200967.2,4736214.5,100126,2004-06-28 00:00:00,2004-07-02 00:00:00
2206990.2,4736214.5,100127,2002-08-01 00:00:00,2002-08-01 00:00:00
2147686.2,4735288.0,100152,2001-07-05 00:00:00,2001-07-05 00:00:00
2189847.8,4736214.5,100153,2011-09-11 00:00:00,2011-09-13 00:00:00
2192164.2,4736214.5,100154,2004-09-05 00:00:00,2004-09-06 00:00:00
2203747.0,4736214.5,100155,2001-08-01 00:00:00,2001-08-01 00:00:00
2204673.8,4736214.5,100156,2001-07-03 00:00:00,2001-07-03 00:00:00
2163438.8,4734361.0,100172,2008-08-08 00:00:00,2008-08-19 00:00:00
2186141.2,4735288.0,100173,2022-11-01 00:00:00,2022-11-06 00:00:00
2191701.0,4734824.5,100174,2006-07-31 00:00:00,2006-08-05 00:00:00
2195407.5,4735751.0,100175,2006-08-02 00:00:00,2006-08-03 00:00:00
2201430.5,4735288.0,100176,2001-07-04 00:00:00,2001-07-04 00:00:00
2205600.2,4734824.5,100177,2001-06-13 00:00:00,2001-06-13 00:00:00
2206063.5,4735751.0,100178,2001-07-04 00:00:00,2001-07-04 00:00:00
2212550.0,4725558.0,100179,2001-06-22 00:00:00,2001-06-23 00:00:00
2161585.5,4735288.0,100196,2008-08-19 00:00:00,2008-08-19 00:00:00
2175485.0,4734824.5,100197,2004-09-10 00:00:00,2004-09-13 00:00:00
2189847.8,4735288.0,100198,2006-08-13 00:00:00,2006-08-14 00:00:00
2189847.8,4734361.0,100199,2006-07-27 00:00:00,2006-08-04 00:00:00
2190774.2,4735288.0,100200,2004-07-18 00:00:00,2004-07-18 00:00:00
2191237.5,4734361.0,100201,2006-08-10 00:00:00,2006-08-19 00:00:00
2192164.2,4735288.0,100202,2006-08-11 00:00:00,2006-08-11 00:00:00
2198187.2,4735288.0,100203,2006-07-13 00:00:00,2006-07-17 00:00:00
2149539.5,4734361.0,100221,2001-08-10 00:00:00,2001-08-10 00:00:00
2186604.5,4734824.5,100222,2022-11-12 00:00:00,2022-11-12 00:00:00
2190774.2,4733898.0,100223,2004-08-17 00:00:00,2004-08-26 00:00:00
2194017.5,4734824.5,100224,2006-08-17 00:00:00,2006-08-17 00:00:00
2198187.2,4732971.0,100225,2006-07-23 00:00:00,2006-07-30 00:00:00
2202820.5,4734824.5,100226,2002-08-01 00:00:00,2002-08-01 00:00:00
2205600.2,4734824.5,100227,2002-08-01 00:00:00,2002-08-01 00:00:00
2206527.0,4734824.5,100228,2002-08-02 00:00:00,2002-08-02 00:00:00
2207453.5,4734824.5,100229,2001-06-13 00:00:00,2001-06-13 00:00:00
2207916.8,4734824.5,100230,2001-07-04 00:00:00,2001-07-04 00:00:00
2221816.2,4731118.0,100232,2010-08-20 00:00:00,2010-08-27 00:00:00
2143979.8,4734361.0,100247,2001-07-04 00:00:00,2001-07-04 00:00:00
2144906.2,4732971.0,100248,2001-08-07 00:00:00,2001-08-10 00:00:00
2148149.5,4734361.0,100249,2001-07-05 00:00:00,2001-07-05 00:00:00
2174558.2,4734361.0,100250,2021-06-20 00:00:00,2021-06-20 00:00:00
2206527.0,4734361.0,100251,2001-07-04 00:00:00,2001-07-04 00:00:00
2186604.5,4733898.0,100268,2006-08-15 00:00:00,2006-08-15 00:00:00
2187994.5,4733434.5,100269,2011-10-31 00:00:00,2011-11-02 00:00:00
2191237.5,4733434.5,100270,2006-08-01 00:00:00,2006-08-04 00:00:00
2193554.2,4733898.0,100271,2004-06-30 00:00:00,2004-06-30 00:00:00
2196334.0,4733898.0,100272,2006-08-02 00:00:00,2006-08-02 00:00:00
2201430.5,4733434.5,100273,2002-08-01 00:00:00,2002-08-01 00:00:00
2201430.5,4733434.5,100274,2006-07-31 00:00:00,2006-08-01 00:00:00
2205137.0,4733898.0,100275,2001-07-03 00:00:00,2001-07-03 00:00:00
2210696.8,4732971.0,100276,2001-07-04 00:00:00,2001-07-05 00:00:00
2213476.5,4731118.0,100277,2011-06-09 00:00:00,2011-06-30 00:00:00
2214866.5,4733898.0,100278,2011-06-19 00:00:00,2011-06-19 00:00:00
2213940.0,4732508.0,100279,2011-06-22 00:00:00,2011-06-22 00:00:00
2146296.2,4733434.5,100287,2001-07-05 00:00:00,2001-07-05 00:00:00
2150466.0,4732971.0,100288,2001-08-03 00:00:00,2001-08-03 00:00:00
2190311.0,4733434.5,100289,2006-07-18 00:00:00,2006-07-18 00:00:00
2194480.8,4733434.5,100290,2006-07-26 00:00:00,2006-07-31 00:00:00
2195407.5,4733434.5,100291,2006-07-12 00:00:00,2006-07-12 00:00:00
2201893.8,4732971.0,100292,2004-06-30 00:00:00,2004-07-02 00:00:00
2209770.0,4726485.0,100293,2002-07-23 00:00:00,2002-08-03 00:00:00
2211160.0,4733434.5,100294,2002-07-31 00:00:00,2002-07-31 00:00:00
2213940.0,4733434.5,100295,2011-06-21 00:00:00,2011-06-21 00:00:00
2214866.5,4733434.5,100296,2005-07-21 00:00:00,2005-07-23 00:00:00
2138420.0,4732971.0,100306,2001-08-12 00:00:00,2001-08-12 00:00:00
2145369.8,4730654.5,100307,2001-07-29 00:00:00,2001-08-05 00:00:00
2175021.8,4732971.0,100308,2008-08-23 00:00:00,2008-08-23 00:00:00
2198187.2,4731581.5,100309,2005-07-31 00:00:00,2005-08-08 00:00:00
2207453.5,4732971.0,100310,2001-06-11 00:00:00,2001-06-13 00:00:00
2214866.5,4732971.0,100311,2011-06-21 00:00:00,2011-06-21 00:00:00
2142589.8,4732044.5,100322,2008-08-31 00:00:00,2008-09-03 00:00:00
2146296.2,4732508.0,100323,2001-07-05 00:00:00,2001-07-05 00:00:00
2150002.8,4729264.5,100324,2001-07-31 00:00:00,2001-08-08 00:00:00
2156025.8,4732508.0,100325,2005-08-18 00:00:00,2005-08-27 00:00:00
2198650.5,4732044.5,100326,2006-07-20 00:00:00,2006-07-20 00:00:00
2207453.5,4732044.5,100327,2006-07-20 00:00:00,2006-07-22 00:00:00
2208843.5,4732508.0,100328,2001-06-11 00:00:00,2001-06-13 00:00:00
2216719.8,4732044.5,100329,2011-06-13 00:00:00,2011-06-15 00:00:00
2213476.5,4731581.5,100330,2011-06-16 00:00:00,2011-06-16 00:00:00
2220889.5,4732044.5,100331,2015-08-04 00:00:00,2015-08-08 00:00:00
2144906.2,4732044.5,100340,2001-07-05 00:00:00,2001-07-05 00:00:00
2219036.2,4731581.5,100341,2006-07-18 00:00:00,2006-07-18 00:00:00
2219036.2,4730654.5,100342,2004-08-21 00:00:00,2004-08-21 00:00:00
2142589.8,4731581.5,100351,2001-08-10 00:00:00,2001-08-10 00:00:00
2162049.0,4731581.5,100352,2008-08-06 00:00:00,2008-08-13 00:00:00
2178264.8,4731118.0,100353,2001-08-03 00:00:00,2001-08-05 00:00:00
2197260.8,4731118.0,100354,2006-08-01 00:00:00,2006-08-03 00:00:00
2202820.5,4731118.0,100355,2006-08-10 00:00:00,2006-08-12 00:00:00
2204210.2,4729264.5,100356,2001-07-28 00:00:00,2001-08-01 00:00:00
2205137.0,4731581.5,100357,2001-06-11 00:00:00,2001-06-11 00:00:00
2207453.5,4731581.5,100358,2001-06-13 00:00:00,2001-06-13 00:00:00
2211623.2,4730191.5,100359,2001-07-03 00:00:00,2001-07-05 00:00:00
2213013.2,4731118.0,100360,2002-07-31 00:00:00,2002-07-31 00:00:00
2215793.2,4731581.5,100361,2011-06-21 00:00:00,2011-06-23 00:00:00
2217183.0,4731118.0,100362,2006-08-02 00:00:00,2006-08-02 00:00:00
2218109.8,4731581.5,100363,2006-08-02 00:00:00,2006-08-02 00:00:00
2197724.0,4730654.5,100372,2006-08-12 00:00:00,2006-08-12 00:00:00
2204210.2,4730654.5,100373,2006-07-20 00:00:00,2006-08-04 00:00:00
2206990.2,4731118.0,100374,2003-06-24 00:00:00,2003-06-29 00:00:00
2207453.5,4731118.0,100375,2003-06-18 00:00:00,2003-06-18 00:00:00
2208380.2,4731118.0,100376,2001-07-11 00:00:00,2001-07-12 00:00:00
2212550.0,4727875.0,100377,2010-08-03 00:00:00,2010-08-13 00:00:00
2212550.0,4730191.5,100378,2016-09-11 00:00:00,2016-09-15 00:00:00
2213476.5,4730191.5,100379,2001-07-18 00:00:00,2001-07-20 00:00:00
2153709.2,4730654.5,100391,2008-10-30 00:00:00,2008-10-30 00:00:00
2157415.8,4730654.5,100392,2005-08-21 00:00:00,2005-08-21 00:00:00
2184751.2,4729264.5,100393,2001-09-03 00:00:00,2001-09-07 00:00:00
2205600.2,4730654.5,100394,2006-06-09 00:00:00,2006-06-09 00:00:00
2208843.5,4730191.5,100395,2001-07-26 00:00:00,2001-07-27 00:00:00
2210696.8,4730654.5,100396,2001-06-11 00:00:00,2001-06-11 00:00:00
2212086.8,4730654.5,100397,2016-09-21 00:00:00,2016-09-21 00:00:00
2216256.5,4729264.5,100398,2006-07-23 00:00:00,2006-08-04 00:00:00
2219036.2,4729728.0,100399,2002-08-01 00:00:00,2002-08-03 00:00:00
2142589.8,4729728.0,100411,2001-08-13 00:00:00,2001-08-18 00:00:00
2178264.8,4730191.5,100412,2008-08-27 00:00:00,2008-08-27 00:00:00
2183361.2,4729728.0,100413,2006-07-31 00:00:00,2006-07-31 00:00:00
2205137.0,4729728.0,100414,2001-06-11 00:00:00,2001-06-11 00:00:00
2207916.8,4730191.5,100415,2001-08-02 00:00:00,2001-08-02 00:00:00
2207916.8,4729264.5,100416,2003-07-17 00:00:00,2003-07-20 00:00:00
2207916.8,4730191.5,100417,2010-07-31 00:00:00,2010-08-08 00:00:00
2210696.8,4729728.0,100418,2001-06-09 00:00:00,2001-06-09 00:00:00
2215793.2,4729728.0,100419,2001-07-04 00:00:00,2001-07-04 00:00:00
2217646.5,4727875.0,100420,2005-07-29 00:00:00,2005-08-02 00:00:00
2213940.0,4729728.0,100421,2001-07-03 00:00:00,2001-07-03 00:00:00
2220426.2,4730191.5,100422,2002-08-01 00:00:00,2002-08-01 00:00:00
2220889.5,4730191.5,100423,2015-08-08 00:00:00,2015-08-09 00:00:00
2181044.8,4728801.5,100432,2008-09-10 00:00:00,2008-09-16 00:00:00
2179191.5,4728338.0,100441,2008-08-31 00:00:00,2008-08-31 00:00:00
2184751.2,4729264.5,100442,2011-08-07 00:00:00,2011-08-09 00:00:00
2201893.8,4729264.5,100443,2006-08-11 00:00:00,2006-08-11 00:00:00
2207916.8,4729264.5,100444,2001-06-13 00:00:00,2001-06-13 00:00:00
2209306.8,4727875.0,100445,2001-07-31 00:00:00,2001-08-01 00:00:00
2214866.5,4725558.0,100446,2005-07-15 00:00:00,2005-08-06 00:00:00
2211623.2,4729264.5,100447,2001-06-11 00:00:00,2001-06-11 00:00:00
2213476.5,4727875.0,100448,2004-06-30 00:00:00,2004-07-02 00:00:00
2216256.5,4728338.0,100449,2001-08-15 00:00:00,2001-08-15 00:00:00
2216719.8,4729264.5,100450,2001-07-04 00:00:00,2001-07-04 00:00:00
2219499.8,4728338.0,100451,2001-06-23 00:00:00,2001-06-23 00:00:00
2146296.2,4728801.5,100461,2001-07-04 00:00:00,2001-07-04 00:00:00
2181508.0,4727875.0,100462,2011-08-04 00:00:00,2011-08-17 00:00:00
2182434.8,4728338.0,100463,2006-08-09 00:00:00,2006-08-12 00:00:00
2183824.5,4727411.5,100464,2006-07-31 00:00:00,2006-08-02 00:00:00
2187531.0,4728338.0,100465,2001-08-13 00:00:00,2001-08-19 00:00:00
2203283.8,4728801.5,100466,2006-08-15 00:00:00,2006-08-15 00:00:00
2207916.8,4728801.5,100467,2003-07-07 00:00:00,2003-07-07 00:00:00
2214866.5,4728801.5,100468,2001-08-01 00:00:00,2001-08-05 00:00:00
2216719.8,4727411.5,100469,2008-08-30 00:00:00,2008-09-01 00:00:00
2218573.0,4728338.0,100470,2001-07-03 00:00:00,2001-07-05 00:00:00
2218573.0,4728801.5,100471,2002-08-06 00:00:00,2002-08-06 00:00:00
2220889.5,4728801.5,100472,2002-08-01 00:00:00,2002-08-01 00:00:00
2128227.0,4728338.0,100480,2001-08-28 00:00:00,2001-08-28 00:00:00
2156952.5,4728338.0,100481,2004-09-10 00:00:00,2004-09-10 00:00:00
2157415.8,4728338.0,100482,2008-09-19 00:00:00,2008-09-19 00:00:00
2204210.2,4726948.0,100483,2001-08-06 00:00:00,2001-08-06 00:00:00
2206527.0,4727875.0,100484,2001-08-16 00:00:00,2001-08-23 00:00:00
2208380.2,4728338.0,100485,2003-06-25 00:00:00,2003-06-25 00:00:00
2208843.5,4727875.0,100486,2001-06-13 00:00:00,2001-06-13 00:00:00
2212550.0,4728338.0,100487,2001-07-05 00:00:00,2001-07-05 00:00:00
2208380.2,4727411.5,100488,2001-08-01 00:00:00,2001-08-01 00:00:00
2222279.5,4727875.0,100489,2006-08-01 00:00:00,2006-08-01 00:00:00
2135640.0,4727875.0,100503,2004-08-04 00:00:00,2004-08-12 00:00:00
2141663.2,4726948.0,100504,2011-01-31 00:00:00,2011-02-03 00:00:00
2147223.0,4727875.0,100505,2001-07-04 00:00:00,2001-07-04 00:00:00
2162512.2,4727875.0,100506,2008-08-17 00:00:00,2008-08-17 00:00:00
2186141.2,4727875.0,100507,2006-08-01 00:00:00,2006-08-01 00:00:00
2205600.2,4727875.0,100508,2001-07-10 00:00:00,2001-07-10 00:00:00
2212086.8,4727411.5,100509,2001-07-05 00:00:00,2001-07-05 00:00:00
2181508.0,4727411.5,100510,2006-08-09 00:00:00,2006-08-09 00:00:00
2213940.0,4727411.5,100511,2006-07-31 00:00:00,2006-07-31 00:00:00
2218573.0,4727875.0,100512,2006-07-25 00:00:00,2006-07-25 00:00:00
2218573.0,4727875.0,100513,2021-06-21 00:00:00,2021-06-21 00:00:00
2219963.0,4727411.5,100514,2008-08-22 00:00:00,2008-08-23 00:00:00
2133786.8,4727411.5,100528,2006-08-29 00:00:00,2006-08-29 00:00:00
2140736.5,4727411.5,100529,2001-07-31 00:00:00,2001-08-03 00:00:00
2213013.2,4727411.5,100530,2004-07-16 00:00:00,2004-07-16 00:00:00
2215329.8,4727411.5,100531,2006-07-22 00:00:00,2006-07-22 00:00:00
2217646.5,4727411.5,100532,2001-06-22 00:00:00,2001-06-23 00:00:00
2214866.5,4726948.0,100533,2004-06-30 00:00:00,2004-06-30 00:00:00
2222742.8,4727411.5,100534,2002-08-03 00:00:00,2002-08-03 00:00:00
2163438.8,4726021.5,100550,2009-08-21 00:00:00,2009-08-23 00:00:00
2162975.5,4726485.0,100551,2006-08-14 00:00:00,2006-08-17 00:00:00
2199577.2,4726485.0,100552,2006-08-02 00:00:00,2006-08-07 00:00:00
2199114.0,4726948.0,100553,2006-08-13 00:00:00,2006-08-13 00:00:00
2204210.2,4726948.0,100554,2006-07-26 00:00:00,2006-07-26 00:00:00
2212550.0,4724168.5,100555,2020-07-29 00:00:00,2020-08-03 00:00:00
2123594.0,4726485.0,100566,2006-07-05 00:00:00,2006-07-05 00:00:00
2127763.8,4726021.5,100567,2024-06-13 00:00:00,2024-06-13 00:00:00
2139809.8,4726021.5,100568,2004-07-31 00:00:00,2004-08-11 00:00:00
2140736.5,4726485.0,100569,2004-08-23 00:00:00,2004-08-23 00:00:00
2142589.8,4721388.5,100570,2001-07-31 00:00:00,2001-08-12 00:00:00
2161585.5,4724168.5,100571,2006-01-16 00:00:00,2006-01-22 00:00:00
2184288.0,4726485.0,100572,2011-06-30 00:00:00,2011-06-30 00:00:00
2204210.2,4726485.0,100573,2001-07-05 00:00:00,2001-07-05 00:00:00
2213940.0,4726485.0,100574,2006-07-31 00:00:00,2006-07-31 00:00:00
2214866.5,4726485.0,100575,2001-07-04 00:00:00,2001-07-04 00:00:00
2215329.8,4725558.0,100576,2005-07-31 00:00:00,2005-08-03 00:00:00
2215793.2,4726485.0,100577,2021-06-19 00:00:00,2021-06-19 00:00:00
2218573.0,4726485.0,100578,2001-07-11 00:00:00,2001-07-11 00:00:00
2220889.5,4726485.0,100579,2006-08-13 00:00:00,2006-08-13 00:00:00
2136103.2,4725558.0,100590,2006-08-08 00:00:00,2006-08-13 00:00:00
2145369.8,4726021.5,100591,2001-08-07 00:00:00,2001-08-13 00:00:00
2150929.5,4722315.0,100592,2001-07-31 00:00:00,2001-08-12 00:00:00
2166218.8,4724168.5,100593,2008-08-14 00:00:00,2008-08-18 00:00:00
2184288.0,4725558.0,100594,2006-08-05 00:00:00,2006-08-15 00:00:00
2194480.8,4726021.5,100595,2007-06-19 00:00:00,2007-06-25 00:00:00
2212086.8,4725095.0,100596,2001-07-05 00:00:00,2001-07-05 00:00:00
2215329.8,4724631.5,100597,2001-07-04 00:00:00,2001-07-05 00:00:00
2216256.5,4726021.5,100598,2001-07-03 00:00:00,2001-07-05 00:00:00
2216719.8,4726021.5,100599,2006-07-31 00:00:00,2006-08-02 00:00:00
2126373.8,4725558.0,100606,2006-08-16 00:00:00,2006-08-18 00:00:00
2124983.8,4725558.0,100607,2006-08-10 00:00:00,2006-08-10 00:00:00
2150466.0,4725558.0,100608,2008-08-12 00:00:00,2008-08-12 00:00:00
2185214.5,4725095.0,100609,2011-01-31 00:00:00,2011-02-02 00:00:00
2200503.8,4725558.0,100610,2006-08-02 00:00:00,2006-08-02 00:00:00
2207453.5,4725558.0,100611,2001-07-05 00:00:00,2001-07-05 00:00:00
2219963.0,4725558.0,100612,2006-08-13 00:00:00,2006-08-13 00:00:00
2221353.0,4725558.0,100613,2006-08-10 00:00:00,2006-08-10 00:00:00
2222279.5,4725558.0,100614,2006-07-31 00:00:00,2006-08-01 00:00:00
2223206.2,4725558.0,100615,2006-08-10 00:00:00,2006-08-10 00:00:00
2124983.8,4723241.5,100622,2001-08-01 00:00:00,2001-08-03 00:00:00
2129153.8,4724631.5,100623,2001-08-23 00:00:00,2001-08-26 00:00:00
2135640.0,4725095.0,100624,2004-08-27 00:00:00,2004-08-27 00:00:00
2138420.0,4723705.0,100625,2024-01-25 00:00:00,2024-02-01 00:00:00
2142589.8,4724631.5,100626,2017-09-12 00:00:00,2017-09-13 00:00:00
2142589.8,4724631.5,100627,2008-08-12 00:00:00,2008-08-22 00:00:00
2146296.2,4725095.0,100628,2001-08-19 00:00:00,2001-08-21 00:00:00
2179654.8,4725095.0,100629,2021-06-18 00:00:00,2021-06-18 00:00:00
2185214.5,4725095.0,100630,2006-08-11 00:00:00,2006-08-11 00:00:00
2199577.2,4725095.0,100631,2006-08-01 00:00:00,2006-08-01 00:00:00
2200967.2,4725095.0,100632,2006-08-08 00:00:00,2006-08-08 00:00:00
2212086.8,4724168.5,100633,2022-08-05 00:00:00,2022-08-10 00:00:00
2215793.2,4725095.0,100634,2002-08-01 00:00:00,2002-08-01 00:00:00
2137956.5,4723241.5,100638,2006-07-25 00:00:00,2006-08-03 00:00:00
2138420.0,4724168.5,100639,2006-08-10 00:00:00,2006-08-10 00:00:00
2140273.2,4724631.5,100640,2004-08-05 00:00:00,2004-08-06 00:00:00
2143979.8,4723241.5,100641,2007-07-15 00:00:00,2007-07-18 00:00:00
2153246.0,4724168.5,100642,2008-08-02 00:00:00,2008-08-04 00:00:00
2205137.0,4724168.5,100643,2005-08-29 00:00:00,2005-08-30 00:00:00
2219036.2,4724168.5,100644,2006-08-01 00:00:00,2006-08-01 00:00:00
2126837.0,4724168.5,100648,2006-08-16 00:00:00,2006-08-16 00:00:00
2128227.0,4723705.0,100649,2001-07-04 00:00:00,2001-07-04 00:00:00
2130080.2,4724168.5,100650,2001-09-03 00:00:00,2001-09-08 00:00:00
2136103.2,4724168.5,100651,2006-08-08 00:00:00,2006-08-08 00:00:00
2140273.2,4724168.5,100652,2006-08-11 00:00:00,2006-08-11 00:00:00
2169925.2,4723705.0,100653,2006-08-07 00:00:00,2006-08-13 00:00:00
2200967.2,4724168.5,100654,2006-08-11 00:00:00,2006-08-16 00:00:00
2201893.8,4724168.5,100655,2006-08-01 00:00:00,2006-08-04 00:00:00
2212086.8,4723705.0,100656,2001-08-10 00:00:00,2001-08-17 00:00:00
2214866.5,4722315.0,100657,2008-07-31 00:00:00,2008-08-13 00:00:00
2220426.2,4724168.5,100658,2002-08-17 00:00:00,2002-08-17 00:00:00
2222279.5,4723705.0,100659,2002-08-03 00:00:00,2002-08-05 00:00:00
2127300.5,4723705.0,100670,2006-07-31 00:00:00,2006-08-01 00:00:00
2128690.2,4723705.0,100671,2001-08-04 00:00:00,2001-08-04 00:00:00
2140273.2,4723705.0,100672,2006-08-02 00:00:00,2006-08-02 00:00:00
2144443.0,4723705.0,100673,2001-07-31 00:00:00,2001-07-31 00:00:00
2146759.5,4723241.5,100674,2001-07-31 00:00:00,2001-08-03 00:00:00
2167145.2,4723705.0,100675,2006-08-01 00:00:00,2006-08-01 00:00:00
2168535.2,4723241.5,100676,2006-07-26 00:00:00,2006-08-04 00:00:00
2204673.8,4722778.5,100677,2004-08-05 00:00:00,2004-08-11 00:00:00
2212550.0,4723241.5,100678,2008-07-31 00:00:00,2008-07-31 00:00:00
2215793.2,4720925.0,100679,2001-07-31 00:00:00,2001-08-05 00:00:00
2219499.8,4723705.0,100680,2006-08-13 00:00:00,2006-08-13 00:00:00
2219963.0,4723705.0,100681,2002-07-31 00:00:00,2002-07-31 00:00:00
2115717.5,4723241.5,100693,2007-06-13 00:00:00,2007-06-13 00:00:00
2119887.5,4722315.0,100694,2001-08-28 00:00:00,2001-09-08 00:00:00
2129617.0,4723241.5,100695,2001-07-04 00:00:00,2001-07-04 00:00:00
2131007.0,4723241.5,100696,2001-08-19 00:00:00,2001-08-23 00:00:00
2141199.8,4722778.5,100697,2006-07-21 00:00:00,2006-07-25 00:00:00
2141663.2,4723241.5,100698,2006-08-03 00:00:00,2006-08-03 00:00:00
2142126.5,4723241.5,100699,2006-08-11 00:00:00,2006-08-11 00:00:00
2213013.2,4723241.5,100700,2002-08-06 00:00:00,2002-08-06 00:00:00
2213940.0,4723241.5,100701,2001-08-20 00:00:00,2001-08-20 00:00:00
2220426.2,4723241.5,100702,2002-07-03 00:00:00,2002-07-03 00:00:00
2116181.0,4722778.5,100708,2007-06-19 00:00:00,2007-06-19 00:00:00
2129617.0,4722778.5,100709,2001-08-03 00:00:00,2001-08-07 00:00:00
2137956.5,4722778.5,100710,2006-08-11 00:00:00,2006-08-11 00:00:00
2139809.8,4722778.5,100711,2004-07-03 00:00:00,2004-07-03 00:00:00
2143053.0,4722778.5,100712,2008-08-06 00:00:00,2008-08-06 00:00:00
2143516.5,4722315.0,100713,2008-07-31 00:00:00,2008-08-05 00:00:00
2156025.8,4722315.0,100714,2008-08-17 00:00:00,2008-08-18 00:00:00
2162049.0,4722778.5,100715,2006-07-24 00:00:00,2006-07-24 00:00:00
2167145.2,4722315.0,100716,2007-08-09 00:00:00,2007-08-09 00:00:00
2201893.8,4722778.5,100717,2006-08-03 00:00:00,2006-08-03 00:00:00
2211623.2,4722778.5,100718,2008-08-06 00:00:00,2008-08-06 00:00:00
2219499.8,4722778.5,100719,2006-07-31 00:00:00,2006-07-31 00:00:00
2126837.0,4722315.0,100729,2001-07-04 00:00:00,2001-07-05 00:00:00
2129153.8,4719072.0,100730,2001-07-28 00:00:00,2001-08-07 00:00:00
2140736.5,4722315.0,100731,2006-07-27 00:00:00,2006-07-30 00:00:00
2142589.8,4722315.0,100732,2006-08-11 00:00:00,2006-08-11 00:00:00
2149076.2,4720925.0,100733,2003-08-07 00:00:00,2003-08-09 00:00:00
2152319.2,4721851.5,100734,2008-08-22 00:00:00,2008-08-22 00:00:00
2155099.2,4721851.5,100735,2007-08-08 00:00:00,2007-08-15 00:00:00
2161585.5,4722315.0,100736,2008-08-17 00:00:00,2008-08-20 00:00:00
2213940.0,4722315.0,100737,2001-07-03 00:00:00,2001-07-03 00:00:00
2214403.2,4722315.0,100738,2010-08-24 00:00:00,2010-08-24 00:00:00
2209306.8,4721388.5,100739,2001-07-03 00:00:00,2001-07-03 00:00:00
2216719.8,4720925.0,100740,2006-08-01 00:00:00,2006-08-04 00:00:00
2219963.0,4721851.5,100741,2005-08-01 00:00:00,2005-08-08 00:00:00
2221353.0,4721388.5,100742,2001-08-03 00:00:00,2001-08-10 00:00:00
2220426.2,4722315.0,100743,2002-07-31 00:00:00,2002-07-31 00:00:00
2220426.2,4721851.5,100744,2006-07-31 00:00:00,2006-08-01 00:00:00
2223206.2,4722315.0,100745,2002-06-30 00:00:00,2002-06-30 00:00:00
2223206.2,4722315.0,100746,2002-08-06 00:00:00,2002-08-10 00:00:00
2030931.2,4720462.0,100757,2007-07-13 00:00:00,2007-07-13 00:00:00
2124057.2,4721388.5,100758,2001-09-01 00:00:00,2001-09-06 00:00:00
2137030.0,4719998.5,100759,2001-06-09 00:00:00,2001-06-09 00:00:00
2150466.0,4721851.5,100760,2007-08-12 00:00:00,2007-08-12 00:00:00
2150466.0,4721388.5,100761,2007-08-22 00:00:00,2007-08-27 00:00:00
2170851.8,4721388.5,100762,2006-07-25 00:00:00,2006-08-02 00:00:00
2212086.8,4721851.5,100763,2001-07-10 00:00:00,2001-07-11 00:00:00
2215329.8,4721851.5,100764,2010-08-10 00:00:00,2010-08-10 00:00:00
2217646.5,4721388.5,100765,2001-08-02 00:00:00,2001-08-05 00:00:00
2218109.8,4721388.5,100766,2006-08-13 00:00:00,2006-08-13 00:00:00
2118960.8,4721388.5,100773,2001-08-28 00:00:00,2001-08-28 00:00:00
2122667.2,4721388.5,100774,2005-08-28 00:00:00,2005-08-28 00:00:00
2128227.0,4720925.0,100775,2005-10-10 00:00:00,2005-10-10 00:00:00
2142126.5,4714902.0,100776,2001-07-03 00:00:00,2001-07-05 00:00:00
2126373.8,4720925.0,100777,2001-07-22 00:00:00,2001-07-25 00:00:00
2138420.0,4719998.5,100778,2001-06-23 00:00:00,2001-06-23 00:00:00
2138883.2,4720925.0,100779,2001-07-05 00:00:00,2001-07-05 00:00:00
2113864.2,4719998.5,100780,2001-08-27 00:00:00,2001-09-10 00:00:00
2151392.8,4721388.5,100782,2008-08-02 00:00:00,2008-08-02 00:00:00
2220889.5,4721388.5,100783,2005-08-14 00:00:00,2005-08-14 00:00:00
2141199.8,4720925.0,100795,2012-08-11 00:00:00,2012-08-11 00:00:00
2146759.5,4719998.5,100796,2001-08-05 00:00:00,2001-08-05 00:00:00
2150929.5,4720462.0,100797,2008-08-21 00:00:00,2008-08-22 00:00:00
2169462.0,4720462.0,100798,2006-08-08 00:00:00,2006-08-10 00:00:00
2210696.8,4720925.0,100799,2001-07-05 00:00:00,2001-07-05 00:00:00
2025371.5,4719535.0,100808,2008-02-15 00:00:00,2008-02-16 00:00:00
2130080.2,4719998.5,100810,2001-08-23 00:00:00,2001-08-23 00:00:00
2137030.0,4719535.0,100811,2001-06-23 00:00:00,2001-06-23 00:00:00
2141199.8,4719998.5,100812,2001-06-23 00:00:00,2001-06-23 00:00:00
2142126.5,4716292.0,100813,2012-07-31 00:00:00,2012-08-06 00:00:00
2179654.8,4718145.0,100814,2008-08-06 00:00:00,2008-08-11 00:00:00
2201430.5,4719535.0,100815,2010-10-15 00:00:00,2010-10-24 00:00:00
2211623.2,4719998.5,100816,2010-08-19 00:00:00,2010-08-19 00:00:00
2212086.8,4719535.0,100817,2001-08-05 00:00:00,2001-08-07 00:00:00
2219036.2,4720462.0,100818,2006-08-02 00:00:00,2006-08-02 00:00:00
2113401.0,4718608.5,100829,2004-09-03 00:00:00,2004-09-13 00:00:00
2125447.2,4719998.5,100830,2001-09-01 00:00:00,2001-09-06 00:00:00
2141199.8,4719998.5,100831,2012-08-10 00:00:00,2012-08-10 00:00:00
2145833.0,4719998.5,100832,2001-08-03 00:00:00,2001-08-08 00:00:00
2168072.0,4719535.0,100833,2007-08-07 00:00:00,2007-08-09 00:00:00
2024444.9,4719535.0,100839,2008-02-07 00:00:00,2008-02-07 00:00:00
2114327.8,4719535.0,100840,2004-09-13 00:00:00,2004-09-13 00:00:00
2117107.5,4719072.0,100841,2001-08-10 00:00:00,2001-08-13 00:00:00
2127300.5,4718145.0,100842,2001-08-01 00:00:00,2001-08-01 00:00:00
2167145.2,4719535.0,100843,2007-08-16 00:00:00,2007-08-20 00:00:00
2187994.5,4719535.0,100844,2012-08-10 00:00:00,2012-08-13 00:00:00
2205137.0,4718145.0,100845,2001-09-08 00:00:00,2001-09-08 00:00:00
2212550.0,4719535.0,100846,2011-09-21 00:00:00,2011-09-24 00:00:00
2221816.2,4719535.0,100847,2006-08-02 00:00:00,2006-08-02 00:00:00
2115717.5,4719072.0,100859,2004-09-08 00:00:00,2004-09-13 00:00:00
2128227.0,4719072.0,100860,2001-07-04 00:00:00,2001-07-04 00:00:00
2127763.8,4718145.0,100861,2005-10-15 00:00:00,2005-10-18 00:00:00
2131007.0,4719072.0,100862,2001-08-21 00:00:00,2001-08-28 00:00:00
2137956.5,4717682.0,100863,2001-06-23 00:00:00,2001-06-23 00:00:00
2150929.5,4719072.0,100864,2001-08-03 00:00:00,2001-08-07 00:00:00
2152319.2,4718145.0,100865,2001-08-03 00:00:00,2001-08-05 00:00:00
2166682.0,4719072.0,100866,2007-08-02 00:00:00,2007-08-02 00:00:00
2167145.2,4719072.0,100867,2008-08-20 00:00:00,2008-08-20 00:00:00
2172705.0,4719072.0,100868,2006-07-31 00:00:00,2006-07-31 00:00:00
2174095.0,4719072.0,100869,2006-08-13 00:00:00,2006-08-13 00:00:00
2212086.8,4719072.0,100870,2001-07-03 00:00:00,2001-07-03 00:00:00
2216256.5,4719072.0,100871,2010-10-22 00:00:00,2010-10-25 00:00:00
2112474.5,4718145.0,100877,2001-08-28 00:00:00,2001-08-30 00:00:00
2137493.2,4718608.5,100878,2001-06-13 00:00:00,2001-06-13 00:00:00
2140736.5,4718608.5,100879,2001-06-23 00:00:00,2001-06-23 00:00:00
2141663.2,4718608.5,100880,2012-08-10 00:00:00,2012-08-10 00:00:00
2168072.0,4718608.5,100881,2008-08-11 00:00:00,2008-08-13 00:00:00
2168535.2,4718608.5,100882,2006-08-08 00:00:00,2006-08-08 00:00:00
2168998.5,4718145.0,100883,2006-08-01 00:00:00,2006-08-02 00:00:00
2169462.0,4718145.0,100884,2006-08-09 00:00:00,2006-08-10 00:00:00
2176875.0,4718608.5,100885,2008-08-14 00:00:00,2008-08-16 00:00:00
2210696.8,4718608.5,100886,2001-07-09 00:00:00,2001-07-09 00:00:00
2220889.5,4718608.5,100887,2006-08-10 00:00:00,2006-08-10 00:00:00
2041587.5,4718145.0,100896,2013-10-02 00:00:00,2013-10-15 00:00:00
2113401.0,4718145.0,100898,2001-08-12 00:00:00,2001-08-12 00:00:00
2130543.5,4717218.5,100899,2005-10-09 00:00:00,2005-10-18 00:00:00
2138883.2,4717682.0,100900,2008-08-13 00:00:00,2008-08-16 00:00:00
2142126.5,4718145.0,100901,2012-08-18 00:00:00,2012-08-18 00:00:00
2158805.8,4717682.0,100902,2008-09-27 00:00:00,2008-09-27 00:00:00
2161585.5,4716755.5,100903,2016-08-03 00:00:00,2016-08-10 00:00:00
2174558.2,4718145.0,100904,2006-08-06 00:00:00,2006-08-06 00:00:00
2022591.6,4717682.0,100911,2008-02-12 00:00:00,2008-02-13 00:00:00
2115717.5,4717218.5,100913,2004-09-05 00:00:00,2004-09-05 00:00:00
2121740.8,4716755.5,100914,2001-07-31 00:00:00,2001-08-04 00:00:00
2140273.2,4717218.5,100915,2001-06-23 00:00:00,2001-06-23 00:00:00
2142126.5,4717682.0,100916,2012-07-25 00:00:00,2012-07-25 00:00:00
2148612.8,4717218.5,100917,2001-07-04 00:00:00,2001-07-05 00:00:00
2174095.0,4717682.0,100918,2006-08-08 00:00:00,2006-08-13 00:00:00
2222279.5,4717682.0,100919,2006-08-13 00:00:00,2006-08-13 00:00:00
2029541.4,4717218.5,100928,2001-08-20 00:00:00,2001-08-29 00:00:00
2043440.8,4717218.5,100929,2013-10-12 00:00:00,2013-10-12 00:00:00
2116181.0,4716292.0,100930,2001-08-28 00:00:00,2001-08-28 00:00:00
2131470.2,4717218.5,100931,2001-08-09 00:00:00,2001-08-09 00:00:00
2141663.2,4716755.5,100932,2001-06-24 00:00:00,2001-06-24 00:00:00
2141663.2,4717218.5,100933,2001-07-11 00:00:00,2001-07-11 00:00:00
2143053.0,4717218.5,100934,2012-08-12 00:00:00,2012-08-12 00:00:00
2147686.2,4715828.5,100935,2001-07-16 00:00:00,2001-07-18 00:00:00
2153246.0,4717218.5,100936,2001-07-04 00:00:00,2001-07-04 00:00:00
2165755.5,4717218.5,100937,2008-08-27 00:00:00,2008-09-03 00:00:00
2169925.2,4716755.5,100938,2006-08-10 00:00:00,2006-08-13 00:00:00
2170851.8,4717218.5,100939,2006-07-31 00:00:00,2006-08-03 00:00:00
2031394.6,4716755.5,100948,2001-09-08 00:00:00,2001-09-08 00:00:00
2042977.4,4716755.5,100949,2013-10-02 00:00:00,2013-10-02 00:00:00
2120350.8,4716755.5,100950,2001-08-01 00:00:00,2001-08-01 00:00:00
2171778.5,4716292.0,100951,2006-08-12 00:00:00,2006-08-13 00:00:00
2201430.5,4716292.0,100952,2003-08-14 00:00:00,2003-08-16 00:00:00
1977187.0,4713049.0,100965,2007-07-20 00:00:00,2007-07-28 00:00:00
2113401.0,4716292.0,100966,2004-09-19 00:00:00,2004-09-19 00:00:00
2129153.8,4716292.0,100967,2006-08-11 00:00:00,2006-08-15 00:00:00
2131933.5,4715828.5,100968,2005-10-15 00:00:00,2005-10-15 00:00:00
2132860.2,4716292.0,100969,2006-08-10 00:00:00,2006-08-10 00:00:00
2137956.5,4716292.0,100970,2001-07-04 00:00:00,2001-07-04 00:00:00
2140736.5,4715828.5,100971,2008-08-07 00:00:00,2008-08-11 00:00:00
2145833.0,4716292.0,100972,2019-08-25 00:00:00,2019-08-31 00:00:00
2150002.8,4716292.0,100973,2001-07-11 00:00:00,2001-07-11 00:00:00
2153709.2,4714902.0,100974,2001-08-03 00:00:00,2001-08-12 00:00:00
2165292.0,4715828.5,100975,2009-10-03 00:00:00,2009-10-03 00:00:00
2171315.2,4715365.5,100976,2001-08-05 00:00:00,2001-08-08 00:00:00
2008692.2,4715828.5,100989,2013-10-12 00:00:00,2013-10-12 00:00:00
2130543.5,4715828.5,100990,2004-08-23 00:00:00,2004-08-23 00:00:00
2131470.2,4715828.5,100991,2004-08-23 00:00:00,2004-08-23 00:00:00
2133323.5,4714902.0,100992,2006-08-01 00:00:00,2006-08-03 00:00:00
2141199.8,4715828.5,100993,2008-08-01 00:00:00,2008-08-01 00:00:00
2165292.0,4715828.5,100994,2008-08-19 00:00:00,2008-08-19 00:00:00
2166218.8,4715365.5,100995,2008-08-31 00:00:00,2008-09-02 00:00:00
2167145.2,4713975.5,100996,2001-08-10 00:00:00,2001-08-21 00:00:00
2167608.8,4715365.5,100997,2001-08-27 00:00:00,2001-08-30 00:00:00
2172241.8,4715365.5,100998,2006-08-01 00:00:00,2006-08-05 00:00:00
2182898.0,4713975.5,100999,2002-08-21 00:00:00,2002-08-26 00:00:00
2222742.8,4715828.5,101000,2001-09-10 00:00:00,2001-09-10 00:00:00
1995256.1,4714902.0,101007,2001-08-08 00:00:00,2001-08-09 00:00:00
2032321.2,4715365.5,101008,2001-08-17 00:00:00,2001-08-18 00:00:00
2127763.8,4714438.5,101010,2001-07-04 00:00:00,2001-07-05 00:00:00
2131933.5,4713975.5,101011,2001-08-05 00:00:00,2001-08-08 00:00:00
2136103.2,4713975.5,101012,2001-07-04 00:00:00,2001-07-08 00:00:00
2136566.8,4715365.5,101013,2001-07-23 00:00:00,2001-07-25 00:00:00
2156952.5,4701002.5,101014,2001-07-27 00:00:00,2001-08-13 00:00:00
2148612.8,4714438.5,101015,2001-07-05 00:00:00,2001-07-05 00:00:00
2155099.2,4714438.5,101016,2001-08-21 00:00:00,2001-08-23 00:00:00
1989696.4,4712122.0,101023,2022-08-05 00:00:00,2022-08-18 00:00:00
2025371.5,4714902.0,101024,2001-08-03 00:00:00,2001-08-03 00:00:00
2036027.8,4714902.0,101025,2001-08-03 00:00:00,2001-08-03 00:00:00
2108768.0,4714438.5,101027,2001-08-03 00:00:00,2001-08-10 00:00:00
2109694.5,4714902.0,101028,2005-08-22 00:00:00,2005-08-24 00:00:00
2118960.8,4714438.5,101029,2001-08-23 00:00:00,2001-08-28 00:00:00
2130543.5,4714902.0,101030,2014-08-08 00:00:00,2014-08-08 00:00:00
2132396.8,4714438.5,101031,2004-08-02 00:00:00,2004-08-06 00:00:00
2138883.2,4712585.5,101032,2004-08-05 00:00:00,2004-08-16 00:00:00
2153246.0,4714902.0,101033,2001-07-04 00:00:00,2001-07-04 00:00:00
2155099.2,4713975.5,101034,2024-01-25 00:00:00,2024-01-25 00:00:00
2000815.9,4714438.5,101040,2006-09-15 00:00:00,2006-09-17 00:00:00
2033247.9,4714438.5,101041,2001-08-18 00:00:00,2001-08-18 00:00:00
2035101.1,4714438.5,101042,2008-08-18 00:00:00,2008-08-18 00:00:00
2038807.6,4710269.0,101043,2008-02-13 00:00:00,2008-02-20 00:00:00
2116181.0,4713049.0,101045,2001-08-26 00:00:00,2001-08-28 00:00:00
2115717.5,4712585.5,101046,2001-07-04 00:00:00,2001-07-05 00:00:00
2117570.8,4713975.5,101047,2001-07-04 00:00:00,2001-07-04 00:00:00
2130543.5,4714438.5,101048,2006-08-04 00:00:00,2006-08-04 00:00:00
2132860.2,4714438.5,101049,2004-08-11 00:00:00,2004-08-11 00:00:00
2132860.2,4714438.5,101050,2006-08-18 00:00:00,2006-08-18 00:00:00
2136103.2,4714438.5,101051,2006-07-20 00:00:00,2006-07-21 00:00:00
2137493.2,4714438.5,101052,2006-07-24 00:00:00,2006-07-24 00:00:00
2139346.5,4713049.0,101053,2006-08-08 00:00:00,2006-08-13 00:00:00
2139809.8,4714438.5,101054,2006-07-24 00:00:00,2006-07-24 00:00:00
2149539.5,4714438.5,101055,2001-07-05 00:00:00,2001-07-05 00:00:00
2153246.0,4714438.5,101056,2001-08-19 00:00:00,2001-08-19 00:00:00
2155562.5,4711659.0,101057,2017-09-02 00:00:00,2017-09-08 00:00:00
2166682.0,4714438.5,101058,2008-08-07 00:00:00,2008-08-07 00:00:00
2213940.0,4714438.5,101059,2006-08-08 00:00:00,2006-08-08 00:00:00
2215793.2,4713975.5,101064,2006-08-15 00:00:00,2006-08-15 00:00:00
2032321.2,4712122.0,101070,2008-08-14 00:00:00,2008-08-16 00:00:00
2072166.1,4713512.0,101071,2006-09-02 00:00:00,2006-09-05 00:00:00
2073556.0,4713975.5,101072,2007-07-07 00:00:00,2007-07-10 00:00:00
2108304.5,4713975.5,101074,2004-09-27 00:00:00,2004-09-27 00:00:00
2114327.8,4713512.0,101075,2001-09-12 00:00:00,2001-09-13 00:00:00
2118960.8,4713049.0,101076,2001-07-04 00:00:00,2001-07-04 00:00:00
2122204.0,4713975.5,101077,2001-07-31 00:00:00,2001-07-31 00:00:00
2124520.5,4713049.0,101078,2001-07-04 00:00:00,2001-07-04 00:00:00
2124520.5,4713512.0,101079,2001-08-23 00:00:00,2001-08-23 00:00:00
2131470.2,4713975.5,101080,2004-08-12 00:00:00,2004-08-12 00:00:00
2131470.2,4713975.5,101081,2006-08-04 00:00:00,2006-08-04 00:00:00
2131933.5,4713975.5,101082,2006-07-21 00:00:00,2006-07-21 00:00:00
2138420.0,4713975.5,101083,2006-07-31 00:00:00,2006-07-31 00:00:00
2143053.0,4713512.0,101084,2006-07-21 00:00:00,2006-08-01 00:00:00
2144443.0,4713049.0,101085,2007-08-26 00:00:00,2007-08-26 00:00:00
2154172.5,4713975.5,101086,2001-07-04 00:00:00,2001-07-04 00:00:00
2183824.5,4713975.5,101087,2021-06-17 00:00:00,2021-06-19 00:00:00
1994792.9,4713512.0,101095,2001-08-23 00:00:00,2001-08-27 00:00:00
2009155.6,4712122.0,101096,2011-02-01 00:00:00,2011-02-06 00:00:00
2031394.6,4713512.0,101097,2001-08-12 00:00:00,2001-08-12 00:00:00
2034174.5,4710269.0,101098,2001-08-01 00:00:00,2001-08-10 00:00:00
2026298.1,4713049.0,101099,2001-08-09 00:00:00,2001-08-10 00:00:00
2039734.2,4713512.0,101100,2008-02-22 00:00:00,2008-02-22 00:00:00
2068459.6,4713512.0,101101,2006-09-06 00:00:00,2006-09-06 00:00:00
2074019.4,4712122.0,101102,2007-06-20 00:00:00,2007-06-24 00:00:00
2114791.0,4713512.0,101103,2001-09-06 00:00:00,2001-09-06 00:00:00
2121277.2,4713049.0,101104,2005-08-21 00:00:00,2005-08-27 00:00:00
2126837.0,4713512.0,101105,2001-07-04 00:00:00,2001-07-04 00:00:00
2127763.8,4713512.0,101106,2001-07-04 00:00:00,2001-07-04 00:00:00
2143979.8,4712585.5,101107,2017-09-18 00:00:00,2017-09-18 00:00:00
2149539.5,4713512.0,101108,2001-07-04 00:00:00,2001-07-05 00:00:00
2161585.5,4713512.0,101109,2011-09-09 00:00:00,2011-09-12 00:00:00
2213476.5,4713512.0,101110,2006-08-02 00:00:00,2006-08-02 00:00:00
1979966.9,4713049.0,101124,2007-07-31 00:00:00,2007-07-31 00:00:00
2003132.5,4710269.0,101125,2011-02-03 00:00:00,2011-02-10 00:00:00
2065216.4,4713049.0,101126,2006-08-29 00:00:00,2006-08-29 00:00:00
2116181.0,4711195.5,101128,2004-09-07 00:00:00,2004-09-10 00:00:00
2126373.8,4713049.0,101129,2001-07-26 00:00:00,2001-07-26 00:00:00
2144906.2,4711659.0,101130,2004-07-31 00:00:00,2004-08-11 00:00:00
2150002.8,4713049.0,101131,2001-07-11 00:00:00,2001-07-11 00:00:00
2150929.5,4712585.5,101132,2002-08-20 00:00:00,2002-09-06 00:00:00
2152782.8,4713049.0,101133,2001-07-04 00:00:00,2001-07-04 00:00:00
2154172.5,4713049.0,101134,2001-07-04 00:00:00,2001-07-04 00:00:00
2165292.0,4713049.0,101135,2008-09-14 00:00:00,2008-09-14 00:00:00
2186141.2,4711659.0,101136,2002-08-24 00:00:00,2002-08-31 00:00:00
2187531.0,4713049.0,101137,2002-08-24 00:00:00,2002-08-24 00:00:00
2215329.8,4713049.0,101138,2006-08-10 00:00:00,2006-08-10 00:00:00
1981820.1,4711195.5,101149,2007-07-16 00:00:00,2007-07-19 00:00:00
2011472.1,4712122.0,101150,2007-01-12 00:00:00,2007-01-12 00:00:00
2034174.5,4711659.0,101151,2004-08-05 00:00:00,2004-08-11 00:00:00
2104598.0,4712585.5,101153,2004-09-25 00:00:00,2004-09-25 00:00:00
2118960.8,4711195.5,101154,2001-07-30 00:00:00,2001-08-03 00:00:00
2121277.2,4712585.5,101155,2001-07-31 00:00:00,2001-07-31 00:00:00
2121277.2,4712585.5,101156,2005-08-15 00:00:00,2005-08-15 00:00:00
2121740.8,4710732.0,101157,2001-07-04 00:00:00,2001-07-07 00:00:00
2122667.2,4712122.0,101158,2001-08-03 00:00:00,2001-08-09 00:00:00
2126373.8,4712585.5,101159,2001-07-04 00:00:00,2001-07-04 00:00:00
2128690.2,4712122.0,101160,2001-07-18 00:00:00,2001-08-02 00:00:00
2129153.8,4712585.5,101161,2005-08-14 00:00:00,2005-08-14 00:00:00
2129153.8,4711659.0,101162,2007-08-03 00:00:00,2007-08-09 00:00:00
2151856.0,4712585.5,101163,2001-07-11 00:00:00,2001-07-11 00:00:00
2152782.8,4712585.5,101164,2002-08-30 00:00:00,2002-08-31 00:00:00
2171778.5,4712585.5,101165,2007-07-18 00:00:00,2007-07-18 00:00:00
2182434.8,4712585.5,101166,2011-10-03 00:00:00,2011-10-03 00:00:00
2217646.5,4712585.5,101167,2006-08-08 00:00:00,2006-08-08 00:00:00
2143053.0,4711659.0,101168,2006-08-02 00:00:00,2006-08-02 00:00:00
2011008.9,4712122.0,101175,2007-01-06 00:00:00,2007-01-06 00:00:00
2037881.0,4712122.0,101176,2008-02-07 00:00:00,2008-02-07 00:00:00
2040197.5,4712122.0,101177,2008-02-22 00:00:00,2008-02-22 00:00:00
2055950.1,4712122.0,101178,2024-07-05 00:00:00,2024-07-06 00:00:00
2071702.8,4712122.0,101179,2006-08-01 00:00:00,2006-08-01 00:00:00
2074019.4,4711659.0,101180,2007-07-17 00:00:00,2007-07-17 00:00:00
2075872.6,4712122.0,101181,2007-06-21 00:00:00,2007-06-22 00:00:00
2123594.0,4711659.0,101182,2001-07-04 00:00:00,2001-07-05 00:00:00
2123594.0,4712122.0,101183,2001-08-03 00:00:00,2001-08-03 00:00:00
2013788.8,4710732.0,101190,2007-07-22 00:00:00,2007-07-31 00:00:00
2116181.0,4711659.0,101191,2001-07-04 00:00:00,2001-07-04 00:00:00
2135640.0,4711659.0,101192,2006-07-15 00:00:00,2006-07-15 00:00:00
2138420.0,4708415.5,101193,2006-07-25 00:00:00,2006-08-04 00:00:00
2136566.8,4705172.5,101194,2004-08-03 00:00:00,2004-08-19 00:00:00
2141199.8,4711659.0,101195,2001-06-23 00:00:00,2001-06-23 00:00:00
2141663.2,4711659.0,101196,2001-07-08 00:00:00,2001-07-08 00:00:00
2142126.5,4711659.0,101197,2001-06-25 00:00:00,2001-06-25 00:00:00
2149076.2,4711659.0,101198,2002-08-25 00:00:00,2002-08-25 00:00:00
2175021.8,4709805.5,101199,2016-08-26 00:00:00,2016-09-02 00:00:00
2071702.8,4711195.5,101203,2006-08-01 00:00:00,2006-08-01 00:00:00
2074946.0,4710732.0,101204,2007-06-21 00:00:00,2007-06-22 00:00:00
2110157.8,4710732.0,101205,2005-09-11 00:00:00,2005-09-17 00:00:00
2116181.0,4711195.5,101206,2001-08-03 00:00:00,2001-08-03 00:00:00
2119887.5,4711195.5,101207,2005-08-15 00:00:00,2005-08-16 00:00:00
2121740.8,4711195.5,101208,2005-08-14 00:00:00,2005-08-15 00:00:00
2125447.2,4710269.0,101209,2001-07-04 00:00:00,2001-07-07 00:00:00
2128227.0,4711195.5,101210,2001-07-04 00:00:00,2001-07-04 00:00:00
2133786.8,4711195.5,101211,2006-08-08 00:00:00,2006-08-08 00:00:00
2137956.5,4707025.5,101212,2001-07-04 00:00:00,2001-07-10 00:00:00
2135640.0,4711195.5,101213,2006-07-21 00:00:00,2006-07-21 00:00:00
2136103.2,4710732.0,101214,2001-07-11 00:00:00,2001-07-11 00:00:00
2137493.2,4711195.5,101215,2006-08-13 00:00:00,2006-08-13 00:00:00
2151856.0,4711195.5,101216,2002-09-02 00:00:00,2002-09-02 00:00:00
2172705.0,4710732.0,101217,2007-07-17 00:00:00,2007-07-17 00:00:00
2025834.9,4709805.5,101229,2010-10-08 00:00:00,2010-10-14 00:00:00
2026761.5,4710269.0,101230,2001-08-19 00:00:00,2001-08-19 00:00:00
2067533.0,4708415.5,101231,2007-07-11 00:00:00,2007-07-18 00:00:00
2118034.2,4707952.5,101232,2001-07-04 00:00:00,2001-07-07 00:00:00
2130543.5,4709805.5,101233,2001-08-05 00:00:00,2001-08-21 00:00:00
2133323.5,4710732.0,101234,2006-07-28 00:00:00,2006-08-01 00:00:00
2137030.0,4710732.0,101235,2001-07-13 00:00:00,2001-07-13 00:00:00
2137956.5,4710269.0,101236,2001-07-04 00:00:00,2001-07-04 00:00:00
2138883.2,4710269.0,101237,2007-08-13 00:00:00,2007-08-16 00:00:00
2139346.5,4710269.0,101238,2001-06-23 00:00:00,2001-06-23 00:00:00
2152319.2,4705172.5,101239,2004-07-31 00:00:00,2004-08-12 00:00:00
2156489.2,4710269.0,101240,2008-08-28 00:00:00,2008-08-31 00:00:00
2173631.8,4709805.5,101241,2009-08-09 00:00:00,2009-08-12 00:00:00
2179654.8,4710732.0,101242,2008-08-15 00:00:00,2008-08-15 00:00:00
2184288.0,4710732.0,101243,2002-09-01 00:00:00,2002-09-01 00:00:00
2190774.2,4709342.5,101244,2006-08-01 00:00:00,2006-08-15 00:00:00
2025371.5,4710269.0,101251,2010-10-01 00:00:00,2010-10-01 00:00:00
2026298.1,4710269.0,101252,2010-09-30 00:00:00,2010-10-01 00:00:00
2046683.9,4709805.5,101253,2009-09-12 00:00:00,2009-09-20 00:00:00
2118497.5,4708415.5,101254,2001-07-28 00:00:00,2001-08-08 00:00:00
2119424.0,4709805.5,101255,2004-08-28 00:00:00,2004-09-15 00:00:00
2119887.5,4708879.0,101256,2005-08-14 00:00:00,2005-08-19 00:00:00
2137493.2,4709805.5,101258,2001-06-23 00:00:00,2001-06-23 00:00:00
2145833.0,4710269.0,101259,2004-08-06 00:00:00,2004-08-06 00:00:00
2155099.2,4710269.0,101260,2001-07-04 00:00:00,2001-07-04 00:00:00
2141663.2,4707952.5,101261,2006-07-31 00:00:00,2006-08-02 00:00:00
2157415.8,4710269.0,101262,2001-08-09 00:00:00,2001-08-12 00:00:00
2158805.8,4709342.5,101263,2001-08-10 00:00:00,2001-08-12 00:00:00
2170388.5,4709805.5,101264,2016-09-15 00:00:00,2016-09-15 00:00:00
2175948.2,4707952.5,101265,2008-08-11 00:00:00,2008-08-15 00:00:00
2185677.8,4706562.5,101266,2002-08-20 00:00:00,2002-09-01 00:00:00
2186604.5,4709342.5,101267,2007-06-05 00:00:00,2007-06-08 00:00:00
2190311.0,4710269.0,101268,2006-07-31 00:00:00,2006-07-31 00:00:00
2028151.4,4709342.5,101273,2001-08-02 00:00:00,2001-08-05 00:00:00
2113401.0,4709805.5,101274,2006-08-01 00:00:00,2006-08-01 00:00:00
2127300.5,4708879.0,101275,2006-07-31 00:00:00,2006-08-02 00:00:00
2136103.2,4708879.0,101276,2006-08-08 00:00:00,2006-08-11 00:00:00
2139346.5,4709805.5,101277,2016-08-10 00:00:00,2016-08-10 00:00:00
2140736.5,4709805.5,101278,2006-08-11 00:00:00,2006-08-11 00:00:00
2145369.8,4709342.5,101279,2001-08-03 00:00:00,2001-08-03 00:00:00
2150929.5,4709805.5,101280,2002-08-30 00:00:00,2002-08-30 00:00:00
2157879.0,4709805.5,101281,2001-07-04 00:00:00,2001-07-04 00:00:00
2171315.2,4707489.0,101282,2001-08-01 00:00:00,2001-08-07 00:00:00
2148612.8,4708415.5,101283,2004-08-11 00:00:00,2004-08-11 00:00:00
2183361.2,4709342.5,101284,2008-09-01 00:00:00,2008-09-07 00:00:00
2121277.2,4709342.5,101288,2001-08-01 00:00:00,2001-08-01 00:00:00
2124057.2,4708879.0,101289,2001-07-04 00:00:00,2001-07-05 00:00:00
2131470.2,4709342.5,101290,2006-08-13 00:00:00,2006-08-13 00:00:00
2136566.8,4708415.5,101291,2009-08-19 00:00:00,2009-08-19 00:00:00
2136566.8,4709342.5,101292,2001-07-16 00:00:00,2001-07-16 00:00:00
2137956.5,4708879.0,101293,2016-08-03 00:00:00,2016-08-03 00:00:00
2137956.5,4709342.5,101294,2023-10-07 00:00:00,2023-10-07 00:00:00
2140273.2,4709342.5,101295,2016-08-01 00:00:00,2016-08-03 00:00:00
2139809.8,4709342.5,101296,2006-07-31 00:00:00,2006-07-31 00:00:00
2140736.5,4708879.0,101297,2001-06-23 00:00:00,2001-06-23 00:00:00
2142126.5,4708879.0,101298,2006-08-01 00:00:00,2006-08-10 00:00:00
2148149.5,4709342.5,101299,2004-07-27 00:00:00,2004-07-27 00:00:00
2154172.5,4709342.5,101300,2001-07-04 00:00:00,2001-07-04 00:00:00
2142126.5,4708415.5,101301,2001-06-23 00:00:00,2001-06-23 00:00:00
2034174.5,4708879.0,101311,2001-08-18 00:00:00,2001-08-18 00:00:00
2113401.0,4708879.0,101312,2001-09-12 00:00:00,2001-09-12 00:00:00
2115254.2,4708415.5,101313,2001-08-28 00:00:00,2001-08-28 00:00:00
2121277.2,4708879.0,101314,2001-08-10 00:00:00,2001-08-11 00:00:00
2121277.2,4708879.0,101315,2005-08-15 00:00:00,2005-08-15 00:00:00
2122667.2,4708415.5,101316,2002-08-19 00:00:00,2002-08-27 00:00:00
2123130.5,4707489.0,101317,2001-07-04 00:00:00,2001-07-05 00:00:00
2124520.5,4708879.0,101318,2001-08-03 00:00:00,2001-08-03 00:00:00
2125910.5,4708415.5,101319,2001-08-02 00:00:00,2001-08-03 00:00:00
2136103.2,4707489.0,101320,2006-08-02 00:00:00,2006-08-08 00:00:00
2138420.0,4708879.0,101321,2001-07-13 00:00:00,2001-07-20 00:00:00
2137493.2,4704246.0,101322,2016-07-27 00:00:00,2016-08-12 00:00:00
2144906.2,4706562.5,101323,2001-07-31 00:00:00,2001-08-05 00:00:00
2182434.8,4708415.5,101324,2008-09-08 00:00:00,2008-09-08 00:00:00
1981356.8,4708415.5,101332,2007-07-20 00:00:00,2007-07-25 00:00:00
2112011.0,4708415.5,101333,2005-08-19 00:00:00,2005-08-19 00:00:00
2115254.2,4707025.5,101334,2001-08-09 00:00:00,2001-08-13 00:00:00
2122667.2,4708415.5,101335,2001-08-03 00:00:00,2001-08-03 00:00:00
2134250.0,4707952.5,101336,2002-08-21 00:00:00,2002-08-29 00:00:00
2137956.5,4707489.0,101337,2007-07-17 00:00:00,2007-07-24 00:00:00
2141199.8,4707952.5,101338,2006-08-10 00:00:00,2006-08-13 00:00:00
2155099.2,4707952.5,101339,2008-08-20 00:00:00,2008-08-20 00:00:00
2159732.2,4708415.5,101340,2001-07-03 00:00:00,2001-07-04 00:00:00
2174558.2,4707952.5,101341,2006-09-17 00:00:00,2006-09-25 00:00:00
2195870.8,4708415.5,101342,2006-08-11 00:00:00,2006-08-11 00:00:00
2213013.2,4707025.5,101343,2013-08-03 00:00:00,2013-08-07 00:00:00
1959581.1,4706099.0,101352,2008-09-01 00:00:00,2008-09-10 00:00:00
1990159.8,4707489.0,101353,2013-08-21 00:00:00,2013-08-21 00:00:00
2020738.4,4707025.5,101354,2021-10-03 00:00:00,2021-10-03 00:00:00
2100428.2,4707952.5,101355,2001-08-03 00:00:00,2001-08-08 00:00:00
2111547.8,4707952.5,101356,2011-02-03 00:00:00,2011-02-03 00:00:00
2112011.0,4707952.5,101357,2001-08-22 00:00:00,2001-08-28 00:00:00
2118034.2,4707952.5,101358,2002-08-25 00:00:00,2002-08-25 00:00:00
2126373.8,4705172.5,101359,2004-08-06 00:00:00,2004-08-23 00:00:00
2131007.0,4707952.5,101360,2006-08-11 00:00:00,2006-08-11 00:00:00
2137493.2,4707952.5,101361,2006-08-10 00:00:00,2006-08-10 00:00:00
2138883.2,4707952.5,101362,2001-07-15 00:00:00,2001-07-15 00:00:00
2138883.2,4707489.0,101363,2006-07-23 00:00:00,2006-07-25 00:00:00
2175948.2,4707952.5,101364,2006-09-27 00:00:00,2006-09-27 00:00:00
2176411.5,4707952.5,101365,2006-09-21 00:00:00,2006-09-21 00:00:00
2186141.2,4707952.5,101366,2002-09-05 00:00:00,2002-09-07 00:00:00
2188921.0,4707489.0,101367,2007-08-02 00:00:00,2007-08-09 00:00:00
2189384.2,4707489.0,101368,2007-06-08 00:00:00,2007-06-10 00:00:00
2189847.8,4707952.5,101369,2008-08-11 00:00:00,2008-08-11 00:00:00
2195407.5,4706562.5,101370,2006-08-07 00:00:00,2006-08-16 00:00:00
2195407.5,4707952.5,101371,2006-07-31 00:00:00,2006-07-31 00:00:00
2211623.2,4707952.5,101372,2013-08-12 00:00:00,2013-08-12 00:00:00
2022128.4,4705636.0,101382,2018-09-25 00:00:00,2018-10-02 00:00:00
2126837.0,4707025.5,101383,2007-08-02 00:00:00,2007-08-05 00:00:00
2132396.8,4707489.0,101384,2007-07-15 00:00:00,2007-07-17 00:00:00
2136103.2,4707489.0,101385,2001-06-24 00:00:00,2001-06-24 00:00:00
2136566.8,4707489.0,101386,2001-07-13 00:00:00,2001-07-13 00:00:00
2137030.0,4707489.0,101387,2001-06-23 00:00:00,2001-06-24 00:00:00
2137030.0,4707489.0,101388,2005-08-16 00:00:00,2005-08-16 00:00:00
2137493.2,4707489.0,101389,2006-08-02 00:00:00,2006-08-02 00:00:00
2140736.5,4707489.0,101390,2016-08-03 00:00:00,2016-08-03 00:00:00
2144906.2,4705172.5,101391,2006-07-30 00:00:00,2006-08-08 00:00:00
2143516.5,4706099.0,101392,2006-08-10 00:00:00,2006-08-10 00:00:00
2156025.8,4707489.0,101393,2008-08-11 00:00:00,2008-08-11 00:00:00
2161585.5,4707489.0,101394,2017-09-02 00:00:00,2017-09-07 00:00:00
2170388.5,4707025.5,101395,2011-09-27 00:00:00,2011-10-03 00:00:00
2176875.0,4707489.0,101396,2006-08-15 00:00:00,2006-08-15 00:00:00
2186604.5,4706099.0,101397,2007-07-19 00:00:00,2007-07-22 00:00:00
2188457.8,4707489.0,101398,2008-08-23 00:00:00,2008-08-25 00:00:00
2052243.6,4706562.5,101406,2004-08-18 00:00:00,2004-08-19 00:00:00
2053170.2,4707025.5,101407,2001-08-26 00:00:00,2001-08-26 00:00:00
2071239.5,4706562.5,101408,2007-07-10 00:00:00,2007-07-11 00:00:00
2116181.0,4707025.5,101409,2001-07-31 00:00:00,2001-07-31 00:00:00
2114791.0,4706099.0,101410,2008-02-22 00:00:00,2008-02-29 00:00:00
2118497.5,4706562.5,101411,2022-10-21 00:00:00,2022-10-26 00:00:00
2117107.5,4706562.5,101412,2002-08-23 00:00:00,2002-08-27 00:00:00
2119887.5,4705636.0,101413,2022-03-18 00:00:00,2022-03-22 00:00:00
2120350.8,4706562.5,101414,2001-07-05 00:00:00,2001-07-05 00:00:00
2120350.8,4707025.5,101415,2002-08-20 00:00:00,2002-08-20 00:00:00
2131470.2,4706562.5,101416,2006-08-06 00:00:00,2006-08-18 00:00:00
2133323.5,4706099.0,101417,2006-08-10 00:00:00,2006-08-10 00:00:00
2132396.8,4706099.0,101418,2001-08-01 00:00:00,2001-08-05 00:00:00
2139346.5,4706099.0,101419,2006-07-27 00:00:00,2006-08-01 00:00:00
2140273.2,4707025.5,101420,2006-08-13 00:00:00,2006-08-13 00:00:00
2148612.8,4706562.5,101421,2007-08-19 00:00:00,2007-08-20 00:00:00
2155562.5,4707025.5,101422,2006-08-11 00:00:00,2006-08-12 00:00:00
2147223.0,4704709.0,101423,2007-08-22 00:00:00,2007-08-22 00:00:00
2168535.2,4707025.5,101424,2011-09-21 00:00:00,2011-09-21 00:00:00
2175948.2,4706562.5,101425,2008-08-14 00:00:00,2008-08-14 00:00:00
2189384.2,4705636.0,101426,2002-08-30 00:00:00,2002-09-06 00:00:00
2190774.2,4707025.5,101427,2006-08-01 00:00:00,2006-08-01 00:00:00
2016568.6,4706562.5,101435,2015-03-31 00:00:00,2015-04-06 00:00:00
2017495.2,4706562.5,101436,2018-10-02 00:00:00,2018-10-02 00:00:00
2052707.0,4706562.5,101437,2001-08-11 00:00:00,2001-08-13 00:00:00
2053170.2,4706562.5,101438,2001-08-19 00:00:00,2001-08-19 00:00:00
2099501.8,4705172.5,101439,2001-07-31 00:00:00,2001-08-03 00:00:00
2112937.8,4706099.0,101440,2001-08-03 00:00:00,2001-08-03 00:00:00
2115717.5,4706099.0,101441,2001-07-31 00:00:00,2001-08-05 00:00:00
2115717.5,4706562.5,101442,2006-11-02 00:00:00,2006-11-07 00:00:00
2116181.0,4706562.5,101443,2022-10-08 00:00:00,2022-10-08 00:00:00
2117570.8,4706099.0,101444,2022-10-10 00:00:00,2022-10-24 00:00:00
2119424.0,4706562.5,101445,2022-10-31 00:00:00,2022-11-03 00:00:00
2125910.5,4706562.5,101446,2006-08-03 00:00:00,2006-08-03 00:00:00
2127763.8,4704709.0,101447,2007-07-18 00:00:00,2007-07-20 00:00:00
2132396.8,4706562.5,101448,2006-08-02 00:00:00,2006-08-04 00:00:00
2135176.8,4704709.0,101449,2001-07-04 00:00:00,2001-07-13 00:00:00
2134713.5,4706562.5,101450,2005-08-03 00:00:00,2005-08-03 00:00:00
2137493.2,4705636.0,101451,2001-08-01 00:00:00,2001-08-03 00:00:00
2137030.0,4706562.5,101452,2009-08-08 00:00:00,2009-08-08 00:00:00
2137493.2,4706562.5,101453,2005-08-13 00:00:00,2005-08-13 00:00:00
2141199.8,4706562.5,101454,2004-07-19 00:00:00,2004-07-19 00:00:00
2143516.5,4706562.5,101455,2006-07-24 00:00:00,2006-07-24 00:00:00
2144443.0,4706562.5,101456,2004-08-02 00:00:00,2004-08-09 00:00:00
2152782.8,4706562.5,101457,2008-08-11 00:00:00,2008-08-11 00:00:00
2155099.2,4706562.5,101458,2008-08-06 00:00:00,2008-08-06 00:00:00
2156489.2,4704246.0,101459,2008-08-06 00:00:00,2008-08-20 00:00:00
2162049.0,4706099.0,101460,2008-08-14 00:00:00,2008-08-14 00:00:00
2161122.2,4703782.5,101461,2008-07-31 00:00:00,2008-07-31 00:00:00
2176875.0,4703319.0,101462,2001-08-01 00:00:00,2001-08-08 00:00:00
2175021.8,4706099.0,101463,2006-08-13 00:00:00,2006-08-13 00:00:00
2188457.8,4705636.0,101464,2001-08-16 00:00:00,2001-08-19 00:00:00
2190311.0,4706562.5,101465,2002-08-27 00:00:00,2002-08-27 00:00:00
2190311.0,4706562.5,101466,2006-08-10 00:00:00,2006-08-10 00:00:00
2194017.5,4706562.5,101467,2006-08-02 00:00:00,2006-08-02 00:00:00
2032321.2,4706099.0,101471,2001-08-30 00:00:00,2001-08-30 00:00:00
2041124.1,4705172.5,101472,2003-06-09 00:00:00,2003-06-18 00:00:00
2022128.4,4705172.5,101473,2013-10-02 00:00:00,2013-10-10 00:00:00
2049927.1,4705636.0,101474,2011-07-31 00:00:00,2011-07-31 00:00:00
2049463.8,4706099.0,101475,2020-05-10 00:00:00,2020-05-10 00:00:00
2051780.4,4706099.0,101476,2001-08-12 00:00:00,2001-08-12 00:00:00
2116181.0,4705636.0,101477,2018-10-21 00:00:00,2018-10-21 00:00:00
2117107.5,4705636.0,101478,2018-10-13 00:00:00,2018-10-13 00:00:00
2118497.5,4706099.0,101479,2019-02-20 00:00:00,2019-02-20 00:00:00
2118960.8,4706099.0,101480,2022-10-16 00:00:00,2022-10-18 00:00:00
2122667.2,4706099.0,101481,2001-08-05 00:00:00,2001-08-05 00:00:00
2131933.5,4705172.5,101482,2005-08-14 00:00:00,2005-08-20 00:00:00
2136566.8,4706099.0,101483,2006-08-13 00:00:00,2006-08-13 00:00:00
2137493.2,4706099.0,101484,2005-08-20 00:00:00,2005-08-20 00:00:00
2138420.0,4706099.0,101485,2001-08-03 00:00:00,2001-08-03 00:00:00
2140736.5,4705636.0,101486,2006-08-02 00:00:00,2006-08-11 00:00:00
2140736.5,4706099.0,101487,2006-08-11 00:00:00,2006-08-11 00:00:00
2177338.2,4706099.0,101488,2006-08-11 00:00:00,2006-08-11 00:00:00
2178264.8,4702856.0,101489,2006-07-28 00:00:00,2006-08-04 00:00:00
2179654.8,4706099.0,101490,2006-08-13 00:00:00,2006-08-13 00:00:00
1995256.1,4704246.0,101496,2024-07-17 00:00:00,2024-07-24 00:00:00
2015178.6,4703319.0,101497,2011-02-03 00:00:00,2011-02-05 00:00:00
2057340.1,4705636.0,101498,2004-08-04 00:00:00,2004-08-04 00:00:00
2057803.4,4705636.0,101499,2004-08-11 00:00:00,2004-08-11 00:00:00
2118960.8,4705636.0,101500,2001-08-03 00:00:00,2001-08-03 00:00:00
2120350.8,4705636.0,101501,2022-10-10 00:00:00,2022-10-10 00:00:00
2121740.8,4704709.0,101502,2011-01-31 00:00:00,2011-02-05 00:00:00
2128690.2,4704246.0,101503,2002-08-21 00:00:00,2002-08-26 00:00:00
2126373.8,4705636.0,101504,2002-09-06 00:00:00,2002-09-06 00:00:00
2127300.5,4705636.0,101505,2006-08-12 00:00:00,2006-08-12 00:00:00
2127763.8,4705172.5,101506,2002-09-06 00:00:00,2002-09-06 00:00:00
2128227.0,4705636.0,101507,2021-06-22 00:00:00,2021-06-22 00:00:00
2129153.8,4705636.0,101508,2004-08-11 00:00:00,2004-08-14 00:00:00
2129617.0,4703782.5,101509,2006-08-10 00:00:00,2006-08-16 00:00:00
2129617.0,4705636.0,101510,2004-08-23 00:00:00,2004-08-23 00:00:00
2131470.2,4705172.5,101511,2021-06-09 00:00:00,2021-06-14 00:00:00
2134713.5,4705636.0,101512,2007-08-05 00:00:00,2007-08-05 00:00:00
2141199.8,4705172.5,101513,2007-08-05 00:00:00,2007-08-05 00:00:00
2146296.2,4705636.0,101514,2006-08-04 00:00:00,2006-08-04 00:00:00
2147686.2,4705636.0,101515,2006-08-11 00:00:00,2006-08-11 00:00:00
2160659.0,4705636.0,101516,2008-08-07 00:00:00,2008-08-11 00:00:00
2162049.0,4704246.0,101517,2008-08-25 00:00:00,2008-08-27 00:00:00
2215329.8,4704709.0,101518,2023-08-16 00:00:00,2023-08-21 00:00:00
2007302.4,4705172.5,101521,2006-09-15 00:00:00,2006-09-15 00:00:00
2059193.4,4704246.0,101522,2004-08-06 00:00:00,2004-08-11 00:00:00
2115717.5,4705172.5,101523,2008-02-12 00:00:00,2008-02-16 00:00:00
2117570.8,4705172.5,101524,2008-02-24 00:00:00,2008-02-24 00:00:00
2121277.2,4705172.5,101525,2001-08-03 00:00:00,2001-08-03 00:00:00
2122204.0,4705172.5,101526,2001-07-31 00:00:00,2001-08-05 00:00:00
2127300.5,4705172.5,101527,2001-08-03 00:00:00,2001-08-03 00:00:00
2130543.5,4705172.5,101528,2006-08-03 00:00:00,2006-08-04 00:00:00
2137493.2,4704709.0,101529,2006-08-03 00:00:00,2006-08-04 00:00:00
2138420.0,4705172.5,101530,2001-07-04 00:00:00,2001-07-04 00:00:00
2146296.2,4705172.5,101531,2006-07-19 00:00:00,2006-07-19 00:00:00
2146759.5,4705172.5,101532,2006-08-12 00:00:00,2006-08-12 00:00:00
2157415.8,4704246.0,101533,2006-08-04 00:00:00,2006-08-08 00:00:00
2156952.5,4703319.0,101534,2001-07-03 00:00:00,2001-07-11 00:00:00
2176875.0,4705172.5,101535,2006-08-11 00:00:00,2006-08-11 00:00:00
2178264.8,4705172.5,101536,2006-08-11 00:00:00,2006-08-11 00:00:00
2179191.5,4703782.5,101537,2006-08-09 00:00:00,2006-08-15 00:00:00
2188457.8,4705172.5,101538,2002-08-30 00:00:00,2002-08-30 00:00:00
2014715.4,4702856.0,101547,2008-02-14 00:00:00,2008-02-20 00:00:00
2057803.4,4703319.0,101548,2001-07-31 00:00:00,2001-08-03 00:00:00
2057803.4,4704709.0,101549,2001-08-20 00:00:00,2001-08-20 00:00:00
2061046.6,4704709.0,101550,2004-07-31 00:00:00,2004-07-31 00:00:00
2105061.5,4704246.0,101551,2001-08-10 00:00:00,2001-08-10 00:00:00
2117570.8,4704709.0,101552,2001-08-05 00:00:00,2001-08-07 00:00:00
2128227.0,4704709.0,101553,2007-06-06 00:00:00,2007-06-06 00:00:00
2134250.0,4704246.0,101554,2007-08-03 00:00:00,2007-08-03 00:00:00
2138420.0,4704709.0,101555,2001-07-11 00:00:00,2001-07-11 00:00:00
2138883.2,4704246.0,101556,2016-08-13 00:00:00,2016-08-14 00:00:00
2139346.5,4704709.0,101557,2001-07-04 00:00:00,2001-07-04 00:00:00
2148149.5,4704709.0,101558,2006-07-21 00:00:00,2006-07-21 00:00:00
2149076.2,4704709.0,101559,2007-08-21 00:00:00,2007-08-22 00:00:00
2152782.8,4703782.5,101560,2001-07-05 00:00:00,2001-07-08 00:00:00
2187531.0,4704709.0,101561,2002-08-27 00:00:00,2002-08-27 00:00:00
1997572.8,4704246.0,101569,2024-07-23 00:00:00,2024-07-23 00:00:00
2015642.0,4702856.0,101570,2008-02-07 00:00:00,2008-02-09 00:00:00
2057340.1,4703782.5,101571,2001-07-03 00:00:00,2001-07-03 00:00:00
2060583.2,4704246.0,101572,2004-08-06 00:00:00,2004-08-06 00:00:00
2090235.2,4704246.0,101573,2001-08-21 00:00:00,2001-08-23 00:00:00
2117570.8,4704246.0,101574,2006-08-18 00:00:00,2006-08-18 00:00:00
2119887.5,4704246.0,101575,2006-07-20 00:00:00,2006-07-20 00:00:00
2127300.5,4704246.0,101576,2002-09-05 00:00:00,2002-09-05 00:00:00
2129153.8,4703782.5,101577,2007-07-06 00:00:00,2007-07-18 00:00:00
2136566.8,4703782.5,101578,2007-07-14 00:00:00,2007-07-19 00:00:00
2139346.5,4703319.0,101579,2001-07-04 00:00:00,2001-07-08 00:00:00
2157879.0,4703319.0,101580,2011-09-09 00:00:00,2011-09-11 00:00:00
2162049.0,4704246.0,101581,2001-08-18 00:00:00,2001-08-18 00:00:00
2165292.0,4702856.0,101582,2018-08-09 00:00:00,2018-08-18 00:00:00
2175021.8,4703782.5,101583,2002-08-16 00:00:00,2002-08-22 00:00:00
2179654.8,4704246.0,101584,2011-08-31 00:00:00,2011-08-31 00:00:00
2184288.0,4704246.0,101585,2010-11-04 00:00:00,2010-11-09 00:00:00
1997109.4,4703782.5,101593,2008-02-07 00:00:00,2008-02-07 00:00:00
1996646.1,4702856.0,101594,2008-02-13 00:00:00,2008-02-17 00:00:00
2012862.1,4703319.0,101595,2020-10-06 00:00:00,2020-10-13 00:00:00
2033247.9,4703319.0,101596,2001-09-02 00:00:00,2001-09-02 00:00:00
2056413.5,4703782.5,101597,2001-07-03 00:00:00,2001-07-03 00:00:00
2112011.0,4703782.5,101598,2001-09-10 00:00:00,2001-09-10 00:00:00
2117570.8,4703782.5,101599,2006-07-31 00:00:00,2006-07-31 00:00:00
2125910.5,4703782.5,101600,2002-08-17 00:00:00,2002-08-17 00:00:00
2126373.8,4703782.5,101601,2006-07-31 00:00:00,2006-07-31 00:00:00
2127763.8,4703782.5,101602,2002-08-30 00:00:00,2002-08-30 00:00:00
2136103.2,4703319.0,101603,2016-08-05 00:00:00,2016-08-12 00:00:00
2136566.8,4702856.0,101604,2001-07-16 00:00:00,2001-07-21 00:00:00
2137493.2,4703782.5,101605,2019-08-04 00:00:00,2019-08-04 00:00:00
2137956.5,4703319.0,101606,2005-08-31 00:00:00,2005-09-03 00:00:00
2150466.0,4702856.0,101607,2001-07-31 00:00:00,2001-08-02 00:00:00
2160659.0,4703782.5,101608,2008-08-10 00:00:00,2008-08-10 00:00:00
2161585.5,4702392.5,101609,2011-09-09 00:00:00,2011-09-12 00:00:00
2165755.5,4703782.5,101610,2018-08-03 00:00:00,2018-08-03 00:00:00
2166218.8,4703782.5,101611,2018-08-19 00:00:00,2018-08-24 00:00:00
2175021.8,4703319.0,101612,2006-08-11 00:00:00,2006-08-13 00:00:00
2013325.4,4702392.5,101621,2017-09-26 00:00:00,2017-09-30 00:00:00
2013788.8,4701929.5,101622,2020-09-28 00:00:00,2020-10-06 00:00:00
2029541.4,4702392.5,101623,2008-02-13 00:00:00,2008-02-16 00:00:00
2035564.4,4702856.0,101624,2001-08-28 00:00:00,2001-09-02 00:00:00
2061973.2,4703319.0,101625,2001-08-10 00:00:00,2001-08-10 00:00:00
2112937.8,4703319.0,101626,2001-08-21 00:00:00,2001-08-23 00:00:00
2119887.5,4702392.5,101627,2006-07-24 00:00:00,2006-07-31 00:00:00
2126373.8,4700076.0,101628,2001-07-27 00:00:00,2001-08-08 00:00:00
2129153.8,4703319.0,101629,2002-08-30 00:00:00,2002-08-30 00:00:00
2137956.5,4703319.0,101630,2008-08-11 00:00:00,2008-08-11 00:00:00
2156025.8,4702856.0,101631,2012-08-05 00:00:00,2012-08-05 00:00:00
2155562.5,4702856.0,101632,2016-08-24 00:00:00,2016-08-29 00:00:00
2167145.2,4703319.0,101633,2004-07-21 00:00:00,2004-07-21 00:00:00
2167145.2,4703319.0,101634,2018-08-15 00:00:00,2018-08-15 00:00:00
2169925.2,4703319.0,101635,2001-08-10 00:00:00,2001-08-10 00:00:00
2177338.2,4702856.0,101636,2006-08-12 00:00:00,2006-08-12 00:00:00
2195407.5,4703319.0,101637,2006-08-04 00:00:00,2006-08-04 00:00:00
2004522.4,4701929.5,101643,2008-02-07 00:00:00,2008-02-12 00:00:00
2006375.8,4701466.0,101644,2008-02-13 00:00:00,2008-02-13 00:00:00
2014252.0,4701929.5,101645,2015-10-31 00:00:00,2015-11-03 00:00:00
2045294.0,4702856.0,101646,2001-07-31 00:00:00,2001-08-03 00:00:00
2088382.0,4702856.0,101647,2001-08-21 00:00:00,2001-08-23 00:00:00
2090235.2,4702856.0,101648,2001-08-19 00:00:00,2001-08-19 00:00:00
2092551.9,4702856.0,101649,2001-08-13 00:00:00,2001-08-13 00:00:00
2099038.2,4702856.0,101650,2001-08-03 00:00:00,2001-08-03 00:00:00
2119887.5,4701929.5,101651,2007-07-16 00:00:00,2007-07-20 00:00:00
2163902.2,4702856.0,101652,2001-07-11 00:00:00,2001-07-11 00:00:00
2192627.5,4702856.0,101653,2011-02-02 00:00:00,2011-02-02 00:00:00
2194480.8,4702392.5,101654,2011-02-02 00:00:00,2011-02-03 00:00:00
2023981.6,4701929.5,101661,2003-03-10 00:00:00,2003-03-13 00:00:00
2059193.4,4702392.5,101662,2006-07-31 00:00:00,2006-08-04 00:00:00
2061509.9,4701466.0,101663,2001-08-06 00:00:00,2001-08-15 00:00:00
2115717.5,4702392.5,101664,2003-08-05 00:00:00,2003-08-05 00:00:00
2125447.2,4701929.5,101665,2006-07-31 00:00:00,2006-08-04 00:00:00
2127763.8,4702392.5,101666,2002-08-17 00:00:00,2002-08-22 00:00:00
2128690.2,4702392.5,101667,2007-06-22 00:00:00,2007-06-22 00:00:00
2136103.2,4701466.0,101668,2019-07-31 00:00:00,2019-08-06 00:00:00
2156952.5,4702392.5,101669,2008-08-11 00:00:00,2008-08-11 00:00:00
2175021.8,4701929.5,101670,2001-08-23 00:00:00,2001-08-28 00:00:00
2176411.5,4698686.0,101671,2001-08-13 00:00:00,2001-08-29 00:00:00
2169462.0,4701466.0,101672,2001-09-08 00:00:00,2001-09-08 00:00:00
2010545.5,4701929.5,101678,2008-02-12 00:00:00,2008-02-16 00:00:00
2024444.9,4701466.0,101679,2015-03-31 00:00:00,2015-04-03 00:00:00
2029541.4,4701929.5,101680,2008-01-27 00:00:00,2008-01-27 00:00:00
2038807.6,4701929.5,101681,2001-08-25 00:00:00,2001-08-25 00:00:00
2068459.6,4701929.5,101682,2004-08-30 00:00:00,2004-08-30 00:00:00
2090698.6,4701929.5,101683,2001-09-12 00:00:00,2001-09-12 00:00:00
2107378.0,4701466.0,101684,2020-10-06 00:00:00,2020-10-10 00:00:00
2101355.0,4701002.5,101685,2002-09-26 00:00:00,2002-09-26 00:00:00
2121740.8,4701929.5,101686,2006-08-01 00:00:00,2006-08-10 00:00:00
2126373.8,4701929.5,101687,2004-08-06 00:00:00,2004-08-06 00:00:00
2137956.5,4701929.5,101688,2008-08-01 00:00:00,2008-08-01 00:00:00
2139346.5,4701466.0,101689,2016-08-25 00:00:00,2016-08-27 00:00:00
2142589.8,4700076.0,101690,2019-09-10 00:00:00,2019-09-14 00:00:00
2166218.8,4701929.5,101691,2001-07-04 00:00:00,2001-07-04 00:00:00
2221353.0,4700539.5,101692,2016-09-03 00:00:00,2016-09-08 00:00:00
2061046.6,4700076.0,101705,2006-07-30 00:00:00,2006-08-02 00:00:00
2061973.2,4701466.0,101706,2012-10-07 00:00:00,2012-10-07 00:00:00
2085602.1,4700539.5,101707,2016-07-31 00:00:00,2016-08-05 00:00:00
2103671.5,4701466.0,101708,2002-08-21 00:00:00,2002-08-21 00:00:00
2120350.8,4701002.5,101709,2001-07-31 00:00:00,2001-08-08 00:00:00
2129153.8,4701466.0,101710,2002-08-19 00:00:00,2002-08-19 00:00:00
2136566.8,4701466.0,101711,2008-08-19 00:00:00,2008-08-19 00:00:00
2158805.8,4701466.0,101712,2001-07-05 00:00:00,2001-07-05 00:00:00
2166218.8,4701466.0,101713,2006-07-21 00:00:00,2006-07-23 00:00:00
2169925.2,4701466.0,101714,2001-09-02 00:00:00,2001-09-02 00:00:00
2177338.2,4701002.5,101715,2001-09-04 00:00:00,2001-09-06 00:00:00
1996182.8,4699149.5,101725,2011-02-01 00:00:00,2011-02-05 00:00:00
2015178.6,4701002.5,101726,2020-10-13 00:00:00,2020-10-13 00:00:00
2023518.2,4696833.0,101727,2015-03-31 00:00:00,2015-04-12 00:00:00
2041587.5,4701002.5,101728,2002-10-08 00:00:00,2002-10-08 00:00:00
2057340.1,4699612.5,101729,2004-08-14 00:00:00,2004-08-17 00:00:00
2058730.0,4701002.5,101730,2001-08-16 00:00:00,2001-08-22 00:00:00
2086528.8,4701002.5,101731,2001-08-28 00:00:00,2001-08-28 00:00:00
2096258.4,4700539.5,101732,2002-08-21 00:00:00,2002-08-30 00:00:00
2098111.8,4700539.5,101733,2005-08-29 00:00:00,2005-08-29 00:00:00
2120350.8,4700539.5,101734,2004-08-16 00:00:00,2004-08-16 00:00:00
2121277.2,4701002.5,101735,2004-08-18 00:00:00,2004-08-23 00:00:00
2120814.0,4701002.5,101736,2006-07-21 00:00:00,2006-07-26 00:00:00
2136566.8,4700076.0,101737,2007-07-18 00:00:00,2007-07-22 00:00:00
2142126.5,4700539.5,101738,2016-09-13 00:00:00,2016-09-16 00:00:00
2137956.5,4699149.5,101739,2008-08-18 00:00:00,2008-08-20 00:00:00
2175485.0,4700539.5,101740,2001-09-12 00:00:00,2001-09-13 00:00:00
2175948.2,4701002.5,101741,2001-09-06 00:00:00,2001-09-06 00:00:00
2219036.2,4700076.0,101742,2016-09-15 00:00:00,2016-09-18 00:00:00
1990623.0,4700076.0,101750,2023-07-26 00:00:00,2023-07-28 00:00:00
2056876.8,4700076.0,101751,2007-07-17 00:00:00,2007-07-22 00:00:00
2057803.4,4700539.5,101752,2001-07-04 00:00:00,2001-07-04 00:00:00
2057803.4,4699612.5,101753,2004-08-24 00:00:00,2004-08-29 00:00:00
2072166.1,4699149.5,101754,2003-08-31 00:00:00,2003-09-04 00:00:00
2073556.0,4700076.0,101755,2003-08-31 00:00:00,2003-09-01 00:00:00
2086528.8,4699612.5,101756,2001-08-08 00:00:00,2001-08-12 00:00:00
2096721.6,4700539.5,101757,2005-08-22 00:00:00,2005-08-22 00:00:00
2102281.5,4698223.0,101758,2002-09-05 00:00:00,2002-09-17 00:00:00
2110621.2,4698686.0,101759,2001-07-04 00:00:00,2001-07-10 00:00:00
2125910.5,4700076.0,101760,2003-08-03 00:00:00,2003-08-03 00:00:00
2131470.2,4699149.5,101761,2002-08-14 00:00:00,2002-08-22 00:00:00
2136566.8,4700076.0,101762,2017-09-05 00:00:00,2017-09-09 00:00:00
2137030.0,4700539.5,101763,2005-08-21 00:00:00,2005-08-21 00:00:00
2163438.8,4699612.5,101764,2006-08-06 00:00:00,2006-08-08 00:00:00
2175021.8,4700539.5,101765,2001-09-03 00:00:00,2001-09-03 00:00:00
2199114.0,4700539.5,101766,2001-08-09 00:00:00,2001-08-09 00:00:00
2218573.0,4700539.5,101767,2016-09-06 00:00:00,2016-09-09 00:00:00
2219499.8,4700539.5,101768,2016-09-02 00:00:00,2016-09-02 00:00:00
2017495.2,4698686.0,101780,2022-03-17 00:00:00,2022-03-23 00:00:00
2016105.2,4699149.5,101781,2011-02-03 00:00:00,2011-02-05 00:00:00
2026298.1,4695906.0,101782,2022-03-12 00:00:00,2022-03-26 00:00:00
2024908.2,4699612.5,101783,2015-11-04 00:00:00,2015-11-04 00:00:00
2032321.2,4700076.0,101784,2008-08-02 00:00:00,2008-08-02 00:00:00
2054096.9,4700076.0,101785,2004-08-30 00:00:00,2004-08-30 00:00:00
2059656.6,4700076.0,101786,2001-08-28 00:00:00,2001-08-30 00:00:00
2086528.8,4700076.0,101787,2001-08-21 00:00:00,2001-08-21 00:00:00
2105061.5,4699149.5,101788,2002-08-19 00:00:00,2002-08-29 00:00:00
2105988.0,4700076.0,101789,2005-08-19 00:00:00,2005-08-22 00:00:00
2120350.8,4699149.5,101790,2007-07-31 00:00:00,2007-08-02 00:00:00
2124520.5,4700076.0,101791,2003-08-03 00:00:00,2003-08-03 00:00:00
2124983.8,4699149.5,101792,2010-10-01 00:00:00,2010-10-05 00:00:00
2125447.2,4700076.0,101793,2011-09-03 00:00:00,2011-09-03 00:00:00
2129617.0,4699612.5,101794,2021-06-10 00:00:00,2021-06-16 00:00:00
2163902.2,4700076.0,101795,2006-09-15 00:00:00,2006-09-30 00:00:00
2170388.5,4700076.0,101796,2001-09-11 00:00:00,2001-09-14 00:00:00
2183824.5,4700076.0,101797,2009-08-18 00:00:00,2009-08-18 00:00:00
2194944.0,4700076.0,101798,2011-10-25 00:00:00,2011-10-25 00:00:00
2199114.0,4698686.0,101799,2001-08-08 00:00:00,2001-08-15 00:00:00
1985989.9,4697759.5,101803,2008-08-18 00:00:00,2008-08-22 00:00:00
1999889.2,4699149.5,101804,2008-02-13 00:00:00,2008-02-17 00:00:00
2016105.2,4699612.5,101805,2020-10-29 00:00:00,2020-10-30 00:00:00
1985526.6,4698686.0,101806,2008-09-01 00:00:00,2008-09-01 00:00:00
2024444.9,4699612.5,101807,2003-03-14 00:00:00,2003-03-14 00:00:00
2025371.5,4699612.5,101808,2021-06-19 00:00:00,2021-06-19 00:00:00
2028151.4,4699612.5,101809,2015-04-06 00:00:00,2015-04-06 00:00:00
2060120.0,4699612.5,101810,2004-08-16 00:00:00,2004-08-16 00:00:00
2066143.0,4699612.5,101811,2008-07-31 00:00:00,2008-07-31 00:00:00
2071239.5,4699612.5,101812,2003-09-06 00:00:00,2003-09-06 00:00:00
2080969.0,4697759.5,101813,2014-08-06 00:00:00,2014-08-12 00:00:00
2088382.0,4699612.5,101814,2001-08-18 00:00:00,2001-08-18 00:00:00
2092088.5,4699149.5,101815,2001-09-08 00:00:00,2001-09-13 00:00:00
2118497.5,4699612.5,101816,2004-08-12 00:00:00,2004-08-12 00:00:00
2118960.8,4699612.5,101817,2004-08-19 00:00:00,2004-08-19 00:00:00
2124520.5,4699149.5,101818,2003-08-12 00:00:00,2003-08-12 00:00:00
2126373.8,4698686.0,101819,2001-07-04 00:00:00,2001-07-04 00:00:00
2125910.5,4699612.5,101820,2010-10-15 00:00:00,2010-10-15 00:00:00
2128227.0,4699149.5,101821,2001-07-04 00:00:00,2001-07-13 00:00:00
2134713.5,4699612.5,101822,2007-07-05 00:00:00,2007-07-05 00:00:00
2134713.5,4699149.5,101823,2007-07-18 00:00:00,2007-07-20 00:00:00
2136566.8,4698686.0,101824,2005-08-14 00:00:00,2005-08-17 00:00:00
2138420.0,4699612.5,101825,2005-08-03 00:00:00,2005-08-03 00:00:00
2154636.0,4699612.5,101826,2005-07-31 00:00:00,2005-07-31 00:00:00
2179191.5,4699612.5,101827,2016-11-01 00:00:00,2016-11-05 00:00:00
1981356.8,4697759.5,101832,2008-02-20 00:00:00,2008-02-22 00:00:00
2012398.8,4698686.0,101833,2011-02-05 00:00:00,2011-02-07 00:00:00
2027224.8,4698686.0,101834,2008-02-13 00:00:00,2008-02-20 00:00:00
2056413.5,4698223.0,101835,2001-08-07 00:00:00,2001-08-16 00:00:00
2065216.4,4696833.0,101836,2008-07-30 00:00:00,2008-08-11 00:00:00
2066606.4,4698223.0,101837,2002-08-18 00:00:00,2002-08-23 00:00:00
2077262.5,4699149.5,101838,2001-08-21 00:00:00,2001-08-21 00:00:00
2121277.2,4698223.0,101839,2008-09-03 00:00:00,2008-09-08 00:00:00
2124983.8,4699149.5,101840,2019-09-16 00:00:00,2019-09-20 00:00:00
2127300.5,4699149.5,101841,2008-07-31 00:00:00,2008-07-31 00:00:00
2128690.2,4699149.5,101842,2001-07-31 00:00:00,2001-08-03 00:00:00
2131007.0,4699149.5,101843,2021-06-22 00:00:00,2021-06-22 00:00:00
2137956.5,4698686.0,101844,2005-08-17 00:00:00,2005-08-17 00:00:00
2196334.0,4699149.5,101845,2011-09-20 00:00:00,2011-09-20 00:00:00
2221353.0,4698223.0,101847,2007-08-07 00:00:00,2007-08-08 00:00:00
1980893.5,4698686.0,101854,2008-02-05 00:00:00,2008-02-06 00:00:00
2028151.4,4696369.5,101855,2011-02-03 00:00:00,2011-02-05 00:00:00
2055486.9,4698686.0,101856,2001-08-27 00:00:00,2001-08-27 00:00:00
2057340.1,4698686.0,101857,2004-08-05 00:00:00,2004-08-05 00:00:00
2059656.6,4698223.0,101858,2001-09-02 00:00:00,2001-09-08 00:00:00
2072629.4,4696369.5,101859,2007-01-05 00:00:00,2007-01-13 00:00:00
2073092.8,4698223.0,101860,2002-08-25 00:00:00,2002-08-28 00:00:00
2075409.2,4698686.0,101861,2001-08-28 00:00:00,2001-09-01 00:00:00
2085138.9,4698686.0,101862,2001-08-07 00:00:00,2001-08-07 00:00:00
2095795.0,4698686.0,101863,2006-07-19 00:00:00,2006-07-21 00:00:00
2108304.5,4698686.0,101864,2005-08-28 00:00:00,2005-08-28 00:00:00
2125910.5,4698686.0,101865,2008-07-30 00:00:00,2008-07-30 00:00:00
2156952.5,4698686.0,101866,2001-08-28 00:00:00,2001-08-28 00:00:00
2159732.2,4697296.0,101867,2001-08-29 00:00:00,2001-09-02 00:00:00
2182898.0,4698686.0,101868,2001-08-14 00:00:00,2001-08-18 00:00:00
2194944.0,4698686.0,101869,2011-09-25 00:00:00,2011-09-30 00:00:00
1980430.1,4698223.0,101883,2008-02-13 00:00:00,2008-02-13 00:00:00
2000352.6,4698223.0,101884,2008-02-16 00:00:00,2008-02-16 00:00:00
2008692.2,4694979.5,101885,2011-02-04 00:00:00,2011-02-05 00:00:00
2019811.8,4695906.0,101886,2011-02-02 00:00:00,2011-02-06 00:00:00
2036491.0,4697296.0,101887,2011-02-05 00:00:00,2011-02-06 00:00:00
2038807.6,4697296.0,101888,2019-09-20 00:00:00,2019-09-26 00:00:00
2059656.6,4697759.5,101889,2001-07-04 00:00:00,2001-07-05 00:00:00
2059656.6,4697759.5,101890,2001-08-21 00:00:00,2001-08-26 00:00:00
2076799.2,4698223.0,101891,2001-09-01 00:00:00,2001-09-06 00:00:00
2093478.5,4697759.5,101892,2002-09-06 00:00:00,2002-09-08 00:00:00
2097185.0,4698223.0,101893,2006-07-21 00:00:00,2006-07-21 00:00:00
2102281.5,4698223.0,101894,2001-08-09 00:00:00,2001-08-09 00:00:00
2102744.8,4698223.0,101895,2002-09-18 00:00:00,2002-09-18 00:00:00
2120350.8,4698223.0,101896,2019-06-16 00:00:00,2019-06-16 00:00:00
2126373.8,4697759.5,101897,2021-06-13 00:00:00,2021-06-22 00:00:00
2136566.8,4697759.5,101898,2008-08-10 00:00:00,2008-08-10 00:00:00
2153246.0,4695443.0,101899,2001-08-04 00:00:00,2001-08-13 00:00:00
2194480.8,4698223.0,101900,2013-07-12 00:00:00,2013-07-12 00:00:00
1985063.2,4697759.5,101908,2008-09-04 00:00:00,2008-09-04 00:00:00
2006839.0,4697296.0,101909,2008-02-07 00:00:00,2008-02-17 00:00:00
2057803.4,4697759.5,101910,2001-07-04 00:00:00,2001-07-04 00:00:00
2059193.4,4697759.5,101911,2001-08-27 00:00:00,2001-08-27 00:00:00
2074482.6,4697296.0,101912,2004-08-06 00:00:00,2004-08-12 00:00:00
2094868.4,4697759.5,101913,2002-09-13 00:00:00,2002-09-17 00:00:00
2104134.8,4697759.5,101914,2002-09-17 00:00:00,2002-09-17 00:00:00
2106914.8,4697759.5,101915,2002-08-30 00:00:00,2002-08-30 00:00:00
2112011.0,4697759.5,101916,2001-07-04 00:00:00,2001-07-04 00:00:00
2125910.5,4696833.0,101917,2006-07-31 00:00:00,2006-07-31 00:00:00
2126837.0,4697759.5,101918,2008-07-31 00:00:00,2008-07-31 00:00:00
2127763.8,4697759.5,101919,2006-07-28 00:00:00,2006-07-28 00:00:00
2133786.8,4697759.5,101920,2021-06-16 00:00:00,2021-06-16 00:00:00
2158342.5,4697759.5,101921,2001-09-01 00:00:00,2001-09-01 00:00:00
2179654.8,4697296.0,101922,2001-08-05 00:00:00,2001-08-07 00:00:00
2195870.8,4696833.0,101923,2011-09-30 00:00:00,2011-09-30 00:00:00
1987379.9,4696833.0,101926,2008-08-29 00:00:00,2008-08-30 00:00:00
1999426.0,4697296.0,101927,2007-01-06 00:00:00,2007-01-12 00:00:00
2022128.4,4697296.0,101928,2018-09-25 00:00:00,2018-09-29 00:00:00
2024444.9,4697296.0,101929,2022-04-02 00:00:00,2022-04-02 00:00:00
2029541.4,4697296.0,101930,2009-08-11 00:00:00,2009-08-11 00:00:00
2058266.8,4697296.0,101931,2019-08-08 00:00:00,2019-08-08 00:00:00
2063826.5,4697296.0,101932,2008-07-31 00:00:00,2008-07-31 00:00:00
2077725.9,4697296.0,101933,2001-08-24 00:00:00,2001-08-25 00:00:00
2100428.2,4696833.0,101934,2001-08-24 00:00:00,2001-08-29 00:00:00
2103671.5,4697296.0,101935,2001-08-13 00:00:00,2001-08-13 00:00:00
2118034.2,4696833.0,101936,2007-07-13 00:00:00,2007-07-20 00:00:00
2121740.8,4697296.0,101937,2007-06-20 00:00:00,2007-06-20 00:00:00
2122667.2,4696369.5,101938,2014-07-31 00:00:00,2014-08-12 00:00:00
2124057.2,4696369.5,101939,2006-07-26 00:00:00,2006-07-28 00:00:00
2126837.0,4697759.5,101940,2001-07-04 00:00:00,2001-07-05 00:00:00
2128227.0,4697296.0,101941,2001-08-03 00:00:00,2001-08-03 00:00:00
2186141.2,4697296.0,101942,2001-09-13 00:00:00,2001-09-13 00:00:00
1899350.5,4694979.5,101949,2012-08-07 00:00:00,2012-08-13 00:00:00
2004522.4,4696833.0,101951,2004-10-31 00:00:00,2004-10-31 00:00:00
2018885.1,4696833.0,101952,2012-03-13 00:00:00,2012-03-16 00:00:00
2018421.9,4693589.5,101953,2022-03-12 00:00:00,2022-03-22 00:00:00
2015642.0,4696369.5,101954,2015-10-31 00:00:00,2015-10-31 00:00:00
2055486.9,4696833.0,101955,2001-08-16 00:00:00,2001-08-16 00:00:00
2068922.9,4696833.0,101956,2002-08-11 00:00:00,2002-08-11 00:00:00
2072166.1,4696833.0,101957,2002-09-21 00:00:00,2002-09-21 00:00:00
2073556.0,4696369.5,101958,2002-09-25 00:00:00,2002-09-26 00:00:00
2075872.6,4696833.0,101959,2004-08-09 00:00:00,2004-08-12 00:00:00
2077725.9,4696833.0,101960,2014-08-12 00:00:00,2014-08-12 00:00:00
2082359.0,4696369.5,101961,2001-08-21 00:00:00,2001-08-21 00:00:00
2093478.5,4696833.0,101962,2004-08-04 00:00:00,2004-08-12 00:00:00
2106914.8,4696833.0,101963,2006-08-11 00:00:00,2006-08-12 00:00:00
2123130.5,4696369.5,101964,2007-07-16 00:00:00,2007-07-19 00:00:00
2122667.2,4696833.0,101965,2007-06-22 00:00:00,2007-06-22 00:00:00
2194017.5,4696833.0,101966,2006-08-13 00:00:00,2006-08-13 00:00:00
1984136.6,4696369.5,101970,2001-07-05 00:00:00,2001-07-05 00:00:00
2014715.4,4694053.0,101971,2011-02-03 00:00:00,2011-02-11 00:00:00
2014715.4,4695906.0,101972,2009-03-31 00:00:00,2009-04-08 00:00:00
2022128.4,4696369.5,101973,2015-04-10 00:00:00,2015-04-10 00:00:00
2023981.6,4695443.0,101974,2018-10-08 00:00:00,2018-10-21 00:00:00
2024908.2,4696369.5,101975,2015-03-30 00:00:00,2015-03-30 00:00:00
2060120.0,4694516.5,101976,2019-08-05 00:00:00,2019-08-11 00:00:00
2072629.4,4696369.5,101977,2002-09-14 00:00:00,2002-09-14 00:00:00
2077262.5,4696369.5,101978,2004-08-12 00:00:00,2004-08-12 00:00:00
2078189.1,4696369.5,101979,2001-08-03 00:00:00,2001-08-03 00:00:00
2123130.5,4696369.5,101980,2006-08-10 00:00:00,2006-08-10 00:00:00
2126837.0,4695443.0,101981,2008-08-11 00:00:00,2008-08-15 00:00:00
2130080.2,4695443.0,101982,2006-07-25 00:00:00,2006-07-30 00:00:00
2132860.2,4695443.0,101983,2008-08-31 00:00:00,2008-09-03 00:00:00
2142126.5,4695443.0,101984,2024-06-23 00:00:00,2024-06-25 00:00:00
2195407.5,4694053.0,101985,2006-08-06 00:00:00,2006-08-16 00:00:00
1982746.8,4695443.0,101994,2001-08-04 00:00:00,2001-08-05 00:00:00
2023981.6,4695906.0,101995,2015-04-10 00:00:00,2015-04-10 00:00:00
2041124.1,4695906.0,101996,2019-09-24 00:00:00,2019-09-24 00:00:00
2056413.5,4693589.5,101997,2011-02-03 00:00:00,2011-02-08 00:00:00
2095795.0,4695443.0,101998,2006-07-23 00:00:00,2006-07-26 00:00:00
2103671.5,4695906.0,101999,2004-09-12 00:00:00,2004-09-12 00:00:00
2110621.2,4695906.0,102000,2001-08-13 00:00:00,2001-08-13 00:00:00
2123594.0,4695906.0,102001,2014-07-26 00:00:00,2014-07-26 00:00:00
2125910.5,4695443.0,102002,2006-08-06 00:00:00,2006-08-16 00:00:00
2125447.2,4695443.0,102003,2006-07-31 00:00:00,2006-07-31 00:00:00
2128690.2,4694979.5,102004,2001-07-31 00:00:00,2001-08-07 00:00:00
2129153.8,4695906.0,102005,2006-07-31 00:00:00,2006-07-31 00:00:00
2135176.8,4695443.0,102006,2007-07-14 00:00:00,2007-07-14 00:00:00
2156025.8,4695443.0,102007,2007-08-24 00:00:00,2007-08-26 00:00:00
2182898.0,4695906.0,102008,2001-09-11 00:00:00,2001-09-11 00:00:00
2191237.5,4695906.0,102009,2001-07-05 00:00:00,2001-07-05 00:00:00
1982746.8,4695443.0,102013,2007-07-15 00:00:00,2007-07-15 00:00:00
1994792.9,4690346.5,102014,2011-02-01 00:00:00,2011-02-07 00:00:00
1997572.8,4695443.0,102015,2008-02-13 00:00:00,2008-02-14 00:00:00
2079115.8,4695443.0,102016,2001-08-03 00:00:00,2001-08-03 00:00:00
2091161.9,4695443.0,102017,2001-09-14 00:00:00,2001-09-14 00:00:00
2094405.1,4695443.0,102018,2006-07-24 00:00:00,2006-07-24 00:00:00
2095331.8,4695443.0,102019,2004-08-06 00:00:00,2004-08-06 00:00:00
2105061.5,4694979.5,102020,2001-08-09 00:00:00,2001-08-09 00:00:00
2111084.5,4695443.0,102021,2001-08-28 00:00:00,2001-08-28 00:00:00
2113864.2,4694516.5,102022,2001-08-17 00:00:00,2001-08-21 00:00:00
2115717.5,4695443.0,102023,2006-07-31 00:00:00,2006-08-07 00:00:00
2118497.5,4695443.0,102024,2006-07-24 00:00:00,2006-07-24 00:00:00
2121740.8,4695443.0,102025,2002-08-23 00:00:00,2002-08-24 00:00:00
2126837.0,4695443.0,102026,2006-07-26 00:00:00,2006-07-26 00:00:00
2137030.0,4694979.5,102027,2007-07-18 00:00:00,2007-07-21 00:00:00
2175485.0,4694053.0,102028,2016-11-05 00:00:00,2016-11-11 00:00:00
1982746.8,4694979.5,102030,2024-07-13 00:00:00,2024-07-15 00:00:00
1996646.1,4694053.0,102031,2008-02-20 00:00:00,2008-02-24 00:00:00
1997109.4,4694979.5,102032,2008-02-07 00:00:00,2008-02-07 00:00:00
2015178.6,4694979.5,102033,2013-11-02 00:00:00,2013-11-02 00:00:00
1993866.2,4692663.0,102034,2008-02-06 00:00:00,2008-02-07 00:00:00
2017958.5,4693589.5,102035,2008-02-13 00:00:00,2008-02-21 00:00:00
2015642.0,4694053.0,102036,2019-12-26 00:00:00,2020-01-01 00:00:00
2017031.9,4694979.5,102037,2012-11-02 00:00:00,2012-11-02 00:00:00
2017495.2,4694516.5,102038,2008-02-06 00:00:00,2008-02-06 00:00:00
2017958.5,4694516.5,102039,2015-10-24 00:00:00,2015-10-25 00:00:00
2024444.9,4694979.5,102040,2018-10-02 00:00:00,2018-10-04 00:00:00
2030468.0,4694979.5,102041,2008-02-13 00:00:00,2008-02-13 00:00:00
2039734.2,4693589.5,102042,2003-07-22 00:00:00,2003-07-29 00:00:00
2055023.5,4694979.5,102043,2008-11-20 00:00:00,2008-11-20 00:00:00
2085602.1,4694516.5,102044,2006-07-20 00:00:00,2006-07-26 00:00:00
2092088.5,4694979.5,102045,2001-09-13 00:00:00,2001-09-13 00:00:00
2117570.8,4694053.0,102046,2006-07-31 00:00:00,2006-08-01 00:00:00
2118497.5,4694979.5,102047,2006-08-07 00:00:00,2006-08-10 00:00:00
2125447.2,4694979.5,102048,2006-08-20 00:00:00,2006-08-20 00:00:00
2137956.5,4694979.5,102049,2001-06-23 00:00:00,2001-06-23 00:00:00
2189384.2,4694053.0,102050,2001-07-04 00:00:00,2001-07-08 00:00:00
2191701.0,4694516.5,102051,2001-07-14 00:00:00,2001-07-14 00:00:00
2195870.8,4694979.5,102052,2011-10-02 00:00:00,2011-10-02 00:00:00
2193554.2,4693126.5,102053,2001-08-01 00:00:00,2001-08-11 00:00:00
2198650.5,4694979.5,102054,2003-08-01 00:00:00,2003-08-03 00:00:00
1994329.5,4694516.5,102062,2008-02-06 00:00:00,2008-02-06 00:00:00
2016105.2,4694516.5,102063,2013-10-31 00:00:00,2013-10-31 00:00:00
2017495.2,4694516.5,102064,2008-02-29 00:00:00,2008-02-29 00:00:00
2017495.2,4694516.5,102065,2019-10-11 00:00:00,2019-10-11 00:00:00
2086065.5,4694516.5,102066,2006-07-30 00:00:00,2006-07-30 00:00:00
2117107.5,4694516.5,102067,2006-08-08 00:00:00,2006-08-08 00:00:00
2122667.2,4694516.5,102068,2002-08-21 00:00:00,2002-08-22 00:00:00
2128227.0,4694053.0,102069,2006-09-01 00:00:00,2006-09-04 00:00:00
2128227.0,4694516.5,102070,2021-06-17 00:00:00,2021-06-17 00:00:00
2137493.2,4693589.5,102071,2007-07-06 00:00:00,2007-07-11 00:00:00
2137956.5,4694053.0,102072,2001-07-29 00:00:00,2001-07-30 00:00:00
2162049.0,4694053.0,102073,2002-08-17 00:00:00,2002-08-21 00:00:00
2162975.5,4694053.0,102074,2002-08-20 00:00:00,2002-08-20 00:00:00
2171778.5,4693589.5,102075,2001-09-06 00:00:00,2001-09-14 00:00:00
2181044.8,4694053.0,102076,2006-08-01 00:00:00,2006-08-13 00:00:00
2183361.2,4694516.5,102077,2006-08-14 00:00:00,2006-08-14 00:00:00
1982283.4,4694053.0,102084,2001-08-03 00:00:00,2001-08-03 00:00:00
1984136.6,4693589.5,102085,2001-07-28 00:00:00,2001-08-03 00:00:00
1993866.2,4692199.5,102086,2008-02-13 00:00:00,2008-02-14 00:00:00
2017958.5,4694053.0,102087,2019-10-13 00:00:00,2019-10-20 00:00:00
2018421.9,4694053.0,102088,2012-11-02 00:00:00,2012-11-02 00:00:00
2018885.1,4694053.0,102089,2015-10-06 00:00:00,2015-10-06 00:00:00
2019348.5,4693589.5,102090,2015-10-29 00:00:00,2015-10-29 00:00:00
2050853.8,4694053.0,102091,2008-08-27 00:00:00,2008-08-29 00:00:00
2075872.6,4694053.0,102092,2006-07-28 00:00:00,2006-07-28 00:00:00
2081432.4,4694053.0,102093,2001-08-01 00:00:00,2001-08-01 00:00:00
2082822.2,4694053.0,102094,2011-08-05 00:00:00,2011-08-07 00:00:00
2090698.6,4694053.0,102095,2011-10-03 00:00:00,2011-10-05 00:00:00
2095795.0,4693589.5,102096,2001-07-31 00:00:00,2001-08-03 00:00:00
2112474.5,4694053.0,102097,2004-07-26 00:00:00,2004-07-26 00:00:00
2122204.0,4694053.0,102098,2002-08-28 00:00:00,2002-08-28 00:00:00
2128227.0,4693589.5,102099,2006-08-15 00:00:00,2006-08-21 00:00:00
2130080.2,4694053.0,102100,2001-08-03 00:00:00,2001-08-03 00:00:00
2130080.2,4694053.0,102101,2006-08-10 00:00:00,2006-08-10 00:00:00
2140736.5,4690346.5,102102,2001-07-03 00:00:00,2001-07-10 00:00:00
2137030.0,4692663.0,102103,2001-06-23 00:00:00,2001-06-23 00:00:00
2194480.8,4694053.0,102104,2006-08-17 00:00:00,2006-08-17 00:00:00
2219499.8,4694053.0,102105,2007-06-30 00:00:00,2007-06-30 00:00:00
2221816.2,4694053.0,102106,2012-09-21 00:00:00,2012-09-21 00:00:00
1990159.8,4692199.5,102112,2011-01-31 00:00:00,2011-02-04 00:00:00
1995719.5,4693589.5,102113,2023-01-05 00:00:00,2023-01-07 00:00:00
1997572.8,4693589.5,102114,2008-02-20 00:00:00,2008-02-22 00:00:00
2016105.2,4693589.5,102115,2013-11-03 00:00:00,2013-11-03 00:00:00
2017031.9,4693589.5,102116,2008-02-26 00:00:00,2008-03-01 00:00:00
2017031.9,4693589.5,102117,2015-10-25 00:00:00,2015-10-25 00:00:00
2017958.5,4693589.5,102118,2015-10-24 00:00:00,2015-10-24 00:00:00
2018885.1,4693589.5,102119,2015-11-04 00:00:00,2015-11-04 00:00:00
2081432.4,4693589.5,102120,2011-08-07 00:00:00,2011-08-07 00:00:00
2089772.0,4693126.5,102121,2001-08-24 00:00:00,2001-08-24 00:00:00
2092551.9,4693126.5,102122,2006-07-16 00:00:00,2006-07-28 00:00:00
2094405.1,4693589.5,102123,2004-08-12 00:00:00,2004-08-12 00:00:00
2105524.8,4693589.5,102124,2006-08-10 00:00:00,2006-08-10 00:00:00
2109231.2,4692663.0,102125,2001-08-01 00:00:00,2001-08-10 00:00:00
2118960.8,4693589.5,102126,2006-08-01 00:00:00,2006-08-08 00:00:00
2124983.8,4692663.0,102127,2004-02-02 00:00:00,2004-02-05 00:00:00
2126373.8,4693589.5,102128,2004-02-10 00:00:00,2004-02-10 00:00:00
2131007.0,4693589.5,102129,2001-08-03 00:00:00,2001-08-03 00:00:00
2137030.0,4693126.5,102130,2007-07-20 00:00:00,2007-07-21 00:00:00
2140273.2,4693589.5,102131,2001-06-23 00:00:00,2001-06-25 00:00:00
2191237.5,4693589.5,102132,2001-07-12 00:00:00,2001-07-13 00:00:00
2163438.8,4692663.0,102133,2002-08-20 00:00:00,2002-08-24 00:00:00
2194017.5,4693589.5,102134,2001-07-03 00:00:00,2001-07-03 00:00:00
1990159.8,4692199.5,102144,2008-02-13 00:00:00,2008-02-14 00:00:00
1995256.1,4693126.5,102145,2021-02-28 00:00:00,2021-02-28 00:00:00
1996182.8,4692199.5,102146,2016-12-08 00:00:00,2016-12-10 00:00:00
2017495.2,4693126.5,102147,2022-04-28 00:00:00,2022-04-28 00:00:00
2093941.8,4693126.5,102148,2006-07-28 00:00:00,2006-07-28 00:00:00
2109231.2,4692663.0,102149,2006-08-01 00:00:00,2006-08-06 00:00:00
2130080.2,4693126.5,102150,2001-08-03 00:00:00,2001-08-03 00:00:00
2199114.0,4693126.5,102151,2006-08-29 00:00:00,2006-08-29 00:00:00
2018421.9,4692663.0,102158,2015-11-03 00:00:00,2015-11-03 00:00:00
2093478.5,4692199.5,102159,2006-06-14 00:00:00,2006-06-16 00:00:00
2107378.0,4692663.0,102160,2006-07-19 00:00:00,2006-07-24 00:00:00
2132860.2,4692663.0,102161,2006-08-02 00:00:00,2006-08-04 00:00:00
2133786.8,4692663.0,102162,2006-08-04 00:00:00,2006-08-04 00:00:00
2162975.5,4691736.5,102163,2001-07-31 00:00:00,2001-08-03 00:00:00
2164828.8,4692199.5,102164,2001-08-28 00:00:00,2001-08-30 00:00:00
2183361.2,4692663.0,102165,2006-07-22 00:00:00,2006-07-22 00:00:00
1994329.5,4691736.5,102168,2021-02-25 00:00:00,2021-03-04 00:00:00
1996182.8,4689883.0,102169,2008-02-14 00:00:00,2008-02-14 00:00:00
1996182.8,4692199.5,102170,2008-02-06 00:00:00,2008-02-06 00:00:00
2006839.0,4691736.5,102171,2003-07-31 00:00:00,2003-08-01 00:00:00
2019811.8,4689420.0,102172,2008-02-12 00:00:00,2008-02-20 00:00:00
2039734.2,4692199.5,102173,2003-08-04 00:00:00,2003-08-04 00:00:00
2082822.2,4691736.5,102174,2001-08-08 00:00:00,2001-08-13 00:00:00
2092088.5,4692199.5,102175,2006-07-15 00:00:00,2006-07-15 00:00:00
2093015.1,4692199.5,102176,2006-07-11 00:00:00,2006-07-11 00:00:00
2093015.1,4689883.0,102177,2001-07-31 00:00:00,2001-08-05 00:00:00
2109231.2,4690810.0,102178,2006-08-11 00:00:00,2006-08-17 00:00:00
2118497.5,4689883.0,102179,2004-08-07 00:00:00,2004-08-16 00:00:00
2117107.5,4690810.0,102180,2001-08-03 00:00:00,2001-08-29 00:00:00
2126837.0,4692199.5,102181,2004-02-01 00:00:00,2004-02-01 00:00:00
2132860.2,4692199.5,102182,2021-06-14 00:00:00,2021-06-15 00:00:00
2138883.2,4691736.5,102183,2001-06-23 00:00:00,2001-06-23 00:00:00
2141663.2,4692199.5,102184,2001-07-11 00:00:00,2001-07-11 00:00:00
2186604.5,4692199.5,102185,2001-09-13 00:00:00,2001-09-13 00:00:00
2192164.2,4692199.5,102186,2006-08-11 00:00:00,2006-08-11 00:00:00
2194944.0,4690810.0,102187,2001-07-04 00:00:00,2001-07-05 00:00:00
1877574.8,4691736.5,102191,2007-08-05 00:00:00,2007-08-05 00:00:00
1988306.5,4691273.0,102192,2020-10-15 00:00:00,2020-10-18 00:00:00
1996646.1,4691736.5,102193,2016-12-17 00:00:00,2016-12-17 00:00:00
2114327.8,4691736.5,102194,2001-08-16 00:00:00,2001-08-16 00:00:00
2117107.5,4691736.5,102195,2004-07-31 00:00:00,2004-07-31 00:00:00
2125447.2,4691736.5,102196,2021-06-14 00:00:00,2021-06-19 00:00:00
2168535.2,4691736.5,102197,2006-01-18 00:00:00,2006-01-23 00:00:00
2170388.5,4689420.0,102198,2001-08-30 00:00:00,2001-09-04 00:00:00
1878501.4,4691273.0,102205,2007-08-05 00:00:00,2007-08-05 00:00:00
1996182.8,4691273.0,102206,2021-02-23 00:00:00,2021-02-23 00:00:00
1997109.4,4691273.0,102207,2008-02-04 00:00:00,2008-02-04 00:00:00
2048537.1,4691273.0,102208,2001-08-10 00:00:00,2001-08-10 00:00:00
2070312.9,4691273.0,102209,2004-06-20 00:00:00,2004-06-20 00:00:00
2075872.6,4691273.0,102210,2006-07-27 00:00:00,2006-07-27 00:00:00
2090698.6,4690810.0,102211,2019-09-07 00:00:00,2019-09-11 00:00:00
2092088.5,4691273.0,102212,2006-07-31 00:00:00,2006-07-31 00:00:00
2110621.2,4690346.5,102213,2001-08-21 00:00:00,2001-08-21 00:00:00
2123130.5,4690346.5,102214,2021-06-20 00:00:00,2021-06-22 00:00:00
2133786.8,4691273.0,102215,2006-08-15 00:00:00,2006-08-19 00:00:00
2137030.0,4690346.5,102216,2001-06-23 00:00:00,2001-06-23 00:00:00
2139809.8,4691273.0,102217,2012-07-15 00:00:00,2012-07-15 00:00:00
2164828.8,4691273.0,102218,2002-08-24 00:00:00,2002-08-26 00:00:00
2191237.5,4690346.5,102219,2001-07-04 00:00:00,2001-07-13 00:00:00
2159732.2,4688493.0,102220,2005-08-15 00:00:00,2005-08-23 00:00:00
2195407.5,4690810.0,102221,2006-08-04 00:00:00,2006-08-10 00:00:00
1996182.8,4690810.0,102225,2022-12-31 00:00:00,2022-12-31 00:00:00
2014715.4,4690810.0,102226,2013-12-11 00:00:00,2013-12-11 00:00:00
1997572.8,4690346.5,102227,2013-06-15 00:00:00,2013-06-15 00:00:00
2017495.2,4690810.0,102228,2006-11-14 00:00:00,2006-11-14 00:00:00
2027688.1,4690810.0,102229,2013-09-17 00:00:00,2013-09-17 00:00:00
2037417.6,4690810.0,102230,2008-08-01 00:00:00,2008-08-01 00:00:00
2088845.4,4689420.0,102231,2007-07-06 00:00:00,2007-07-20 00:00:00
2090235.2,4690810.0,102232,2007-07-17 00:00:00,2007-07-17 00:00:00
2099501.8,4690810.0,102233,2013-07-28 00:00:00,2013-07-31 00:00:00
2103208.2,4689883.0,102234,2001-09-07 00:00:00,2001-09-12 00:00:00
2115717.5,4690346.5,102235,2006-07-22 00:00:00,2006-07-28 00:00:00
2118960.8,4690346.5,102236,2021-06-19 00:00:00,2021-06-19 00:00:00
2120350.8,4689883.0,102237,2006-07-23 00:00:00,2006-07-29 00:00:00
2139809.8,4689883.0,102238,2001-06-23 00:00:00,2001-06-23 00:00:00
2141199.8,4690810.0,102239,2001-06-23 00:00:00,2001-06-23 00:00:00
2150002.8,4690810.0,102240,2001-09-01 00:00:00,2001-09-06 00:00:00
2155562.5,4685713.5,102241,2020-09-11 00:00:00,2020-09-19 00:00:00
2156952.5,4690810.0,102242,2005-08-20 00:00:00,2005-08-20 00:00:00
2201430.5,4690810.0,102243,2009-08-20 00:00:00,2009-08-26 00:00:00
1993402.9,4689883.0,102246,2007-07-13 00:00:00,2007-07-15 00:00:00
1994792.9,4689420.0,102247,2013-06-12 00:00:00,2013-06-15 00:00:00
2059193.4,4689420.0,102248,2019-10-09 00:00:00,2019-10-15 00:00:00
2061046.6,4689883.0,102249,2015-11-04 00:00:00,2015-11-09 00:00:00
2081432.4,4689883.0,102250,2008-08-16 00:00:00,2008-08-16 00:00:00
2096721.6,4690346.5,102251,2008-09-05 00:00:00,2008-09-08 00:00:00
2099965.0,4689420.0,102252,2013-07-29 00:00:00,2013-08-07 00:00:00
2120350.8,4690346.5,102253,2006-08-04 00:00:00,2006-08-04 00:00:00
2133786.8,4689420.0,102254,2006-09-27 00:00:00,2006-09-27 00:00:00
2141663.2,4690346.5,102255,2001-07-05 00:00:00,2001-07-05 00:00:00
2150466.0,4690346.5,102256,2001-06-23 00:00:00,2001-06-23 00:00:00
2156025.8,4690346.5,102257,2005-09-01 00:00:00,2005-09-01 00:00:00
2168535.2,4689883.0,102258,2006-01-20 00:00:00,2006-01-23 00:00:00
2183824.5,4690346.5,102259,2001-09-01 00:00:00,2001-09-01 00:00:00
2193554.2,4689883.0,102260,2006-08-01 00:00:00,2006-08-02 00:00:00
2194017.5,4688956.5,102261,2001-07-31 00:00:00,2001-08-05 00:00:00
2200967.2,4688493.0,102262,2006-08-03 00:00:00,2006-08-13 00:00:00
2202820.5,4690346.5,102263,2004-09-08 00:00:00,2004-09-08 00:00:00
2202820.5,4689420.0,102264,2001-08-03 00:00:00,2001-08-07 00:00:00
1907690.1,4689883.0,102266,2000-11-03 00:00:00,2000-11-03 00:00:00
1912786.5,4686176.5,102267,2000-11-07 00:00:00,2000-11-21 00:00:00
1998962.6,4689883.0,102268,2013-06-15 00:00:00,2013-06-15 00:00:00
2006839.0,4689420.0,102269,2008-02-07 00:00:00,2008-02-07 00:00:00
2007302.4,4689420.0,102270,2008-01-27 00:00:00,2008-01-27 00:00:00
2052243.6,4688030.0,102271,2011-02-05 00:00:00,2011-02-05 00:00:00
2086065.5,4689883.0,102272,2004-08-04 00:00:00,2004-08-04 00:00:00
2097648.5,4688956.5,102273,2001-08-18 00:00:00,2001-08-22 00:00:00
2103208.2,4689883.0,102274,2007-09-08 00:00:00,2007-09-11 00:00:00
2103671.5,4689883.0,102275,2002-08-25 00:00:00,2002-08-25 00:00:00
2105524.8,4689883.0,102276,2001-08-14 00:00:00,2001-08-22 00:00:00
2104134.8,4688493.0,102277,2002-08-18 00:00:00,2002-08-23 00:00:00
2107378.0,4689883.0,102278,2002-08-21 00:00:00,2002-08-21 00:00:00
2111084.5,4689883.0,102279,2001-08-24 00:00:00,2001-08-30 00:00:00
2114791.0,4688956.5,102280,2007-08-16 00:00:00,2007-08-18 00:00:00
2119887.5,4688956.5,102281,2004-08-02 00:00:00,2004-08-11 00:00:00
2119424.0,4689883.0,102282,2006-07-13 00:00:00,2006-07-13 00:00:00
2116644.2,4689420.0,102283,2001-09-04 00:00:00,2001-09-04 00:00:00
2139346.5,4688493.0,102284,2016-08-09 00:00:00,2016-08-12 00:00:00
2150929.5,4687566.5,102285,2001-07-12 00:00:00,2001-07-17 00:00:00
2150466.0,4689883.0,102286,2001-07-04 00:00:00,2001-07-04 00:00:00
2161122.2,4689420.0,102287,2013-10-12 00:00:00,2013-10-16 00:00:00
2174558.2,4689883.0,102288,2001-08-30 00:00:00,2001-09-03 00:00:00
2200040.5,4689883.0,102289,2006-08-13 00:00:00,2006-08-13 00:00:00
1908616.8,4689420.0,102293,2000-11-04 00:00:00,2000-11-04 00:00:00
1998499.4,4689420.0,102294,2017-06-12 00:00:00,2017-06-12 00:00:00
2007765.6,4689420.0,102295,2008-02-13 00:00:00,2008-02-13 00:00:00
2013788.8,4688956.5,102296,2009-08-28 00:00:00,2009-09-01 00:00:00
2058730.0,4689420.0,102297,2023-10-23 00:00:00,2023-10-23 00:00:00
2061973.2,4689420.0,102298,2015-10-28 00:00:00,2015-10-28 00:00:00
2082359.0,4689420.0,102299,2009-08-02 00:00:00,2009-08-03 00:00:00
2084212.2,4687566.5,102300,2008-07-28 00:00:00,2008-08-01 00:00:00
2084212.2,4688493.0,102301,2005-08-19 00:00:00,2005-08-22 00:00:00
2098575.0,4689420.0,102302,2013-07-29 00:00:00,2013-07-29 00:00:00
2102744.8,4689420.0,102303,2002-08-30 00:00:00,2002-08-30 00:00:00
2107378.0,4688956.5,102304,2006-08-15 00:00:00,2006-08-15 00:00:00
2108304.5,4689420.0,102305,2002-08-25 00:00:00,2002-08-25 00:00:00
2116644.2,4689420.0,102306,2001-07-04 00:00:00,2001-07-10 00:00:00
2134250.0,4689420.0,102307,2006-09-21 00:00:00,2006-09-21 00:00:00
2150002.8,4689420.0,102308,2001-06-23 00:00:00,2001-06-23 00:00:00
2182898.0,4689420.0,102309,2001-07-04 00:00:00,2001-07-04 00:00:00
2217183.0,4689420.0,102310,2001-09-21 00:00:00,2001-09-24 00:00:00
1992013.0,4688956.5,102318,2007-07-13 00:00:00,2007-07-17 00:00:00
2046220.6,4688493.0,102319,2001-08-15 00:00:00,2001-08-18 00:00:00
2083748.9,4688493.0,102320,2004-08-11 00:00:00,2004-08-12 00:00:00
2086065.5,4688493.0,102321,2009-06-30 00:00:00,2009-07-04 00:00:00
2091625.2,4688493.0,102322,2001-08-10 00:00:00,2001-08-14 00:00:00
2093941.8,4688956.5,102323,2001-08-01 00:00:00,2001-08-03 00:00:00
2118497.5,4686640.0,102324,2001-08-01 00:00:00,2001-08-10 00:00:00
2116644.2,4688956.5,102325,2004-08-10 00:00:00,2004-08-12 00:00:00
2117570.8,4688956.5,102326,2001-08-19 00:00:00,2001-08-19 00:00:00
2117570.8,4688956.5,102327,2004-08-10 00:00:00,2004-08-10 00:00:00
2123130.5,4687103.5,102328,2001-08-23 00:00:00,2001-08-30 00:00:00
2123130.5,4688030.0,102329,2006-08-02 00:00:00,2006-08-13 00:00:00
2126837.0,4688493.0,102330,2001-08-31 00:00:00,2001-08-31 00:00:00
2133323.5,4688493.0,102331,2008-07-31 00:00:00,2008-07-31 00:00:00
2151856.0,4688493.0,102332,2001-07-03 00:00:00,2001-07-03 00:00:00
2152319.2,4687566.5,102333,2001-06-23 00:00:00,2001-06-23 00:00:00
2152782.8,4688956.5,102334,2001-07-03 00:00:00,2001-07-04 00:00:00
2119887.5,4688493.0,102335,2006-07-18 00:00:00,2006-07-18 00:00:00
2159732.2,4688956.5,102336,2005-08-09 00:00:00,2005-08-09 00:00:00
2182434.8,4686640.0,102337,2001-06-23 00:00:00,2001-06-23 00:00:00
2192627.5,4688956.5,102338,2001-07-31 00:00:00,2001-07-31 00:00:00
2218109.8,4688956.5,102339,2001-09-25 00:00:00,2001-09-25 00:00:00
1911859.9,4688493.0,102346,2000-11-29 00:00:00,2000-11-29 00:00:00
2009618.9,4688493.0,102347,2008-02-07 00:00:00,2008-02-07 00:00:00
2046220.6,4688493.0,102348,2019-09-26 00:00:00,2019-09-26 00:00:00
2059656.6,4688493.0,102349,2012-11-01 00:00:00,2012-11-03 00:00:00
2084212.2,4688030.0,102350,2006-07-24 00:00:00,2006-07-28 00:00:00
2088382.0,4688493.0,102351,2009-07-31 00:00:00,2009-07-31 00:00:00
2107841.2,4688493.0,102352,2006-08-27 00:00:00,2006-08-27 00:00:00
2114327.8,4688493.0,102353,2002-08-30 00:00:00,2002-08-30 00:00:00
2161122.2,4688493.0,102354,2005-08-21 00:00:00,2005-08-21 00:00:00
2175948.2,4687566.5,102355,2001-08-11 00:00:00,2001-08-14 00:00:00
2194944.0,4688030.0,102356,2004-08-30 00:00:00,2004-08-30 00:00:00
2203283.8,4688493.0,102357,2006-08-15 00:00:00,2006-08-17 00:00:00
2011008.9,4687103.5,102365,2008-02-07 00:00:00,2008-02-07 00:00:00
2016105.2,4688030.0,102366,2008-09-06 00:00:00,2008-09-06 00:00:00
2045294.0,4688030.0,102367,2001-08-07 00:00:00,2001-08-07 00:00:00
2046220.6,4688030.0,102368,2001-08-06 00:00:00,2001-08-07 00:00:00
2057803.4,4687566.5,102369,2009-07-31 00:00:00,2009-07-31 00:00:00
2084212.2,4688030.0,102370,2007-07-26 00:00:00,2007-07-27 00:00:00
2084675.5,4688030.0,102371,2005-08-07 00:00:00,2005-08-07 00:00:00
2106914.8,4688030.0,102372,2001-08-27 00:00:00,2001-08-27 00:00:00
2106914.8,4688030.0,102373,2006-08-15 00:00:00,2006-08-15 00:00:00
2114791.0,4687566.5,102374,2002-08-22 00:00:00,2002-08-23 00:00:00
2116644.2,4688030.0,102375,2002-08-17 00:00:00,2002-08-17 00:00:00
2118034.2,4688030.0,102376,2001-07-04 00:00:00,2001-07-05 00:00:00
2121277.2,4688030.0,102377,2006-07-30 00:00:00,2006-07-30 00:00:00
2153709.2,4685713.5,102378,2001-08-12 00:00:00,2001-08-22 00:00:00
2153709.2,4688030.0,102379,2001-07-04 00:00:00,2001-07-04 00:00:00
2184751.2,4686640.0,102380,2001-07-04 00:00:00,2001-07-05 00:00:00
2193090.8,4687103.5,102381,2001-08-05 00:00:00,2001-08-07 00:00:00
2088845.4,4687566.5,102384,2006-07-25 00:00:00,2006-07-25 00:00:00
2102281.5,4687566.5,102385,2002-08-27 00:00:00,2002-08-27 00:00:00
2104598.0,4686640.0,102386,2001-08-02 00:00:00,2001-08-05 00:00:00
2116644.2,4687103.5,102387,2016-12-02 00:00:00,2016-12-02 00:00:00
2118497.5,4687566.5,102388,2001-08-17 00:00:00,2001-08-17 00:00:00
2119424.0,4687566.5,102389,2001-07-04 00:00:00,2001-07-04 00:00:00
2156952.5,4687566.5,102390,2001-08-06 00:00:00,2001-08-06 00:00:00
2157415.8,4687566.5,102391,2001-08-26 00:00:00,2001-08-26 00:00:00
2182898.0,4687566.5,102392,2001-07-04 00:00:00,2001-07-04 00:00:00
2184751.2,4687566.5,102393,2001-07-13 00:00:00,2001-07-13 00:00:00
2204210.2,4687566.5,102394,2006-08-15 00:00:00,2006-08-15 00:00:00
2206527.0,4687566.5,102395,2006-08-13 00:00:00,2006-08-15 00:00:00
2055023.5,4686176.5,102402,2008-02-13 00:00:00,2008-02-18 00:00:00
2061046.6,4685713.5,102403,2008-02-13 00:00:00,2008-02-13 00:00:00
2086065.5,4687103.5,102404,2021-06-10 00:00:00,2021-06-13 00:00:00
2086528.8,4687103.5,102405,2006-07-27 00:00:00,2006-07-27 00:00:00
2096258.4,4687103.5,102406,2001-09-02 00:00:00,2001-09-04 00:00:00
2102744.8,4687103.5,102407,2002-08-18 00:00:00,2002-08-19 00:00:00
2114327.8,4686640.0,102408,2001-07-04 00:00:00,2001-07-04 00:00:00
2115254.2,4687103.5,102409,2002-08-30 00:00:00,2002-08-30 00:00:00
2120350.8,4687103.5,102410,2006-07-28 00:00:00,2006-07-28 00:00:00
2125447.2,4687103.5,102411,2005-08-01 00:00:00,2005-08-05 00:00:00
2148149.5,4687103.5,102412,2001-07-03 00:00:00,2001-07-03 00:00:00
2148612.8,4687103.5,102413,2001-06-23 00:00:00,2001-06-23 00:00:00
2181971.2,4687103.5,102414,2001-07-04 00:00:00,2001-07-05 00:00:00
2199114.0,4687103.5,102415,2002-09-01 00:00:00,2002-09-01 00:00:00
2206063.5,4687103.5,102416,2005-08-28 00:00:00,2005-08-28 00:00:00
2206990.2,4687103.5,102417,2005-08-20 00:00:00,2005-08-22 00:00:00
1910470.0,4686640.0,102420,2000-11-04 00:00:00,2000-11-04 00:00:00
1913249.9,4686640.0,102421,2000-11-03 00:00:00,2000-11-03 00:00:00
2100428.2,4685713.5,102422,2001-08-07 00:00:00,2001-08-24 00:00:00
2105988.0,4686640.0,102423,2006-09-21 00:00:00,2006-09-21 00:00:00
2107841.2,4686640.0,102424,2003-08-10 00:00:00,2003-08-10 00:00:00
2117107.5,4686640.0,102425,2002-08-27 00:00:00,2002-08-27 00:00:00
2120350.8,4686640.0,102426,2001-07-04 00:00:00,2001-07-04 00:00:00
2135640.0,4686640.0,102427,2008-08-03 00:00:00,2008-08-03 00:00:00
2161122.2,4686640.0,102428,2006-09-11 00:00:00,2006-09-17 00:00:00
2180118.0,4686640.0,102429,2001-07-04 00:00:00,2001-07-04 00:00:00
2181044.8,4685713.5,102430,2001-06-23 00:00:00,2001-06-23 00:00:00
2206990.2,4686640.0,102431,2006-08-01 00:00:00,2006-08-01 00:00:00
1997109.4,4686176.5,102440,2017-02-18 00:00:00,2017-02-18 00:00:00
2028614.8,4686176.5,102441,2021-08-04 00:00:00,2021-08-04 00:00:00
2055023.5,4686176.5,102442,2014-10-10 00:00:00,2014-10-10 00:00:00
2061973.2,4685713.5,102443,2008-02-19 00:00:00,2008-02-19 00:00:00
2107841.2,4683860.0,102444,2003-08-10 00:00:00,2003-08-14 00:00:00
2120814.0,4686176.5,102445,2001-08-30 00:00:00,2001-08-30 00:00:00
2124520.5,4686176.5,102446,2004-09-08 00:00:00,2004-09-08 00:00:00
2126837.0,4686176.5,102447,2005-09-08 00:00:00,2005-09-17 00:00:00
2141663.2,4686176.5,102448,2006-07-07 00:00:00,2006-07-07 00:00:00
2148612.8,4685713.5,102449,2001-06-23 00:00:00,2001-06-23 00:00:00
2150929.5,4686176.5,102450,2001-07-03 00:00:00,2001-07-03 00:00:00
2154636.0,4686176.5,102451,2020-09-06 00:00:00,2020-09-06 00:00:00
2181044.8,4686176.5,102452,2001-06-13 00:00:00,2001-06-13 00:00:00
2185677.8,4683860.0,102453,2007-08-13 00:00:00,2007-08-22 00:00:00
2203747.0,4684323.5,102454,2001-07-04 00:00:00,2001-07-12 00:00:00
2201893.8,4685713.5,102455,2001-07-04 00:00:00,2001-07-05 00:00:00
2205600.2,4686176.5,102456,2006-08-09 00:00:00,2006-08-17 00:00:00
2207453.5,4685713.5,102457,2003-09-12 00:00:00,2003-09-12 00:00:00
2027688.1,4685250.0,102466,2021-07-31 00:00:00,2021-08-01 00:00:00
2053633.6,4684323.5,102467,2018-09-24 00:00:00,2018-10-03 00:00:00
2081895.6,4685250.0,102468,2001-07-04 00:00:00,2001-07-06 00:00:00
2118497.5,4685713.5,102469,2006-07-23 00:00:00,2006-07-29 00:00:00
2121740.8,4684323.5,102470,2001-07-04 00:00:00,2001-07-05 00:00:00
2129153.8,4685713.5,102471,2005-08-25 00:00:00,2005-08-25 00:00:00
2150002.8,4685713.5,102472,2001-07-03 00:00:00,2001-07-03 00:00:00
2150466.0,4685713.5,102473,2001-06-23 00:00:00,2001-06-23 00:00:00
2184751.2,4683397.0,102474,2001-09-10 00:00:00,2001-09-13 00:00:00
2183824.5,4684323.5,102475,2001-06-23 00:00:00,2001-06-23 00:00:00
2185214.5,4685713.5,102476,2001-07-04 00:00:00,2001-07-04 00:00:00
2201430.5,4685713.5,102477,2001-06-23 00:00:00,2001-06-23 00:00:00
2205600.2,4683397.0,102478,2001-06-23 00:00:00,2001-06-23 00:00:00
2205600.2,4685713.5,102479,2001-07-09 00:00:00,2001-07-11 00:00:00
1996182.8,4685250.0,102480,2017-02-18 00:00:00,2017-02-18 00:00:00
2002669.1,4684323.5,102481,2008-02-15 00:00:00,2008-02-17 00:00:00
2002669.1,4685250.0,102482,2023-10-07 00:00:00,2023-10-09 00:00:00
2053170.2,4684786.5,102483,2008-02-18 00:00:00,2008-02-24 00:00:00
2057340.1,4685250.0,102485,2014-10-06 00:00:00,2014-10-06 00:00:00
2063826.5,4685250.0,102486,2013-10-21 00:00:00,2013-10-21 00:00:00
2069849.5,4685250.0,102487,2001-08-23 00:00:00,2001-08-23 00:00:00
2084675.5,4684786.5,102488,2001-08-19 00:00:00,2001-08-24 00:00:00
2074946.0,4680617.0,102489,2001-08-07 00:00:00,2001-08-19 00:00:00
2105524.8,4685250.0,102490,2001-08-21 00:00:00,2001-08-21 00:00:00
2110157.8,4682470.0,102491,2001-08-22 00:00:00,2001-08-26 00:00:00
2131933.5,4683860.0,102492,2016-08-26 00:00:00,2016-08-27 00:00:00
2150929.5,4685250.0,102493,2001-07-04 00:00:00,2001-07-04 00:00:00
2151392.8,4685250.0,102494,2001-06-23 00:00:00,2001-06-23 00:00:00
2152319.2,4685250.0,102495,2001-07-04 00:00:00,2001-07-04 00:00:00
2064753.1,4683860.0,102497,2004-02-01 00:00:00,2004-02-04 00:00:00
2099965.0,4684323.5,102498,2001-08-07 00:00:00,2001-08-12 00:00:00
2116181.0,4684786.5,102499,2006-09-25 00:00:00,2006-09-27 00:00:00
2118497.5,4684786.5,102500,2006-07-18 00:00:00,2006-07-18 00:00:00
2182434.8,4684786.5,102501,2001-07-04 00:00:00,2001-07-04 00:00:00
2202820.5,4681080.0,102502,2001-06-23 00:00:00,2001-06-23 00:00:00
2201893.8,4684786.5,102503,2001-06-12 00:00:00,2001-06-12 00:00:00
2010082.2,4682007.0,102512,2012-08-08 00:00:00,2012-08-12 00:00:00
2028614.8,4684323.5,102513,2011-02-05 00:00:00,2011-02-05 00:00:00
2057340.1,4683860.0,102514,2001-07-03 00:00:00,2001-07-04 00:00:00
2083285.6,4684323.5,102515,2001-08-30 00:00:00,2001-08-30 00:00:00
2106451.2,4684323.5,102516,2001-08-22 00:00:00,2001-08-22 00:00:00
2122667.2,4684323.5,102517,2021-06-13 00:00:00,2021-06-18 00:00:00
2134713.5,4684323.5,102518,2001-09-04 00:00:00,2001-09-04 00:00:00
2136566.8,4682007.0,102519,2006-01-20 00:00:00,2006-01-26 00:00:00
2135640.0,4684323.5,102520,2001-09-04 00:00:00,2001-09-04 00:00:00
2184288.0,4684323.5,102521,2001-07-04 00:00:00,2001-07-04 00:00:00
2186141.2,4684323.5,102522,2007-08-06 00:00:00,2007-08-06 00:00:00
2201430.5,4684323.5,102523,2001-07-04 00:00:00,2001-07-04 00:00:00
2016568.6,4682933.5,102525,2007-07-18 00:00:00,2007-07-20 00:00:00
2016105.2,4683397.0,102526,2017-06-27 00:00:00,2017-07-05 00:00:00
2008692.2,4683397.0,102527,2008-08-21 00:00:00,2008-08-21 00:00:00
2094405.1,4683860.0,102528,2004-08-03 00:00:00,2004-08-03 00:00:00
2095331.8,4683397.0,102529,2007-07-02 00:00:00,2007-07-04 00:00:00
2113864.2,4683860.0,102530,2001-07-04 00:00:00,2001-07-04 00:00:00
2116181.0,4683397.0,102531,2006-09-27 00:00:00,2006-09-30 00:00:00
2129617.0,4683397.0,102532,2006-09-27 00:00:00,2006-10-02 00:00:00
2143516.5,4683860.0,102533,2006-07-15 00:00:00,2006-07-19 00:00:00
2152782.8,4683860.0,102534,2001-07-04 00:00:00,2001-07-04 00:00:00
2164365.5,4681543.5,102535,2007-06-20 00:00:00,2007-06-25 00:00:00
2206063.5,4683397.0,102540,2001-07-12 00:00:00,2001-07-12 00:00:00
2208843.5,4681543.5,102541,2012-09-11 00:00:00,2012-09-18 00:00:00
1926222.6,4682933.5,102544,2012-08-21 00:00:00,2012-08-27 00:00:00
2032321.2,4679227.0,102545,2011-02-02 00:00:00,2011-02-06 00:00:00
2053633.6,4683397.0,102546,2018-10-04 00:00:00,2018-10-04 00:00:00
2054560.2,4683397.0,102547,2018-10-03 00:00:00,2018-10-03 00:00:00
2095331.8,4682933.5,102548,2004-07-24 00:00:00,2004-08-02 00:00:00
2104598.0,4683397.0,102549,2013-08-15 00:00:00,2013-08-15 00:00:00
2114791.0,4683397.0,102550,2001-07-04 00:00:00,2001-07-04 00:00:00
2119887.5,4682933.5,102551,2001-07-04 00:00:00,2001-07-05 00:00:00
2184288.0,4683397.0,102552,2007-08-13 00:00:00,2007-08-13 00:00:00
2153709.2,4678763.5,102553,2016-07-28 00:00:00,2016-08-06 00:00:00
2016105.2,4682933.5,102554,2017-06-19 00:00:00,2017-06-20 00:00:00
2026298.1,4682933.5,102555,2008-02-12 00:00:00,2008-02-12 00:00:00
2026761.5,4682933.5,102556,2011-02-05 00:00:00,2011-02-05 00:00:00
2028614.8,4682933.5,102557,2008-02-13 00:00:00,2008-02-13 00:00:00
2065216.4,4682933.5,102558,2001-09-09 00:00:00,2001-09-09 00:00:00
2132860.2,4682933.5,102559,2016-08-03 00:00:00,2016-08-06 00:00:00
2020275.1,4681543.5,102561,2011-02-01 00:00:00,2011-02-05 00:00:00
2027688.1,4682470.0,102562,2008-02-15 00:00:00,2008-02-15 00:00:00
2041587.5,4682007.0,102563,2001-09-30 00:00:00,2001-09-30 00:00:00
2074946.0,4682470.0,102564,2001-09-08 00:00:00,2001-09-08 00:00:00
2095331.8,4682470.0,102565,2008-08-26 00:00:00,2008-08-26 00:00:00
2105988.0,4682007.0,102566,2001-08-23 00:00:00,2001-08-23 00:00:00
2205137.0,4682470.0,102567,2001-06-11 00:00:00,2001-06-11 00:00:00
2005449.0,4681543.5,102573,2008-08-14 00:00:00,2008-08-16 00:00:00
2016105.2,4682007.0,102574,2017-06-15 00:00:00,2017-06-15 00:00:00
2026298.1,4682007.0,102575,2008-02-13 00:00:00,2008-02-13 00:00:00
2103208.2,4680617.0,102576,2007-07-22 00:00:00,2007-07-27 00:00:00
2106914.8,4682007.0,102577,2004-08-11 00:00:00,2004-08-11 00:00:00
2131933.5,4676447.0,102578,2001-07-31 00:00:00,2001-08-08 00:00:00
2205137.0,4682007.0,102579,2001-07-12 00:00:00,2001-07-12 00:00:00
2027688.1,4681080.0,102584,2020-06-23 00:00:00,2020-06-23 00:00:00
2101355.0,4681543.5,102585,2001-08-06 00:00:00,2001-08-08 00:00:00
2106914.8,4681080.0,102586,2004-08-04 00:00:00,2004-08-10 00:00:00
2038807.6,4681080.0,102592,2007-01-08 00:00:00,2007-01-08 00:00:00
2070776.1,4681080.0,102593,2001-08-28 00:00:00,2001-08-28 00:00:00
2072629.4,4681080.0,102594,2001-08-28 00:00:00,2001-08-28 00:00:00
2075409.2,4681080.0,102595,2001-08-25 00:00:00,2001-08-25 00:00:00
2111547.8,4680153.5,102596,2004-08-06 00:00:00,2004-08-15 00:00:00
2016568.6,4680617.0,102600,2017-06-22 00:00:00,2017-06-22 00:00:00
2037881.0,4680153.5,102601,2007-01-07 00:00:00,2007-01-11 00:00:00
2069386.2,4680617.0,102602,2001-08-21 00:00:00,2001-08-21 00:00:00
2072629.4,4677837.0,102603,2001-07-31 00:00:00,2001-08-08 00:00:00
2094868.4,4680617.0,102604,2001-08-22 00:00:00,2001-08-22 00:00:00
2096258.4,4679690.0,102605,2001-08-07 00:00:00,2001-08-08 00:00:00
2107378.0,4680617.0,102606,2001-08-17 00:00:00,2001-08-20 00:00:00
2109231.2,4680153.5,102607,2001-07-31 00:00:00,2001-08-01 00:00:00
2167145.2,4680617.0,102608,2022-09-30 00:00:00,2022-09-30 00:00:00
2213940.0,4680617.0,102609,2001-09-03 00:00:00,2001-09-03 00:00:00
2023981.6,4679227.0,102619,2009-06-15 00:00:00,2009-06-17 00:00:00
2023981.6,4680153.5,102620,2009-06-24 00:00:00,2009-06-24 00:00:00
2071239.5,4680153.5,102621,2001-08-29 00:00:00,2001-08-29 00:00:00
2096721.6,4679690.0,102622,2007-07-18 00:00:00,2007-07-19 00:00:00
2108304.5,4679690.0,102623,2004-07-28 00:00:00,2004-07-28 00:00:00
2119887.5,4679227.0,102624,2001-08-31 00:00:00,2001-08-31 00:00:00
2036954.4,4679690.0,102631,2018-10-02 00:00:00,2018-10-03 00:00:00
2070776.1,4679227.0,102632,2003-08-02 00:00:00,2003-08-05 00:00:00
2084675.5,4672740.5,102633,2001-07-31 00:00:00,2001-08-08 00:00:00
2145369.8,4679690.0,102634,2004-09-13 00:00:00,2004-09-13 00:00:00
2146296.2,4679227.0,102635,2002-09-08 00:00:00,2002-09-09 00:00:00
2156489.2,4677373.5,102636,2016-08-27 00:00:00,2016-09-02 00:00:00
2014715.4,4678300.5,102642,2008-02-13 00:00:00,2008-02-20 00:00:00
2037881.0,4679227.0,102643,2007-01-13 00:00:00,2007-01-13 00:00:00
2075409.2,4678300.5,102644,2001-07-31 00:00:00,2001-08-03 00:00:00
2082822.2,4679227.0,102645,2014-09-30 00:00:00,2014-09-30 00:00:00
2081432.4,4678763.5,102646,2001-07-04 00:00:00,2001-07-04 00:00:00
2091625.2,4679227.0,102647,2014-10-06 00:00:00,2014-10-06 00:00:00
2097185.0,4674130.5,102648,2001-08-02 00:00:00,2001-08-10 00:00:00
2071702.8,4678763.5,102654,2003-08-10 00:00:00,2003-08-10 00:00:00
2089772.0,4678763.5,102655,2006-08-29 00:00:00,2006-09-03 00:00:00
2096721.6,4678300.5,102656,2001-08-22 00:00:00,2001-08-27 00:00:00
2097185.0,4678763.5,102657,2004-08-06 00:00:00,2004-08-06 00:00:00
2189384.2,4676447.0,102658,2024-07-05 00:00:00,2024-07-14 00:00:00
2221816.2,4678763.5,102659,2024-07-26 00:00:00,2024-07-26 00:00:00
2013325.4,4678300.5,102663,2008-02-19 00:00:00,2008-02-19 00:00:00
2050390.4,4676910.5,102664,2011-07-05 00:00:00,2011-07-10 00:00:00
2053633.6,4677837.0,102665,2008-08-23 00:00:00,2008-08-25 00:00:00
2064289.8,4677373.5,102666,2001-09-21 00:00:00,2001-09-30 00:00:00
2094405.1,4677837.0,102667,2006-08-10 00:00:00,2006-08-11 00:00:00
2097185.0,4677837.0,102668,2006-09-05 00:00:00,2006-09-06 00:00:00
2121277.2,4676447.0,102669,2001-09-22 00:00:00,2001-09-28 00:00:00
2124057.2,4676910.5,102670,2006-09-03 00:00:00,2006-09-05 00:00:00
2133323.5,4677373.5,102671,2016-08-19 00:00:00,2016-08-22 00:00:00
2134250.0,4674594.0,102672,2001-07-04 00:00:00,2001-07-05 00:00:00
2137493.2,4677373.5,102673,2004-08-10 00:00:00,2004-08-16 00:00:00
2160659.0,4676910.5,102674,2012-07-25 00:00:00,2012-07-30 00:00:00
2200967.2,4677373.5,102675,2012-09-12 00:00:00,2012-09-12 00:00:00
2054560.2,4677837.0,102681,2008-08-29 00:00:00,2008-08-29 00:00:00
2072166.1,4677837.0,102682,2003-08-10 00:00:00,2003-08-11 00:00:00
2080969.0,4677837.0,102683,2001-07-03 00:00:00,2001-07-03 00:00:00
2096258.4,4675983.5,102684,2004-07-31 00:00:00,2004-08-11 00:00:00
2094405.1,4677373.5,102685,2007-06-16 00:00:00,2007-06-20 00:00:00
2095331.8,4677837.0,102686,2007-06-19 00:00:00,2007-06-19 00:00:00
2096721.6,4675520.5,102687,2007-07-17 00:00:00,2007-07-18 00:00:00
2190774.2,4676910.5,102688,2007-08-23 00:00:00,2007-08-26 00:00:00
2202820.5,4675983.5,102689,2012-08-27 00:00:00,2012-08-31 00:00:00
1873868.2,4676910.5,102698,2012-09-21 00:00:00,2012-09-21 00:00:00
1873868.2,4675983.5,102699,2012-09-08 00:00:00,2012-09-10 00:00:00
2046683.9,4677373.5,102700,2011-06-20 00:00:00,2011-06-20 00:00:00
2055023.5,4677373.5,102701,2008-08-06 00:00:00,2008-08-06 00:00:00
2056876.8,4677373.5,102702,2021-10-01 00:00:00,2021-10-01 00:00:00
2073556.0,4675983.5,102703,2001-08-08 00:00:00,2001-08-17 00:00:00
2080505.8,4673667.0,102704,2001-08-07 00:00:00,2001-08-11 00:00:00
2072629.4,4676910.5,102705,2003-07-31 00:00:00,2003-08-03 00:00:00
2136103.2,4677373.5,102706,2004-08-03 00:00:00,2004-08-03 00:00:00
2168998.5,4677373.5,102707,2017-08-15 00:00:00,2017-08-17 00:00:00
1841899.6,4673667.0,102716,2024-07-28 00:00:00,2024-07-30 00:00:00
2110157.8,4676910.5,102717,2004-08-12 00:00:00,2004-08-12 00:00:00
2202357.0,4675983.5,102718,2022-08-07 00:00:00,2022-08-15 00:00:00
1927612.5,4675983.5,102726,2008-09-03 00:00:00,2008-09-11 00:00:00
2049000.5,4676447.0,102727,2011-06-29 00:00:00,2011-06-29 00:00:00
2052707.0,4676447.0,102728,2011-07-02 00:00:00,2011-07-07 00:00:00
2062899.9,4676447.0,102729,2001-10-08 00:00:00,2001-10-08 00:00:00
2073556.0,4676447.0,102730,2003-07-31 00:00:00,2003-08-03 00:00:00
2075409.2,4675520.5,102731,2001-08-05 00:00:00,2001-08-08 00:00:00
2080505.8,4675983.5,102732,2003-09-09 00:00:00,2003-09-12 00:00:00
2131007.0,4675983.5,102733,2001-07-04 00:00:00,2001-07-04 00:00:00
2162512.2,4674594.0,102734,2016-08-24 00:00:00,2016-09-02 00:00:00
2049927.1,4675983.5,102738,2011-06-19 00:00:00,2011-06-19 00:00:00
2069386.2,4675057.0,102739,2001-08-15 00:00:00,2001-08-18 00:00:00
2072629.4,4675983.5,102740,2003-08-03 00:00:00,2003-08-03 00:00:00
2078189.1,4675983.5,102741,2001-07-03 00:00:00,2001-07-03 00:00:00
2080505.8,4675057.0,102742,2008-08-14 00:00:00,2008-08-18 00:00:00
2082359.0,4675983.5,102743,2001-07-03 00:00:00,2001-07-03 00:00:00
2089308.6,4675057.0,102744,2006-08-03 00:00:00,2006-08-10 00:00:00
2102744.8,4675057.0,102745,2006-08-19 00:00:00,2006-08-21 00:00:00
2134250.0,4675983.5,102746,2016-08-20 00:00:00,2016-08-20 00:00:00
2184288.0,4675983.5,102747,2007-06-25 00:00:00,2007-06-30 00:00:00
2188457.8,4672277.0,102748,2007-08-23 00:00:00,2007-08-28 00:00:00
2051317.0,4675520.5,102751,2011-06-28 00:00:00,2011-06-28 00:00:00
2085138.9,4675520.5,102752,2001-08-24 00:00:00,2001-08-25 00:00:00
2085602.1,4674594.0,102753,2001-08-12 00:00:00,2001-08-18 00:00:00
2086528.8,4675520.5,102754,2004-08-06 00:00:00,2004-08-11 00:00:00
2118497.5,4675057.0,102755,2007-07-18 00:00:00,2007-07-20 00:00:00
2082359.0,4675057.0,102760,2001-08-18 00:00:00,2001-08-18 00:00:00
2087918.8,4674594.0,102761,2006-08-01 00:00:00,2006-08-04 00:00:00
2131007.0,4675057.0,102762,2001-07-04 00:00:00,2001-07-04 00:00:00
2184288.0,4674594.0,102764,2007-06-16 00:00:00,2007-06-17 00:00:00
2221353.0,4675057.0,102765,2024-07-29 00:00:00,2024-07-29 00:00:00
2183824.5,4674594.0,102769,2007-06-24 00:00:00,2007-06-24 00:00:00
2079115.8,4673667.0,102775,2008-08-04 00:00:00,2008-08-11 00:00:00
2088382.0,4673667.0,102776,2004-08-06 00:00:00,2004-08-08 00:00:00
2105988.0,4673667.0,102777,2001-08-31 00:00:00,2001-09-02 00:00:00
2086065.5,4673204.0,102779,2004-07-31 00:00:00,2004-07-31 00:00:00
2087455.4,4673667.0,102780,2004-07-31 00:00:00,2004-07-31 00:00:00
2096258.4,4673667.0,102781,2003-09-13 00:00:00,2003-09-17 00:00:00
2145833.0,4671350.5,102782,2001-06-23 00:00:00,2001-06-24 00:00:00
2131470.2,4671350.5,102783,2007-07-29 00:00:00,2007-08-05 00:00:00
2095795.0,4673204.0,102792,2003-09-07 00:00:00,2003-09-09 00:00:00
1824293.8,4656061.5,102796,2024-07-28 00:00:00,2024-07-30 00:00:00
2074946.0,4672740.5,102797,2001-08-20 00:00:00,2001-08-20 00:00:00
2083285.6,4672740.5,102798,2001-08-15 00:00:00,2001-08-15 00:00:00
2086992.1,4672740.5,102799,2004-08-10 00:00:00,2004-08-10 00:00:00
2143979.8,4671350.5,102800,2001-06-23 00:00:00,2001-06-24 00:00:00
2142126.5,4670424.0,102801,2007-08-22 00:00:00,2007-08-28 00:00:00
2187994.5,4672740.5,102802,2007-08-06 00:00:00,2007-08-09 00:00:00
2075409.2,4672277.0,102813,2001-08-14 00:00:00,2001-08-14 00:00:00
2079579.1,4672277.0,102814,2006-08-17 00:00:00,2006-08-17 00:00:00
2086992.1,4671814.0,102815,2006-08-13 00:00:00,2006-08-15 00:00:00
2130543.5,4671814.0,102816,2009-08-23 00:00:00,2009-08-25 00:00:00
2131933.5,4671814.0,102817,2001-06-23 00:00:00,2001-06-23 00:00:00
2141663.2,4671350.5,102818,2001-06-23 00:00:00,2001-06-23 00:00:00
2142126.5,4671814.0,102819,2001-06-07 00:00:00,2001-06-08 00:00:00
2146759.5,4671814.0,102820,2013-09-10 00:00:00,2013-09-13 00:00:00
2146759.5,4672277.0,102821,2016-08-21 00:00:00,2016-08-21 00:00:00
2071239.5,4671814.0,102824,2001-08-28 00:00:00,2001-08-28 00:00:00
2072166.1,4671814.0,102825,2001-08-31 00:00:00,2001-08-31 00:00:00
2075409.2,4671814.0,102826,2001-08-20 00:00:00,2001-08-20 00:00:00
2079115.8,4671814.0,102827,2008-08-11 00:00:00,2008-08-11 00:00:00
2086528.8,4670424.0,102828,2004-08-02 00:00:00,2004-08-07 00:00:00
2146296.2,4670887.5,102829,2016-08-01 00:00:00,2016-08-05 00:00:00
2146759.5,4669497.5,102830,2001-06-23 00:00:00,2001-06-23 00:00:00
2100428.2,4669034.0,102839,2001-08-05 00:00:00,2001-08-10 00:00:00
2143053.0,4671350.5,102840,2001-06-08 00:00:00,2001-06-08 00:00:00
2068922.9,4670887.5,102849,2001-08-19 00:00:00,2001-08-19 00:00:00
2071702.8,4670887.5,102850,2001-09-02 00:00:00,2001-09-03 00:00:00
2077262.5,4670887.5,102851,2001-08-25 00:00:00,2001-08-25 00:00:00
2130080.2,4670887.5,102852,2001-06-23 00:00:00,2001-06-23 00:00:00
2129617.0,4668570.5,102853,2001-06-23 00:00:00,2001-06-23 00:00:00
2165755.5,4655134.5,102854,2007-07-19 00:00:00,2007-07-26 00:00:00
2073092.8,4670424.0,102858,2001-09-02 00:00:00,2001-09-02 00:00:00
2083285.6,4670424.0,102859,2001-08-25 00:00:00,2001-08-25 00:00:00
2093478.5,4669960.5,102860,2007-07-14 00:00:00,2007-07-15 00:00:00
2081895.6,4669497.5,102861,2001-08-30 00:00:00,2001-09-04 00:00:00
2127300.5,4669960.5,102862,2001-06-23 00:00:00,2001-06-23 00:00:00
2129153.8,4670424.0,102863,2001-06-23 00:00:00,2001-06-23 00:00:00
2144906.2,4670424.0,102864,2001-06-23 00:00:00,2001-06-23 00:00:00
2205600.2,4669960.5,102865,2015-08-04 00:00:00,2015-08-11 00:00:00
2206063.5,4670424.0,102866,2017-07-31 00:00:00,2017-07-31 00:00:00
2058266.8,4669960.5,102875,2020-07-31 00:00:00,2020-07-31 00:00:00
2077262.5,4667181.0,102876,2001-09-10 00:00:00,2001-09-10 00:00:00
2145833.0,4669960.5,102877,2001-06-23 00:00:00,2001-06-23 00:00:00
2205137.0,4669960.5,102878,2015-08-16 00:00:00,2015-08-16 00:00:00
2094405.1,4668570.5,102884,2001-07-04 00:00:00,2001-07-04 00:00:00
2096721.6,4668570.5,102885,2001-07-04 00:00:00,2001-07-04 00:00:00
2144443.0,4669034.0,102886,2001-06-23 00:00:00,2001-06-23 00:00:00
2093015.1,4669034.0,102894,2001-09-28 00:00:00,2001-09-28 00:00:00
2095331.8,4668107.5,102895,2001-08-21 00:00:00,2001-08-30 00:00:00
2078189.1,4667644.0,102899,2006-09-02 00:00:00,2006-09-02 00:00:00
2099038.2,4668107.5,102900,2001-09-05 00:00:00,2001-09-06 00:00:00
2169925.2,4668570.5,102901,2011-10-25 00:00:00,2011-10-25 00:00:00
2073556.0,4667644.0,102908,2001-08-24 00:00:00,2001-08-24 00:00:00
2099038.2,4667644.0,102909,2001-08-26 00:00:00,2001-08-29 00:00:00
2121740.8,4668107.5,102910,2001-09-10 00:00:00,2001-09-10 00:00:00
2122204.0,4668107.5,102911,2001-09-04 00:00:00,2001-09-04 00:00:00
2163438.8,4665791.0,102912,2024-06-22 00:00:00,2024-06-25 00:00:00
1803444.8,4665327.5,102918,2019-03-28 00:00:00,2019-03-29 00:00:00
1812711.0,4667644.0,102919,2015-09-03 00:00:00,2015-09-09 00:00:00
2095331.8,4667644.0,102920,2001-07-04 00:00:00,2001-07-04 00:00:00
2120814.0,4667644.0,102921,2001-08-26 00:00:00,2001-08-26 00:00:00
2123130.5,4667181.0,102922,2001-08-28 00:00:00,2001-08-30 00:00:00
2135640.0,4667644.0,102923,2001-08-10 00:00:00,2001-08-12 00:00:00
2162049.0,4663937.5,102924,2016-08-17 00:00:00,2016-08-22 00:00:00
2193554.2,4667644.0,102925,2020-07-20 00:00:00,2020-07-23 00:00:00
2195407.5,4667181.0,102926,2015-08-02 00:00:00,2015-08-07 00:00:00
1930392.4,4666717.5,102932,2019-10-25 00:00:00,2019-10-27 00:00:00
2071702.8,4667181.0,102933,2008-07-31 00:00:00,2008-07-31 00:00:00
2072629.4,4667181.0,102934,2008-08-11 00:00:00,2008-08-11 00:00:00
2099501.8,4666254.0,102935,2001-07-04 00:00:00,2001-07-04 00:00:00
2131933.5,4664864.0,102936,2004-08-02 00:00:00,2004-08-11 00:00:00
2196334.0,4662084.5,102937,2020-08-04 00:00:00,2020-08-11 00:00:00
2095331.8,4666254.0,102948,2001-07-04 00:00:00,2001-07-06 00:00:00
2097185.0,4666254.0,102949,2001-09-20 00:00:00,2001-09-22 00:00:00
2100428.2,4666254.0,102950,2023-07-26 00:00:00,2023-07-26 00:00:00
2155562.5,4666717.5,102951,2009-08-17 00:00:00,2009-08-22 00:00:00
2165755.5,4666717.5,102952,2015-07-16 00:00:00,2015-07-16 00:00:00
2080969.0,4665327.5,102961,2012-08-03 00:00:00,2012-08-03 00:00:00
2117570.8,4665791.0,102962,2001-09-08 00:00:00,2001-09-10 00:00:00
2122667.2,4666254.0,102963,2001-08-30 00:00:00,2001-09-06 00:00:00
2136103.2,4662547.5,102964,2001-06-23 00:00:00,2001-06-24 00:00:00
2133786.8,4664864.0,102965,2001-08-07 00:00:00,2001-08-07 00:00:00
2155562.5,4665791.0,102966,2009-08-25 00:00:00,2009-08-25 00:00:00
1851165.9,4664401.0,102973,2019-08-06 00:00:00,2019-08-11 00:00:00
1859505.5,4665327.5,102974,2008-08-21 00:00:00,2008-08-21 00:00:00
1955411.2,4665327.5,102975,2012-08-06 00:00:00,2012-08-06 00:00:00
2102281.5,4664401.0,102976,2011-09-12 00:00:00,2011-09-15 00:00:00
2140736.5,4665327.5,102977,2004-08-04 00:00:00,2004-08-04 00:00:00
2158342.5,4665327.5,102978,2016-07-08 00:00:00,2016-07-14 00:00:00
1929929.1,4664864.0,102979,2019-11-01 00:00:00,2019-11-01 00:00:00
2147223.0,4662547.5,102980,2007-07-11 00:00:00,2007-07-18 00:00:00
1809931.1,4664401.0,102989,2008-08-09 00:00:00,2008-08-09 00:00:00
1927612.5,4663937.5,102990,2019-11-01 00:00:00,2019-11-06 00:00:00
2109694.5,4664401.0,102991,2008-06-12 00:00:00,2008-06-12 00:00:00
2133323.5,4664401.0,102992,2004-07-05 00:00:00,2004-07-05 00:00:00
2133786.8,4663937.5,102993,2004-07-31 00:00:00,2004-08-04 00:00:00
2102281.5,4663937.5,103001,2007-08-01 00:00:00,2007-08-02 00:00:00
2108768.0,4663937.5,103002,2001-09-25 00:00:00,2001-09-25 00:00:00
2163902.2,4663474.5,103003,2022-08-10 00:00:00,2022-08-17 00:00:00
2165292.0,4662547.5,103004,2006-08-15 00:00:00,2006-08-18 00:00:00
2145369.8,4663474.5,103008,2020-08-04 00:00:00,2020-08-12 00:00:00
2157415.8,4663474.5,103009,2001-08-28 00:00:00,2001-08-28 00:00:00
2175948.2,4662084.5,103010,2016-08-01 00:00:00,2016-08-05 00:00:00
2187067.8,4663474.5,103011,2009-09-01 00:00:00,2009-09-01 00:00:00
2187531.0,4661621.0,103012,2009-08-26 00:00:00,2009-08-29 00:00:00
2194017.5,4660694.5,103013,2012-09-11 00:00:00,2012-09-19 00:00:00
1840046.4,4663011.0,103015,2015-08-13 00:00:00,2015-08-20 00:00:00
1840046.4,4662547.5,103016,2016-09-11 00:00:00,2016-09-11 00:00:00
1840509.8,4663011.0,103017,2023-08-31 00:00:00,2023-08-31 00:00:00
1840509.8,4657914.5,103018,2016-08-27 00:00:00,2016-09-03 00:00:00
1843289.6,4663011.0,103019,2015-08-26 00:00:00,2015-08-26 00:00:00
2155562.5,4660231.0,103020,2001-08-20 00:00:00,2001-09-01 00:00:00
1840046.4,4660694.5,103026,2023-08-23 00:00:00,2023-08-28 00:00:00
2099038.2,4661621.0,103027,2011-06-21 00:00:00,2011-06-21 00:00:00
2159732.2,4662547.5,103028,2001-09-08 00:00:00,2001-09-08 00:00:00
1839583.1,4661621.0,103032,2016-09-11 00:00:00,2016-09-11 00:00:00
1842363.0,4660231.0,103033,2023-08-11 00:00:00,2023-08-17 00:00:00
2136103.2,4657914.5,103034,2006-08-28 00:00:00,2006-09-03 00:00:00
1838656.5,4660694.5,103040,2012-08-17 00:00:00,2012-08-18 00:00:00
1801128.1,4658378.0,103047,2019-03-17 00:00:00,2019-03-28 00:00:00
1841436.4,4661157.5,103048,2016-09-13 00:00:00,2016-09-13 00:00:00
2134713.5,4660694.5,103049,2015-07-31 00:00:00,2015-08-01 00:00:00
2167145.2,4657451.0,103050,2011-09-12 00:00:00,2011-09-18 00:00:00
2171778.5,4656988.0,103051,2024-07-12 00:00:00,2024-07-17 00:00:00
1837266.5,4660694.5,103056,2005-08-01 00:00:00,2005-08-01 00:00:00
2107841.2,4660694.5,103057,2001-09-21 00:00:00,2001-09-21 00:00:00
2195407.5,4660694.5,103058,2012-09-20 00:00:00,2012-09-20 00:00:00
1800201.5,4660231.0,103061,2021-08-09 00:00:00,2021-08-11 00:00:00
2136103.2,4657914.5,103062,2003-08-28 00:00:00,2003-09-04 00:00:00
2177338.2,4658378.0,103063,2001-09-06 00:00:00,2001-09-12 00:00:00
2192627.5,4659768.0,103064,2001-09-08 00:00:00,2001-09-10 00:00:00
2097185.0,4658378.0,103070,2003-08-30 00:00:00,2003-09-06 00:00:00
2131470.2,4658378.0,103071,2019-08-10 00:00:00,2019-08-14 00:00:00
2169462.0,4656524.5,103072,2023-08-18 00:00:00,2023-08-21 00:00:00
1946608.4,4657914.5,103073,2007-07-22 00:00:00,2007-07-27 00:00:00
2192627.5,4658841.0,103074,2017-08-23 00:00:00,2017-08-26 00:00:00
1829390.2,4657451.0,103084,2001-07-23 00:00:00,2001-07-26 00:00:00
1836803.2,4659304.5,103085,2011-08-04 00:00:00,2011-08-04 00:00:00
1854872.4,4658841.0,103086,2019-02-01 00:00:00,2019-02-01 00:00:00
1855335.8,4659304.5,103087,2004-02-02 00:00:00,2004-02-09 00:00:00
1855335.8,4659304.5,103088,2019-02-07 00:00:00,2019-02-07 00:00:00
1855799.0,4659304.5,103089,2012-03-13 00:00:00,2012-03-17 00:00:00
1855335.8,4657914.5,103090,2008-02-08 00:00:00,2008-02-08 00:00:00
2173168.5,4659304.5,103091,2024-07-24 00:00:00,2024-07-24 00:00:00
2188457.8,4658841.0,103092,2001-09-04 00:00:00,2001-09-06 00:00:00
2199114.0,4658841.0,103093,2023-09-01 00:00:00,2023-09-08 00:00:00
2197260.8,4659304.5,103094,2007-09-08 00:00:00,2007-09-08 00:00:00
2206063.5,4658841.0,103095,2016-09-30 00:00:00,2016-09-30 00:00:00
1838656.5,4658841.0,103100,2016-09-10 00:00:00,2016-09-10 00:00:00
1854409.1,4658378.0,103101,2019-02-07 00:00:00,2019-02-07 00:00:00
1854872.4,4658378.0,103102,2013-04-08 00:00:00,2013-04-16 00:00:00
1853482.5,4658841.0,103103,2015-04-22 00:00:00,2015-04-22 00:00:00
1854409.1,4658841.0,103104,2008-01-27 00:00:00,2008-01-27 00:00:00
1855799.0,4657914.5,103105,2015-03-31 00:00:00,2015-04-17 00:00:00
2181508.0,4656061.5,103106,2008-08-13 00:00:00,2008-08-18 00:00:00
1853482.5,4657914.5,103109,2024-02-01 00:00:00,2024-02-04 00:00:00
1855335.8,4658378.0,103110,2008-01-27 00:00:00,2008-01-27 00:00:00
1856725.6,4658378.0,103111,2012-04-20 00:00:00,2012-04-20 00:00:00
1857189.0,4656524.5,103112,2019-02-01 00:00:00,2019-02-01 00:00:00
2131470.2,4657914.5,103113,2012-08-29 00:00:00,2012-08-31 00:00:00
2133786.8,4655598.0,103114,2006-07-30 00:00:00,2006-08-01 00:00:00
2133786.8,4657914.5,103115,2012-08-28 00:00:00,2012-08-31 00:00:00
2149539.5,4657451.0,103116,2012-09-16 00:00:00,2012-09-19 00:00:00
2179191.5,4658378.0,103117,2001-09-29 00:00:00,2001-10-04 00:00:00
2181508.0,4658378.0,103118,2013-09-03 00:00:00,2013-09-03 00:00:00
2181971.2,4656061.5,103119,2013-08-19 00:00:00,2013-08-27 00:00:00
2120350.8,4657451.0,103120,2001-08-23 00:00:00,2001-08-27 00:00:00
2198187.2,4658378.0,103121,2007-09-10 00:00:00,2007-09-10 00:00:00
1853945.8,4657914.5,103127,2010-04-26 00:00:00,2010-04-27 00:00:00
1853482.5,4657914.5,103128,2015-03-31 00:00:00,2015-03-31 00:00:00
1857189.0,4657914.5,103129,2019-02-16 00:00:00,2019-02-16 00:00:00
1858578.9,4657451.0,103130,2019-02-16 00:00:00,2019-02-16 00:00:00
1859042.2,4657451.0,103131,2008-02-10 00:00:00,2008-02-10 00:00:00
2198187.2,4657914.5,103132,2007-09-03 00:00:00,2007-09-03 00:00:00
1798348.2,4654208.0,103138,2007-07-18 00:00:00,2007-07-27 00:00:00
1856262.4,4656988.0,103139,2008-01-24 00:00:00,2008-01-25 00:00:00
2133323.5,4657451.0,103140,2012-09-24 00:00:00,2012-09-24 00:00:00
2133786.8,4657451.0,103141,2012-09-13 00:00:00,2012-09-13 00:00:00
2141663.2,4656988.0,103142,2001-06-23 00:00:00,2001-06-23 00:00:00
2151856.0,4656988.0,103143,2012-09-16 00:00:00,2012-09-21 00:00:00
2199114.0,4656524.5,103144,2022-08-12 00:00:00,2022-08-15 00:00:00
1857189.0,4656988.0,103154,2019-02-08 00:00:00,2019-02-08 00:00:00
1857652.2,4656988.0,103155,2019-02-17 00:00:00,2019-02-17 00:00:00
1896570.6,4647258.5,103156,2021-08-01 00:00:00,2021-08-09 00:00:00
2131470.2,4656524.5,103157,2002-07-13 00:00:00,2002-07-14 00:00:00
2131933.5,4656524.5,103158,2022-10-20 00:00:00,2022-10-22 00:00:00
2132860.2,4656061.5,103159,2003-09-17 00:00:00,2003-09-20 00:00:00
2132860.2,4656524.5,103160,2020-10-10 00:00:00,2020-10-13 00:00:00
2140273.2,4655598.0,103161,2001-06-23 00:00:00,2001-06-24 00:00:00
2140736.5,4656988.0,103162,2001-06-13 00:00:00,2001-06-13 00:00:00
2143053.0,4654208.0,103163,2001-06-23 00:00:00,2001-06-24 00:00:00
2155562.5,4656988.0,103164,2012-09-20 00:00:00,2012-09-20 00:00:00
2198650.5,4656988.0,103165,2017-08-13 00:00:00,2017-08-25 00:00:00
2198650.5,4656524.5,103166,2007-09-04 00:00:00,2007-09-04 00:00:00
2199577.2,4655598.0,103167,2022-08-15 00:00:00,2022-08-25 00:00:00
2202820.5,4656988.0,103168,2017-10-10 00:00:00,2017-10-12 00:00:00
1837729.9,4651891.5,103177,2024-07-28 00:00:00,2024-07-30 00:00:00
1845606.1,4654208.0,103178,2022-03-14 00:00:00,2022-03-19 00:00:00
1853945.8,4656524.5,103179,2022-03-06 00:00:00,2022-03-06 00:00:00
1854409.1,4656061.5,103180,2022-03-11 00:00:00,2022-03-14 00:00:00
1858115.6,4656061.5,103181,2019-02-07 00:00:00,2019-02-07 00:00:00
2099501.8,4654671.5,103182,2003-08-31 00:00:00,2003-09-01 00:00:00
2131007.0,4656524.5,103183,2007-07-06 00:00:00,2007-07-09 00:00:00
2142589.8,4656524.5,103184,2001-06-12 00:00:00,2001-06-12 00:00:00
1854409.1,4656061.5,103195,2021-02-28 00:00:00,2021-02-28 00:00:00
1857189.0,4656061.5,103196,2019-02-07 00:00:00,2019-02-07 00:00:00
1857652.2,4656061.5,103197,2019-02-18 00:00:00,2019-02-18 00:00:00
2130080.2,4655598.0,103198,2007-07-16 00:00:00,2007-07-18 00:00:00
2134713.5,4655134.5,103199,2024-07-30 00:00:00,2024-07-30 00:00:00
2155099.2,4655598.0,103200,2001-09-20 00:00:00,2001-09-22 00:00:00
1853945.8,4655598.0,103217,2018-11-02 00:00:00,2018-11-05 00:00:00
1855799.0,4655598.0,103218,2018-11-16 00:00:00,2018-11-16 00:00:00
1858115.6,4655598.0,103219,2019-01-29 00:00:00,2019-02-01 00:00:00
2135176.8,4655598.0,103220,2006-07-16 00:00:00,2006-07-16 00:00:00
1822440.5,4653281.5,103231,2024-07-28 00:00:00,2024-07-29 00:00:00
1822440.5,4654208.0,103232,2006-07-31 00:00:00,2006-08-02 00:00:00
1846996.1,4655134.5,103233,2022-04-20 00:00:00,2022-04-20 00:00:00
2132860.2,4654671.5,103234,2003-08-30 00:00:00,2003-09-04 00:00:00
2132860.2,4655134.5,103235,2024-07-27 00:00:00,2024-07-27 00:00:00
2155099.2,4653281.5,103236,2001-09-05 00:00:00,2001-09-10 00:00:00
1809931.1,4651428.0,103250,2011-08-05 00:00:00,2011-08-11 00:00:00
2133786.8,4654671.5,103251,2003-09-09 00:00:00,2003-09-09 00:00:00
2194480.8,4653281.5,103252,2024-07-15 00:00:00,2024-07-21 00:00:00
2195870.8,4652355.0,103253,2023-09-02 00:00:00,2023-09-08 00:00:00
2196797.2,4654671.5,103254,2023-09-08 00:00:00,2023-09-08 00:00:00
1806224.6,4651428.0,103276,2011-08-04 00:00:00,2011-08-11 00:00:00
1834023.4,4652355.0,103277,2016-08-27 00:00:00,2016-09-08 00:00:00
1835413.2,4654208.0,103278,2016-09-03 00:00:00,2016-09-03 00:00:00
1839583.1,4652818.0,103279,2019-08-31 00:00:00,2019-09-04 00:00:00
2158342.5,4653281.5,103280,2019-07-07 00:00:00,2019-07-10 00:00:00
2179654.8,4653744.5,103281,2001-08-28 00:00:00,2001-09-08 00:00:00
2181508.0,4653744.5,103282,2020-08-31 00:00:00,2020-09-02 00:00:00
1842363.0,4653281.5,103297,2022-03-14 00:00:00,2022-03-19 00:00:00
1843289.6,4653744.5,103298,2021-02-28 00:00:00,2021-02-28 00:00:00
1843752.9,4653744.5,103299,2022-03-12 00:00:00,2022-03-12 00:00:00
2152319.2,4652355.0,103300,2016-11-10 00:00:00,2016-11-11 00:00:00
2196334.0,4653744.5,103301,2007-08-16 00:00:00,2007-08-16 00:00:00
1781669.0,4652818.0,103316,2012-08-23 00:00:00,2012-08-24 00:00:00
1788618.8,4653281.5,103317,2017-08-05 00:00:00,2017-08-05 00:00:00
1879891.4,4652818.0,103318,2007-04-06 00:00:00,2007-04-09 00:00:00
2188921.0,4653281.5,103319,2006-09-30 00:00:00,2006-09-30 00:00:00
2190774.2,4652355.0,103320,2001-09-03 00:00:00,2001-09-10 00:00:00
2194944.0,4653281.5,103321,2024-07-26 00:00:00,2024-07-26 00:00:00
2143979.8,4652818.0,103342,2001-06-23 00:00:00,2001-06-23 00:00:00
2147686.2,4652818.0,103343,2009-08-18 00:00:00,2009-08-18 00:00:00
2152782.8,4652818.0,103344,2016-11-17 00:00:00,2016-11-17 00:00:00
2153709.2,4651891.5,103345,2008-02-13 00:00:00,2008-02-13 00:00:00
2156952.5,4652355.0,103346,2007-06-10 00:00:00,2007-06-10 00:00:00
2188921.0,4652818.0,103347,2006-09-20 00:00:00,2006-09-20 00:00:00
2193090.8,4652818.0,103348,2005-09-03 00:00:00,2005-09-03 00:00:00
2196334.0,4650965.0,103349,2001-09-04 00:00:00,2001-09-10 00:00:00
1805761.2,4652355.0,103361,2010-08-04 00:00:00,2010-08-04 00:00:00
2151856.0,4652355.0,103362,2016-11-19 00:00:00,2016-11-19 00:00:00
2157879.0,4651428.0,103363,2007-07-05 00:00:00,2007-07-08 00:00:00
1777962.5,4650501.5,103383,2014-03-13 00:00:00,2014-03-15 00:00:00
1889620.9,4651891.5,103384,2021-08-23 00:00:00,2021-08-23 00:00:00
1888694.2,4651891.5,103385,2021-07-28 00:00:00,2021-07-28 00:00:00
2164828.8,4651891.5,103386,2006-10-01 00:00:00,2006-10-01 00:00:00
2188457.8,4651428.0,103387,2006-09-22 00:00:00,2006-09-22 00:00:00
2190774.2,4651891.5,103388,2006-09-22 00:00:00,2006-10-03 00:00:00
2139809.8,4651428.0,103404,2001-11-07 00:00:00,2001-11-08 00:00:00
2164828.8,4650965.0,103405,2006-09-14 00:00:00,2006-09-19 00:00:00
2181044.8,4650965.0,103406,2007-07-18 00:00:00,2007-07-20 00:00:00
2201430.5,4650965.0,103407,2022-10-13 00:00:00,2022-10-18 00:00:00
1795105.1,4650501.5,103424,2007-06-29 00:00:00,2007-07-02 00:00:00
1809004.5,4649111.5,103425,2023-10-12 00:00:00,2023-10-19 00:00:00
1889620.9,4650038.0,103426,2012-07-13 00:00:00,2012-07-16 00:00:00
2041124.1,4649575.0,103427,2007-07-24 00:00:00,2007-07-29 00:00:00
1809931.1,4650038.0,103437,2002-07-31 00:00:00,2002-07-31 00:00:00
1811321.0,4650501.5,103438,2002-07-31 00:00:00,2002-07-31 00:00:00
1836339.9,4650038.0,103439,2003-07-20 00:00:00,2003-08-02 00:00:00
1926685.9,4650501.5,103440,2024-07-30 00:00:00,2024-07-30 00:00:00
2201893.8,4650501.5,103441,2007-09-22 00:00:00,2007-09-22 00:00:00
1809004.5,4649111.5,103461,2011-08-05 00:00:00,2011-08-09 00:00:00
1835413.2,4649575.0,103462,2010-07-31 00:00:00,2010-08-02 00:00:00
1898887.1,4650038.0,103463,2015-09-06 00:00:00,2015-09-08 00:00:00
1926685.9,4642625.0,103464,2017-08-22 00:00:00,2017-08-30 00:00:00
1925759.2,4650038.0,103465,2024-07-30 00:00:00,2024-07-30 00:00:00
1787692.1,4648185.0,103476,2015-08-30 00:00:00,2015-09-03 00:00:00
1791398.6,4648648.5,103485,2015-09-01 00:00:00,2015-09-01 00:00:00
2121740.8,4647721.5,103486,2008-02-06 00:00:00,2008-02-18 00:00:00
2201893.8,4649111.5,103487,2022-10-05 00:00:00,2022-10-05 00:00:00
2121277.2,4648648.5,103501,2008-02-06 00:00:00,2008-02-06 00:00:00
2200967.2,4648185.0,103502,2015-10-29 00:00:00,2015-10-29 00:00:00
2201430.5,4648648.5,103503,2015-10-14 00:00:00,2015-10-15 00:00:00
2203747.0,4648185.0,103504,2007-08-24 00:00:00,2007-08-27 00:00:00
2114327.8,4648185.0,103518,2001-08-17 00:00:00,2001-08-17 00:00:00
2123130.5,4647721.5,103519,2008-01-30 00:00:00,2008-01-31 00:00:00
1826147.0,4646331.5,103535,2012-08-23 00:00:00,2012-08-25 00:00:00
2183824.5,4646795.0,103536,2018-09-27 00:00:00,2018-09-29 00:00:00
2200967.2,4647258.5,103537,2015-10-14 00:00:00,2015-10-14 00:00:00
1822440.5,4646331.5,103550,2020-06-11 00:00:00,2020-06-17 00:00:00
2184751.2,4647258.5,103551,2018-10-02 00:00:00,2018-10-02 00:00:00
2202357.0,4645405.0,103552,2015-10-25 00:00:00,2015-10-28 00:00:00
1828926.9,4642625.0,103561,2021-08-03 00:00:00,2021-08-06 00:00:00
2160195.8,4646331.5,103562,2003-08-08 00:00:00,2003-08-10 00:00:00
2183824.5,4646331.5,103563,2006-09-02 00:00:00,2006-09-04 00:00:00
2184751.2,4646795.0,103564,2018-09-26 00:00:00,2018-09-26 00:00:00
2201430.5,4646331.5,103565,2012-09-28 00:00:00,2012-09-28 00:00:00
2204673.8,4644015.0,103566,2016-09-06 00:00:00,2016-09-15 00:00:00
2200967.2,4646331.5,103567,2015-10-13 00:00:00,2015-10-13 00:00:00
2146296.2,4645405.0,103582,2001-08-02 00:00:00,2001-08-03 00:00:00
2179191.5,4645405.0,103583,2001-08-24 00:00:00,2001-08-24 00:00:00
2183824.5,4645868.5,103584,2001-09-30 00:00:00,2001-10-02 00:00:00
2200040.5,4646331.5,103585,2005-10-05 00:00:00,2005-10-05 00:00:00
2200503.8,4646331.5,103586,2018-10-09 00:00:00,2018-10-09 00:00:00
1793715.1,4644942.0,103601,2007-09-28 00:00:00,2007-10-04 00:00:00
2168072.0,4645405.0,103602,2011-02-03 00:00:00,2011-02-03 00:00:00
2183824.5,4645868.5,103603,2018-09-21 00:00:00,2018-09-24 00:00:00
2184751.2,4645868.5,103604,2018-10-03 00:00:00,2018-10-03 00:00:00
2201430.5,4645868.5,103605,2015-10-19 00:00:00,2015-10-19 00:00:00
1820124.0,4644942.0,103610,2020-07-01 00:00:00,2020-07-02 00:00:00
2175948.2,4645405.0,103611,2003-09-18 00:00:00,2003-09-18 00:00:00
2200040.5,4645405.0,103612,2005-10-06 00:00:00,2005-10-06 00:00:00
2200967.2,4645405.0,103613,2018-10-19 00:00:00,2018-10-19 00:00:00
2201430.5,4645405.0,103614,2016-09-16 00:00:00,2016-09-16 00:00:00
1817344.1,4644942.0,103627,2020-06-18 00:00:00,2020-06-18 00:00:00
1900277.1,4643552.0,103628,2024-07-29 00:00:00,2024-07-29 00:00:00
2018885.1,4644942.0,103629,2020-09-02 00:00:00,2020-09-07 00:00:00
2176411.5,4644942.0,103630,2003-09-12 00:00:00,2003-09-12 00:00:00
2200040.5,4644942.0,103631,2018-10-19 00:00:00,2018-10-19 00:00:00
2200503.8,4644942.0,103632,2018-10-04 00:00:00,2018-10-12 00:00:00
1802518.1,4644015.0,103649,2011-07-22 00:00:00,2011-07-22 00:00:00
1804834.6,4644478.5,103650,2019-08-25 00:00:00,2019-08-26 00:00:00
1817344.1,4644478.5,103651,2020-06-24 00:00:00,2020-06-24 00:00:00
1819660.6,4644478.5,103652,2020-06-09 00:00:00,2020-06-09 00:00:00
1820587.2,4644478.5,103653,2020-06-18 00:00:00,2020-06-18 00:00:00
1772866.1,4643088.5,103669,2011-11-22 00:00:00,2011-11-22 00:00:00
2177801.5,4642625.0,103670,2001-08-24 00:00:00,2001-08-26 00:00:00
1769622.9,4643552.0,103682,2007-07-24 00:00:00,2007-07-24 00:00:00
1939658.6,4643552.0,103683,2017-06-07 00:00:00,2017-06-07 00:00:00
2180118.0,4643088.5,103685,2001-08-27 00:00:00,2001-08-30 00:00:00
1767306.4,4643088.5,103694,2007-07-23 00:00:00,2007-07-31 00:00:00
1759893.4,4641235.5,103698,2024-07-28 00:00:00,2024-07-29 00:00:00
1768233.0,4642625.0,103699,2007-07-16 00:00:00,2007-07-16 00:00:00
1819660.6,4642162.0,103708,2019-02-06 00:00:00,2019-02-06 00:00:00
1833096.8,4640772.0,103709,2023-09-26 00:00:00,2023-09-27 00:00:00
2181044.8,4642162.0,103710,2006-09-02 00:00:00,2006-09-02 00:00:00
1761746.6,4641698.5,103718,2024-07-28 00:00:00,2024-07-28 00:00:00
1762673.2,4641235.5,103719,2024-07-17 00:00:00,2024-07-30 00:00:00
2181044.8,4641235.5,103720,2006-08-22 00:00:00,2006-08-27 00:00:00
1778889.1,4641235.5,103731,2012-08-26 00:00:00,2012-08-28 00:00:00
1898423.9,4639845.5,103732,2007-07-22 00:00:00,2007-07-27 00:00:00
2192164.2,4640772.0,103733,2001-09-29 00:00:00,2001-09-29 00:00:00
2193554.2,4641235.5,103734,2014-07-25 00:00:00,2014-07-25 00:00:00
1761746.6,4640772.0,103746,2024-07-30 00:00:00,2024-07-30 00:00:00
1763136.5,4640308.5,103747,2012-08-13 00:00:00,2012-08-16 00:00:00
1788618.8,4640308.5,103748,2017-08-03 00:00:00,2017-08-04 00:00:00
2193090.8,4640772.0,103749,2014-08-10 00:00:00,2014-08-10 00:00:00
1827537.0,4639845.5,103761,2011-07-15 00:00:00,2011-07-18 00:00:00
2198650.5,4639382.0,103762,2001-09-08 00:00:00,2001-09-10 00:00:00
1795105.1,4637992.0,103779,2012-08-14 00:00:00,2012-08-17 00:00:00
1936878.8,4639845.5,103780,2008-07-14 00:00:00,2008-07-14 00:00:00
1761746.6,4638918.5,103787,2024-07-28 00:00:00,2024-07-30 00:00:00
1771476.1,4639382.0,103788,2007-08-05 00:00:00,2007-08-05 00:00:00
1800664.9,4639382.0,103789,2017-08-01 00:00:00,2017-08-01 00:00:00
1760820.0,4638918.5,103801,2024-07-28 00:00:00,2024-07-28 00:00:00
1779815.8,4638918.5,103802,2019-10-31 00:00:00,2019-11-01 00:00:00
1885451.1,4637992.0,103803,2019-03-28 00:00:00,2019-04-02 00:00:00
2169462.0,4638455.5,103804,2016-11-10 00:00:00,2016-11-10 00:00:00
1745994.0,4638455.5,103814,2024-03-30 00:00:00,2024-03-30 00:00:00
1746457.2,4637992.0,103815,2019-10-21 00:00:00,2019-10-26 00:00:00
1752943.6,4637065.5,103816,2019-10-26 00:00:00,2019-11-10 00:00:00
1765453.1,4638455.5,103817,2012-08-15 00:00:00,2012-08-16 00:00:00
2167608.8,4638455.5,103818,2016-10-29 00:00:00,2016-10-29 00:00:00
2200503.8,4637992.0,103819,2001-09-08 00:00:00,2001-09-10 00:00:00
1743677.4,4637529.0,103830,2007-07-22 00:00:00,2007-07-23 00:00:00
1745530.6,4637992.0,103831,2010-11-02 00:00:00,2010-11-04 00:00:00
1745530.6,4637992.0,103832,2024-03-20 00:00:00,2024-03-21 00:00:00
1765453.1,4637992.0,103833,2008-08-21 00:00:00,2008-08-28 00:00:00
1779815.8,4637065.5,103834,2007-07-24 00:00:00,2007-07-31 00:00:00
1780279.1,4637529.0,103835,2007-08-01 00:00:00,2007-08-06 00:00:00
1787692.1,4637529.0,103836,2017-10-24 00:00:00,2017-10-26 00:00:00
1789545.4,4637529.0,103837,2017-11-16 00:00:00,2017-11-21 00:00:00
1840046.4,4637992.0,103838,2004-07-14 00:00:00,2004-07-19 00:00:00
1887304.4,4637065.5,103839,2000-11-04 00:00:00,2000-11-07 00:00:00
2168535.2,4637992.0,103840,2002-08-22 00:00:00,2002-08-22 00:00:00
1743677.4,4637529.0,103846,2009-11-14 00:00:00,2009-11-14 00:00:00
1744604.0,4637065.5,103847,2024-03-17 00:00:00,2024-03-17 00:00:00
1746920.6,4637529.0,103848,2019-10-31 00:00:00,2019-10-31 00:00:00
1780279.1,4637529.0,103849,2017-07-27 00:00:00,2017-08-04 00:00:00
1837729.9,4636139.0,103850,2023-08-03 00:00:00,2023-08-07 00:00:00
1853482.5,4635675.5,103851,2023-10-07 00:00:00,2023-10-12 00:00:00
1948461.6,4637529.0,103852,2017-06-07 00:00:00,2017-06-07 00:00:00
2185677.8,4637529.0,103853,2001-09-30 00:00:00,2001-09-30 00:00:00
1752017.0,4637065.5,103859,2015-11-18 00:00:00,2015-11-18 00:00:00
1787692.1,4637065.5,103860,2017-10-18 00:00:00,2017-10-18 00:00:00
1853482.5,4635212.0,103861,2007-07-20 00:00:00,2007-07-25 00:00:00
1948461.6,4637065.5,103862,2017-06-13 00:00:00,2017-06-13 00:00:00
2171778.5,4637065.5,103863,2002-08-28 00:00:00,2002-08-28 00:00:00
2175485.0,4637065.5,103864,2001-08-23 00:00:00,2001-08-26 00:00:00
2198187.2,4636602.0,103865,2001-08-28 00:00:00,2001-08-30 00:00:00
1752017.0,4636602.0,103880,2011-09-16 00:00:00,2011-09-20 00:00:00
2174558.2,4636602.0,103881,2001-08-23 00:00:00,2001-08-23 00:00:00
2174558.2,4635675.5,103882,2001-08-03 00:00:00,2001-08-03 00:00:00
1772866.1,4634749.0,103897,2023-10-03 00:00:00,2023-10-20 00:00:00
1854872.4,4636139.0,103898,2023-10-09 00:00:00,2023-10-09 00:00:00
1887767.6,4635675.5,103899,2000-11-15 00:00:00,2000-11-17 00:00:00
2176875.0,4632895.5,103900,2001-08-20 00:00:00,2001-08-30 00:00:00
2177338.2,4635675.5,103901,2001-09-25 00:00:00,2001-09-25 00:00:00
2178728.2,4635212.0,103902,2001-09-06 00:00:00,2001-09-08 00:00:00
2175948.2,4634285.5,103903,2002-08-21 00:00:00,2002-08-24 00:00:00
1780279.1,4635675.5,103913,2000-11-08 00:00:00,2000-11-08 00:00:00
1781669.0,4635675.5,103914,2000-11-15 00:00:00,2000-11-15 00:00:00
1782132.4,4635675.5,103915,2000-11-22 00:00:00,2000-11-22 00:00:00
1887304.4,4634749.0,103916,2000-11-03 00:00:00,2000-11-08 00:00:00
2172705.0,4635675.5,103917,2002-08-26 00:00:00,2002-08-26 00:00:00
1736264.4,4635212.0,103922,2007-08-09 00:00:00,2007-08-09 00:00:00
1736727.6,4635212.0,103923,2007-07-31 00:00:00,2007-08-02 00:00:00
1733021.1,4634749.0,103924,2022-10-16 00:00:00,2022-10-22 00:00:00
1782132.4,4635212.0,103925,2000-11-03 00:00:00,2000-11-03 00:00:00
1831243.5,4628262.5,103926,2024-07-12 00:00:00,2024-07-28 00:00:00
2173631.8,4635212.0,103927,2002-08-26 00:00:00,2002-08-26 00:00:00
2176411.5,4635212.0,103928,2001-08-17 00:00:00,2001-08-17 00:00:00
2177338.2,4633822.5,103929,2008-09-26 00:00:00,2008-10-05 00:00:00
2187531.0,4635212.0,103930,2001-09-21 00:00:00,2001-09-27 00:00:00
1777962.5,4634749.0,103939,2023-10-10 00:00:00,2023-10-13 00:00:00
1808077.9,4634749.0,103940,2007-07-11 00:00:00,2007-07-12 00:00:00
1800201.5,4633822.5,103945,2001-07-04 00:00:00,2001-07-04 00:00:00
1738117.6,4631969.0,103954,2007-07-27 00:00:00,2007-08-01 00:00:00
1766843.0,4632895.5,103955,2008-08-21 00:00:00,2008-08-23 00:00:00
1777962.5,4634285.5,103956,2023-10-22 00:00:00,2023-10-22 00:00:00
1865065.2,4634285.5,103957,2024-07-13 00:00:00,2024-07-17 00:00:00
2153246.0,4634285.5,103958,2016-08-10 00:00:00,2016-08-14 00:00:00
2174558.2,4634285.5,103959,2001-10-03 00:00:00,2001-10-07 00:00:00
2175948.2,4633359.0,103960,2002-08-26 00:00:00,2002-08-30 00:00:00
2183824.5,4632432.5,103961,2001-09-29 00:00:00,2001-10-11 00:00:00
2183361.2,4633359.0,103962,2008-02-15 00:00:00,2008-02-15 00:00:00
2194017.5,4634285.5,103963,2001-08-20 00:00:00,2001-08-28 00:00:00
1768696.2,4632895.5,103974,2012-08-18 00:00:00,2012-08-26 00:00:00
1773329.4,4633359.0,103975,2023-10-19 00:00:00,2023-10-19 00:00:00
1797885.0,4631969.0,103992,2011-08-26 00:00:00,2011-08-28 00:00:00
2195407.5,4631042.5,103993,2008-09-24 00:00:00,2008-09-29 00:00:00
2181508.0,4631505.5,103994,2001-09-26 00:00:00,2001-09-30 00:00:00
1734411.1,4632432.5,104005,2022-10-31 00:00:00,2022-10-31 00:00:00
1750627.1,4630116.0,104006,2019-10-21 00:00:00,2019-10-29 00:00:00
1796958.4,4632432.5,104007,2011-09-02 00:00:00,2011-09-02 00:00:00
1798811.6,4631969.0,104008,2001-08-17 00:00:00,2001-08-19 00:00:00
1799274.9,4632432.5,104009,2001-07-04 00:00:00,2001-07-04 00:00:00
1811784.4,4631042.5,104010,2024-07-08 00:00:00,2024-07-12 00:00:00
2179191.5,4631969.0,104011,2008-10-02 00:00:00,2008-10-02 00:00:00
1745994.0,4631969.0,104026,2018-11-01 00:00:00,2018-11-06 00:00:00
1746920.6,4631969.0,104027,2018-11-09 00:00:00,2018-11-09 00:00:00
1812711.0,4631042.5,104028,2019-09-02 00:00:00,2019-09-07 00:00:00
2177338.2,4631042.5,104029,2001-09-28 00:00:00,2001-10-03 00:00:00
2178728.2,4631042.5,104030,2001-09-20 00:00:00,2001-09-22 00:00:00
2190774.2,4631969.0,104031,2008-09-25 00:00:00,2008-09-25 00:00:00
2194017.5,4631969.0,104032,2007-09-24 00:00:00,2007-09-24 00:00:00
2194480.8,4631505.5,104033,2008-10-05 00:00:00,2008-10-05 00:00:00
1749700.5,4631505.5,104043,2019-10-15 00:00:00,2019-10-15 00:00:00
1800201.5,4631042.5,104044,2001-07-03 00:00:00,2001-07-03 00:00:00
2176411.5,4631505.5,104045,2001-09-22 00:00:00,2001-09-22 00:00:00
2177338.2,4631505.5,104046,2001-09-22 00:00:00,2001-09-22 00:00:00
2184288.0,4630116.0,104047,2001-09-19 00:00:00,2001-09-29 00:00:00
2193554.2,4631505.5,104048,2008-10-05 00:00:00,2008-10-05 00:00:00
2195407.5,4631505.5,104049,2007-10-03 00:00:00,2007-10-03 00:00:00
2217646.5,4630579.0,104050,2018-09-29 00:00:00,2018-10-04 00:00:00
2222742.8,4631042.5,104051,2016-09-30 00:00:00,2016-10-02 00:00:00
1748773.9,4631042.5,104063,2019-11-12 00:00:00,2019-11-12 00:00:00
1751553.8,4631042.5,104064,2019-10-18 00:00:00,2019-10-19 00:00:00
2192627.5,4629652.5,104066,2004-10-11 00:00:00,2004-10-24 00:00:00
2194944.0,4631042.5,104067,2004-10-16 00:00:00,2004-10-16 00:00:00
1744140.8,4628262.5,104081,2007-08-28 00:00:00,2007-09-03 00:00:00
1749237.1,4630116.0,104082,2019-11-04 00:00:00,2019-11-04 00:00:00
2192164.2,4630579.0,104083,2007-10-10 00:00:00,2007-10-10 00:00:00
2193090.8,4630579.0,104084,2008-10-05 00:00:00,2008-10-05 00:00:00
2194480.8,4630579.0,104085,2004-10-06 00:00:00,2004-10-06 00:00:00
2194480.8,4630579.0,104086,2004-10-31 00:00:00,2004-10-31 00:00:00
2188921.0,4625482.5,104087,2004-10-03 00:00:00,2004-10-21 00:00:00
1748773.9,4630116.0,104098,2019-11-10 00:00:00,2019-11-10 00:00:00
1750163.8,4630116.0,104099,2019-11-12 00:00:00,2019-11-12 00:00:00
1806687.9,4629189.0,104100,2019-08-26 00:00:00,2019-08-28 00:00:00
1922516.1,4629189.0,104101,2024-07-27 00:00:00,2024-07-30 00:00:00
2190774.2,4629189.0,104102,2008-09-28 00:00:00,2008-09-28 00:00:00
2201430.5,4630116.0,104103,2012-10-15 00:00:00,2012-10-16 00:00:00
2202357.0,4625482.5,104104,2007-09-24 00:00:00,2007-10-05 00:00:00
1831706.8,4626409.5,104114,2019-06-30 00:00:00,2019-07-03 00:00:00
1832633.4,4629189.0,104115,2019-06-25 00:00:00,2019-06-25 00:00:00
2181971.2,4629652.5,104116,2001-09-30 00:00:00,2001-10-02 00:00:00
2185677.8,4629189.0,104117,2001-10-08 00:00:00,2001-10-11 00:00:00
2196797.2,4629652.5,104118,2005-10-15 00:00:00,2005-10-16 00:00:00
2197724.0,4629652.5,104119,2004-10-08 00:00:00,2004-10-08 00:00:00
2200040.5,4628262.5,104120,2013-10-16 00:00:00,2013-10-21 00:00:00
2201893.8,4629652.5,104121,2005-10-19 00:00:00,2005-10-19 00:00:00
2221816.2,4628262.5,104123,2016-09-26 00:00:00,2016-09-26 00:00:00
1747383.9,4628726.0,104127,2019-03-20 00:00:00,2019-03-24 00:00:00
2176411.5,4628726.0,104128,2001-09-29 00:00:00,2001-09-29 00:00:00
2186141.2,4628262.5,104129,2004-10-06 00:00:00,2004-10-13 00:00:00
1784448.9,4626872.5,104141,2007-07-20 00:00:00,2007-07-27 00:00:00
2180581.5,4628726.0,104142,2001-10-01 00:00:00,2001-10-01 00:00:00
2185677.8,4628726.0,104143,2001-09-30 00:00:00,2001-09-30 00:00:00
2198650.5,4625946.0,104144,2008-09-23 00:00:00,2008-09-29 00:00:00
2200040.5,4628726.0,104145,2012-10-15 00:00:00,2012-10-15 00:00:00
1897960.5,4627336.0,104155,2020-03-17 00:00:00,2020-03-19 00:00:00
2181971.2,4627799.0,104156,2001-09-30 00:00:00,2001-10-02 00:00:00
2188921.0,4628262.5,104157,2008-09-30 00:00:00,2008-09-30 00:00:00
2190311.0,4628262.5,104158,2008-10-07 00:00:00,2008-10-07 00:00:00
2196334.0,4625482.5,104159,2001-09-29 00:00:00,2001-10-12 00:00:00
2197724.0,4625946.0,104160,2001-10-06 00:00:00,2001-10-12 00:00:00
2199577.2,4627336.0,104161,2007-09-24 00:00:00,2007-09-30 00:00:00
2201893.8,4628262.5,104162,2013-10-17 00:00:00,2013-10-19 00:00:00
2198650.5,4627336.0,104163,2005-10-10 00:00:00,2005-10-14 00:00:00
2202357.0,4627799.0,104164,2003-10-05 00:00:00,2003-10-05 00:00:00
2202820.5,4628262.5,104165,2008-09-25 00:00:00,2008-09-25 00:00:00
1756186.9,4626409.5,104176,2011-11-05 00:00:00,2011-11-13 00:00:00
1805298.0,4626872.5,104177,2015-09-04 00:00:00,2015-09-12 00:00:00
1822903.9,4627799.0,104178,2001-08-03 00:00:00,2001-08-03 00:00:00
2182434.8,4627799.0,104179,2001-10-09 00:00:00,2001-10-09 00:00:00
2183361.2,4625019.5,104180,2004-10-07 00:00:00,2004-10-21 00:00:00
2198187.2,4626409.5,104181,2012-10-16 00:00:00,2012-10-18 00:00:00
2209770.0,4627799.0,104182,2022-05-12 00:00:00,2022-05-12 00:00:00
2210233.5,4627799.0,104183,2016-10-24 00:00:00,2016-10-24 00:00:00
1734411.1,4627336.0,104195,2022-10-22 00:00:00,2022-10-22 00:00:00
1753870.2,4627336.0,104196,2011-11-20 00:00:00,2011-11-26 00:00:00
1786302.1,4626409.5,104197,2019-03-22 00:00:00,2019-03-27 00:00:00
1804371.4,4627336.0,104198,2015-09-12 00:00:00,2015-09-12 00:00:00
1829390.2,4627336.0,104199,2024-07-22 00:00:00,2024-07-24 00:00:00
2182898.0,4627336.0,104200,2007-10-01 00:00:00,2007-10-01 00:00:00
2188921.0,4627336.0,104201,2008-10-06 00:00:00,2008-10-06 00:00:00
2192627.5,4626872.5,104202,2004-10-24 00:00:00,2004-10-26 00:00:00
2201430.5,4627336.0,104203,2003-09-13 00:00:00,2003-09-13 00:00:00
2209306.8,4627336.0,104204,2012-09-10 00:00:00,2012-09-13 00:00:00
2210233.5,4627336.0,104205,2016-10-10 00:00:00,2016-10-16 00:00:00
2209770.0,4627336.0,104206,2021-06-01 00:00:00,2021-06-01 00:00:00
2210233.5,4627336.0,104207,2012-09-17 00:00:00,2012-09-17 00:00:00
2216719.8,4626872.5,104208,2016-09-21 00:00:00,2016-09-21 00:00:00
2184751.2,4626872.5,104218,2004-10-21 00:00:00,2004-10-24 00:00:00
2192164.2,4626409.5,104219,2008-10-02 00:00:00,2008-10-11 00:00:00
2193554.2,4626872.5,104220,2001-09-29 00:00:00,2001-09-30 00:00:00
2189847.8,4626409.5,104221,2005-10-13 00:00:00,2005-10-13 00:00:00
2196334.0,4625482.5,104222,2006-09-22 00:00:00,2006-10-03 00:00:00
2209306.8,4626872.5,104223,2016-10-22 00:00:00,2016-10-24 00:00:00
2215793.2,4625482.5,104224,2001-09-06 00:00:00,2001-09-11 00:00:00
2218573.0,4626409.5,104226,2016-09-16 00:00:00,2016-09-26 00:00:00
1783059.0,4625482.5,104238,2012-08-28 00:00:00,2012-09-01 00:00:00
1786765.5,4626409.5,104239,2019-03-29 00:00:00,2019-03-29 00:00:00
1838193.1,4626409.5,104240,2001-09-24 00:00:00,2001-09-28 00:00:00
2196797.2,4625946.0,104241,2006-09-22 00:00:00,2006-09-22 00:00:00
2202357.0,4625482.5,104242,2016-10-12 00:00:00,2016-10-13 00:00:00
2202357.0,4626409.5,104243,2016-10-06 00:00:00,2016-10-06 00:00:00
2205137.0,4626409.5,104244,2003-09-12 00:00:00,2003-09-12 00:00:00
1745530.6,4625946.0,104256,2019-03-24 00:00:00,2019-03-24 00:00:00
2184751.2,4625946.0,104257,2004-10-16 00:00:00,2004-10-17 00:00:00
2192627.5,4624092.5,104258,2008-09-20 00:00:00,2008-09-30 00:00:00
2194017.5,4625946.0,104259,2004-10-15 00:00:00,2004-10-15 00:00:00
2202357.0,4623629.5,104260,2012-10-15 00:00:00,2012-10-16 00:00:00
2213013.2,4625019.5,104261,2019-10-09 00:00:00,2019-10-19 00:00:00
2213013.2,4625946.0,104262,2019-10-09 00:00:00,2019-10-09 00:00:00
2216719.8,4625946.0,104263,2001-07-04 00:00:00,2001-07-04 00:00:00
1734411.1,4625482.5,104276,2022-10-16 00:00:00,2022-10-18 00:00:00
1771939.5,4619923.0,104277,2015-08-30 00:00:00,2015-09-12 00:00:00
1783059.0,4625482.5,104278,2007-08-24 00:00:00,2007-08-30 00:00:00
1782595.6,4625482.5,104279,2017-08-27 00:00:00,2017-09-01 00:00:00
1787692.1,4625482.5,104280,2007-08-05 00:00:00,2007-08-08 00:00:00
1818270.8,4625019.5,104281,2006-11-21 00:00:00,2006-11-25 00:00:00
2182898.0,4624556.0,104282,2016-10-12 00:00:00,2016-10-13 00:00:00
2189384.2,4625019.5,104283,2004-09-08 00:00:00,2004-09-08 00:00:00
2190774.2,4625019.5,104284,2008-10-06 00:00:00,2008-10-10 00:00:00
2193090.8,4625482.5,104285,2001-09-30 00:00:00,2001-09-30 00:00:00
2193554.2,4625482.5,104286,2005-10-14 00:00:00,2005-10-14 00:00:00
2200503.8,4625482.5,104287,2008-10-05 00:00:00,2008-10-05 00:00:00
2206063.5,4625482.5,104288,2008-10-18 00:00:00,2008-10-18 00:00:00
2217183.0,4625019.5,104289,2001-06-23 00:00:00,2001-06-23 00:00:00
2219036.2,4625019.5,104290,2001-06-23 00:00:00,2001-06-23 00:00:00
2219499.8,4625482.5,104291,2001-07-04 00:00:00,2001-07-04 00:00:00
1782132.4,4625019.5,104298,2011-08-26 00:00:00,2011-08-30 00:00:00
1831706.8,4625019.5,104299,2021-07-19 00:00:00,2021-07-22 00:00:00
1834486.6,4623166.0,104300,2019-09-04 00:00:00,2019-09-06 00:00:00
1882207.9,4625019.5,104301,2012-08-31 00:00:00,2012-08-31 00:00:00
2199114.0,4623629.5,104302,2016-10-10 00:00:00,2016-10-13 00:00:00
2201893.8,4625019.5,104303,2007-10-02 00:00:00,2007-10-03 00:00:00
2202357.0,4624092.5,104304,2008-10-08 00:00:00,2008-10-08 00:00:00
2213013.2,4624092.5,104305,2001-08-02 00:00:00,2001-08-03 00:00:00
1764526.5,4622239.5,104314,2008-08-14 00:00:00,2008-08-28 00:00:00
1786302.1,4624556.0,104315,2017-08-03 00:00:00,2017-08-05 00:00:00
1842826.2,4620849.5,104316,2007-06-22 00:00:00,2007-07-04 00:00:00
2183361.2,4624556.0,104317,2008-10-02 00:00:00,2008-10-02 00:00:00
2184751.2,4624556.0,104318,2016-10-13 00:00:00,2016-10-13 00:00:00
2188921.0,4624556.0,104319,2005-10-14 00:00:00,2005-10-14 00:00:00
2189847.8,4624556.0,104320,2005-10-06 00:00:00,2005-10-06 00:00:00
2192627.5,4624556.0,104321,2008-10-02 00:00:00,2008-10-02 00:00:00
2193554.2,4624556.0,104322,2008-10-02 00:00:00,2008-10-02 00:00:00
2195870.8,4621313.0,104323,2012-10-16 00:00:00,2012-10-16 00:00:00
2198650.5,4624556.0,104324,2004-10-21 00:00:00,2004-10-21 00:00:00
2198650.5,4623166.0,104325,2008-10-05 00:00:00,2008-10-08 00:00:00
2199577.2,4624556.0,104326,2008-09-25 00:00:00,2008-09-25 00:00:00
2203283.8,4622703.0,104327,2008-09-25 00:00:00,2008-10-05 00:00:00
2204210.2,4624556.0,104328,2001-10-09 00:00:00,2001-10-09 00:00:00
2214866.5,4624556.0,104329,2001-09-28 00:00:00,2001-09-28 00:00:00
2217183.0,4624556.0,104330,2001-07-06 00:00:00,2001-07-08 00:00:00
2220426.2,4624556.0,104331,2001-07-04 00:00:00,2001-07-04 00:00:00
1767769.6,4624092.5,104337,2017-08-27 00:00:00,2017-08-30 00:00:00
1782595.6,4624092.5,104338,2007-09-10 00:00:00,2007-09-11 00:00:00
1783059.0,4624092.5,104339,2011-09-05 00:00:00,2011-09-05 00:00:00
1796495.0,4623629.5,104340,2001-10-22 00:00:00,2001-10-29 00:00:00
1841436.4,4622239.5,104341,2022-07-23 00:00:00,2022-07-28 00:00:00
1879428.0,4624092.5,104342,2018-09-15 00:00:00,2018-09-17 00:00:00
2187994.5,4624092.5,104343,2005-10-13 00:00:00,2005-10-13 00:00:00
2188457.8,4624092.5,104344,2005-10-06 00:00:00,2005-10-06 00:00:00
2190774.2,4624092.5,104345,2007-10-10 00:00:00,2007-10-14 00:00:00
2197260.8,4623629.5,104346,2001-09-30 00:00:00,2001-10-07 00:00:00
2201893.8,4623166.0,104347,2008-10-08 00:00:00,2008-10-08 00:00:00
2202357.0,4624092.5,104348,2003-10-03 00:00:00,2003-10-11 00:00:00
2203283.8,4623166.0,104349,2001-09-28 00:00:00,2001-10-07 00:00:00
2204673.8,4624092.5,104350,2008-09-25 00:00:00,2008-09-25 00:00:00
2218573.0,4623629.5,104351,2001-06-11 00:00:00,2001-06-11 00:00:00
2219499.8,4624092.5,104352,2001-07-04 00:00:00,2001-07-04 00:00:00
1765453.1,4623629.5,104357,2017-07-31 00:00:00,2017-08-09 00:00:00
1772866.1,4623629.5,104358,2015-09-12 00:00:00,2015-09-12 00:00:00
1788618.8,4623629.5,104359,2011-08-23 00:00:00,2011-08-31 00:00:00
1832633.4,4623166.0,104360,2013-09-17 00:00:00,2013-09-17 00:00:00
2087918.8,4623166.0,104361,2016-07-28 00:00:00,2016-08-01 00:00:00
2190311.0,4623629.5,104362,2007-10-26 00:00:00,2007-10-26 00:00:00
2196334.0,4623629.5,104363,2004-10-16 00:00:00,2004-10-16 00:00:00
2197260.8,4623629.5,104364,2005-10-03 00:00:00,2005-10-03 00:00:00
2200503.8,4623629.5,104365,2001-10-07 00:00:00,2001-10-07 00:00:00
2200503.8,4623629.5,104366,2005-10-10 00:00:00,2005-10-10 00:00:00
2201430.5,4622703.0,104367,2005-10-03 00:00:00,2005-10-04 00:00:00
2202820.5,4623629.5,104368,2001-10-09 00:00:00,2001-10-09 00:00:00
2201893.8,4622703.0,104369,2008-10-02 00:00:00,2008-10-02 00:00:00
2208843.5,4623629.5,104370,2004-10-15 00:00:00,2004-10-15 00:00:00
2209770.0,4622239.5,104371,2004-10-16 00:00:00,2004-10-21 00:00:00
2219036.2,4623166.0,104372,2001-07-06 00:00:00,2001-07-11 00:00:00
1708465.6,4622703.0,104381,2012-09-06 00:00:00,2012-09-10 00:00:00
1790472.0,4623166.0,104382,2011-08-31 00:00:00,2011-08-31 00:00:00
1791398.6,4621776.0,104383,2011-09-02 00:00:00,2011-09-06 00:00:00
1821050.6,4622239.5,104384,2004-08-02 00:00:00,2004-08-05 00:00:00
1883597.9,4620386.0,104385,2007-07-20 00:00:00,2007-07-24 00:00:00
2190311.0,4623166.0,104386,2007-10-17 00:00:00,2007-10-17 00:00:00
2198650.5,4623166.0,104387,2005-10-04 00:00:00,2005-10-14 00:00:00
2200503.8,4623166.0,104388,2008-09-25 00:00:00,2008-09-25 00:00:00
2200967.2,4623166.0,104389,2001-09-30 00:00:00,2001-09-30 00:00:00
2203283.8,4623166.0,104390,2003-10-04 00:00:00,2003-10-04 00:00:00
2204210.2,4623166.0,104391,2012-10-16 00:00:00,2012-10-18 00:00:00
2212550.0,4623166.0,104392,2018-10-22 00:00:00,2018-10-22 00:00:00
2215329.8,4623166.0,104393,2018-10-04 00:00:00,2018-10-04 00:00:00
2220426.2,4623166.0,104394,2001-06-23 00:00:00,2001-06-23 00:00:00
1708002.2,4622703.0,104406,2012-09-19 00:00:00,2012-09-19 00:00:00
1753870.2,4622703.0,104407,2007-03-03 00:00:00,2007-03-05 00:00:00
1764526.5,4622239.5,104408,2017-08-17 00:00:00,2017-08-22 00:00:00
1786302.1,4619459.5,104409,2024-07-18 00:00:00,2024-07-26 00:00:00
1788155.4,4621776.0,104410,2011-08-27 00:00:00,2011-09-07 00:00:00
1824757.1,4622239.5,104411,2005-07-07 00:00:00,2005-07-19 00:00:00
1753870.2,4622239.5,104412,2007-03-14 00:00:00,2007-03-14 00:00:00
1850239.2,4617143.0,104413,2024-07-05 00:00:00,2024-07-18 00:00:00
2183361.2,4622703.0,104414,2008-10-05 00:00:00,2008-10-10 00:00:00
2188921.0,4612046.5,104415,2001-08-13 00:00:00,2001-09-10 00:00:00
2185677.8,4620849.5,104416,2012-10-12 00:00:00,2012-10-19 00:00:00
2192164.2,4622703.0,104417,2001-08-24 00:00:00,2001-08-30 00:00:00
2197724.0,4622703.0,104418,2001-09-30 00:00:00,2001-09-30 00:00:00
2198187.2,4622703.0,104419,2008-09-25 00:00:00,2008-09-25 00:00:00
2198187.2,4622703.0,104420,2016-10-13 00:00:00,2016-10-13 00:00:00
2200040.5,4622703.0,104421,2005-10-10 00:00:00,2005-10-10 00:00:00
2200967.2,4622703.0,104422,2001-10-06 00:00:00,2001-10-06 00:00:00
2200967.2,4622703.0,104423,2005-10-10 00:00:00,2005-10-10 00:00:00
2214866.5,4621776.0,104424,2010-04-17 00:00:00,2010-04-26 00:00:00
1752943.6,4622239.5,104431,2007-03-17 00:00:00,2007-03-17 00:00:00
1908153.4,4620849.5,104432,2000-11-06 00:00:00,2000-11-08 00:00:00
2180118.0,4621776.0,104433,2001-10-07 00:00:00,2001-10-09 00:00:00
2181044.8,4621776.0,104434,2016-10-05 00:00:00,2016-10-13 00:00:00
2184751.2,4622239.5,104435,2008-09-28 00:00:00,2008-09-28 00:00:00
2187531.0,4621776.0,104436,2011-09-19 00:00:00,2011-09-21 00:00:00
2188921.0,4621776.0,104437,2012-10-25 00:00:00,2012-10-25 00:00:00
2194480.8,4622239.5,104438,2001-08-06 00:00:00,2001-08-07 00:00:00
2193554.2,4622239.5,104439,2006-08-14 00:00:00,2006-08-14 00:00:00
2201430.5,4622239.5,104440,2004-09-08 00:00:00,2004-09-08 00:00:00
1732557.9,4621776.0,104448,2017-08-20 00:00:00,2017-08-20 00:00:00
1731631.2,4618533.0,104449,2017-08-04 00:00:00,2017-08-17 00:00:00
1756650.1,4620386.0,104450,2011-08-28 00:00:00,2011-09-03 00:00:00
1777499.2,4621776.0,104451,2020-12-04 00:00:00,2020-12-04 00:00:00
1778889.1,4621776.0,104452,2020-12-02 00:00:00,2020-12-02 00:00:00
1786765.5,4621776.0,104453,2019-03-20 00:00:00,2019-03-22 00:00:00
1788618.8,4621776.0,104454,2011-08-28 00:00:00,2011-08-28 00:00:00
1794178.5,4618533.0,104455,2001-06-23 00:00:00,2001-06-24 00:00:00
1828000.2,4621313.0,104456,2005-07-05 00:00:00,2005-07-10 00:00:00
2180118.0,4621313.0,104457,2001-10-01 00:00:00,2001-10-02 00:00:00
2187067.8,4620849.5,104458,2007-07-24 00:00:00,2007-07-29 00:00:00
2188457.8,4621776.0,104459,2001-09-30 00:00:00,2001-09-30 00:00:00
2189384.2,4621313.0,104460,2001-09-30 00:00:00,2001-10-09 00:00:00
2209306.8,4621313.0,104461,2004-10-12 00:00:00,2004-10-12 00:00:00
2214403.2,4621313.0,104462,2018-10-05 00:00:00,2018-10-08 00:00:00
1814564.2,4619923.0,104470,2009-09-02 00:00:00,2009-09-06 00:00:00
2187067.8,4621313.0,104471,2003-09-04 00:00:00,2003-09-04 00:00:00
2188921.0,4620849.5,104472,2009-08-02 00:00:00,2009-08-02 00:00:00
2210233.5,4621313.0,104473,2008-10-21 00:00:00,2008-10-21 00:00:00
1795105.1,4618996.5,104481,2001-07-18 00:00:00,2001-07-23 00:00:00
1815490.9,4620849.5,104482,2009-09-12 00:00:00,2009-09-14 00:00:00
1831706.8,4620849.5,104483,2005-07-16 00:00:00,2005-07-16 00:00:00
1909080.0,4620386.0,104484,2000-11-15 00:00:00,2000-11-17 00:00:00
1909543.4,4620386.0,104485,2000-11-04 00:00:00,2000-11-04 00:00:00
2181508.0,4620849.5,104486,2001-10-01 00:00:00,2001-10-01 00:00:00
2186141.2,4620849.5,104487,2003-09-11 00:00:00,2003-09-11 00:00:00
2189847.8,4620849.5,104488,2012-10-18 00:00:00,2012-10-18 00:00:00
2199114.0,4618533.0,104489,2007-10-01 00:00:00,2007-10-05 00:00:00
2202357.0,4619923.0,104490,2008-09-25 00:00:00,2008-09-28 00:00:00
2201430.5,4620849.5,104491,2008-10-10 00:00:00,2008-10-10 00:00:00
2203747.0,4618996.5,104492,2005-10-01 00:00:00,2005-10-11 00:00:00
1792788.5,4620386.0,104502,2001-07-05 00:00:00,2001-07-05 00:00:00
1826147.0,4620386.0,104503,2005-07-13 00:00:00,2005-07-13 00:00:00
1873868.2,4619923.0,104504,2007-07-17 00:00:00,2007-07-19 00:00:00
2183361.2,4619459.5,104505,2012-10-15 00:00:00,2012-10-18 00:00:00
2185214.5,4620386.0,104506,2012-10-25 00:00:00,2012-10-25 00:00:00
2197724.0,4620386.0,104507,2001-10-06 00:00:00,2001-10-08 00:00:00
2200967.2,4619459.5,104508,2016-10-10 00:00:00,2016-10-20 00:00:00
2204210.2,4617143.0,104509,2001-09-28 00:00:00,2001-10-11 00:00:00
2200967.2,4619459.5,104510,2008-10-06 00:00:00,2008-10-06 00:00:00
2195407.5,4618069.5,104511,2001-10-08 00:00:00,2001-10-08 00:00:00
2202820.5,4619923.0,104512,2008-10-09 00:00:00,2008-10-09 00:00:00
2203283.8,4619459.5,104513,2016-10-16 00:00:00,2016-10-16 00:00:00
2210233.5,4619459.5,104514,2008-10-18 00:00:00,2008-10-22 00:00:00
1757576.8,4619923.0,104529,2011-09-13 00:00:00,2011-09-13 00:00:00
1759430.0,4618996.5,104530,2011-09-01 00:00:00,2011-09-09 00:00:00
1776572.6,4613900.0,104531,2019-09-06 00:00:00,2019-09-19 00:00:00
1832633.4,4619459.5,104532,2002-07-04 00:00:00,2002-07-12 00:00:00
1774719.4,4619459.5,104546,2011-09-10 00:00:00,2011-09-20 00:00:00
1790472.0,4619459.5,104547,2001-07-05 00:00:00,2001-07-05 00:00:00
1831706.8,4619459.5,104548,2005-07-12 00:00:00,2005-07-19 00:00:00
1836339.9,4618996.5,104549,2003-05-31 00:00:00,2003-06-03 00:00:00
1818270.8,4611120.0,104550,2024-07-15 00:00:00,2024-07-23 00:00:00
1908616.8,4618996.5,104551,2022-03-22 00:00:00,2022-03-25 00:00:00
2194480.8,4619459.5,104552,2005-10-06 00:00:00,2005-10-06 00:00:00
2194480.8,4617606.5,104553,2004-10-15 00:00:00,2004-10-21 00:00:00
2195407.5,4619459.5,104554,2005-10-10 00:00:00,2005-10-13 00:00:00
2198650.5,4619459.5,104555,2003-09-10 00:00:00,2003-09-10 00:00:00
2199577.2,4618533.0,104556,2003-10-03 00:00:00,2003-10-11 00:00:00
2200040.5,4619459.5,104557,2008-09-28 00:00:00,2008-09-28 00:00:00
2200503.8,4618533.0,104558,2005-10-03 00:00:00,2005-10-06 00:00:00
2203747.0,4619459.5,104559,2008-10-05 00:00:00,2008-10-05 00:00:00
2204210.2,4619459.5,104560,2001-10-09 00:00:00,2001-10-09 00:00:00
1757113.5,4618069.5,104568,2022-10-28 00:00:00,2022-11-08 00:00:00
1792325.2,4618996.5,104569,2001-07-13 00:00:00,2001-07-13 00:00:00
1838193.1,4618533.0,104570,2003-05-31 00:00:00,2003-06-09 00:00:00
2013788.8,4618996.5,104571,2015-07-30 00:00:00,2015-07-30 00:00:00
2192627.5,4617606.5,104572,2012-10-15 00:00:00,2012-10-18 00:00:00
2199114.0,4618996.5,104573,2005-10-14 00:00:00,2005-10-14 00:00:00
2202357.0,4618996.5,104574,2016-10-16 00:00:00,2016-10-16 00:00:00
2205600.2,4618996.5,104575,2005-10-13 00:00:00,2005-10-13 00:00:00
2204673.8,4618069.5,104576,2004-10-02 00:00:00,2004-10-06 00:00:00
2217646.5,4617606.5,104577,2011-03-11 00:00:00,2011-03-15 00:00:00
1761283.2,4617143.0,104588,2022-10-16 00:00:00,2022-10-21 00:00:00
1773792.8,4618533.0,104589,2008-08-03 00:00:00,2008-08-03 00:00:00
1777035.9,4618069.5,104590,2011-09-11 00:00:00,2011-09-16 00:00:00
1788155.4,4618069.5,104591,2024-07-24 00:00:00,2024-07-24 00:00:00
1791861.9,4618533.0,104592,2001-07-04 00:00:00,2001-07-04 00:00:00
1834486.6,4617143.0,104593,2016-08-02 00:00:00,2016-08-06 00:00:00
1834023.4,4618533.0,104594,2016-08-15 00:00:00,2016-08-15 00:00:00
1908153.4,4618533.0,104595,2010-11-02 00:00:00,2010-11-02 00:00:00
2193554.2,4618533.0,104596,2004-10-07 00:00:00,2004-10-07 00:00:00
2200040.5,4618533.0,104597,2008-10-05 00:00:00,2008-10-05 00:00:00
2200967.2,4617606.5,104598,2005-10-10 00:00:00,2005-10-14 00:00:00
2201430.5,4618533.0,104599,2005-10-03 00:00:00,2005-10-04 00:00:00
2201430.5,4618533.0,104600,2016-10-10 00:00:00,2016-10-10 00:00:00
2202820.5,4618533.0,104601,2005-10-13 00:00:00,2005-10-13 00:00:00
2202357.0,4618533.0,104602,2016-10-07 00:00:00,2016-10-07 00:00:00
2202820.5,4618533.0,104603,2001-09-22 00:00:00,2001-09-22 00:00:00
2212086.8,4618069.5,104604,2012-10-13 00:00:00,2012-10-15 00:00:00
1758966.8,4616679.5,104613,2018-11-01 00:00:00,2018-11-14 00:00:00
1785838.9,4617606.5,104614,2011-08-29 00:00:00,2011-09-05 00:00:00
1785838.9,4618069.5,104615,2024-07-15 00:00:00,2024-07-15 00:00:00
1812247.6,4618069.5,104616,2015-08-09 00:00:00,2015-08-09 00:00:00
1732557.9,4617606.5,104626,2017-08-22 00:00:00,2017-08-22 00:00:00
1738580.9,4617143.0,104627,2008-09-03 00:00:00,2008-09-03 00:00:00
1739044.2,4616216.5,104628,2008-08-24 00:00:00,2008-08-29 00:00:00
1821513.9,4617143.0,104629,2017-08-14 00:00:00,2017-08-19 00:00:00
1884061.1,4616216.5,104630,2024-06-29 00:00:00,2024-07-02 00:00:00
2193554.2,4617606.5,104631,2004-10-07 00:00:00,2004-10-07 00:00:00
2195407.5,4617606.5,104632,2005-10-16 00:00:00,2005-10-16 00:00:00
2196334.0,4617606.5,104633,2005-10-15 00:00:00,2005-10-15 00:00:00
2132860.2,4616216.5,104634,2012-08-13 00:00:00,2012-08-13 00:00:00
2200040.5,4617606.5,104635,2008-09-21 00:00:00,2008-09-21 00:00:00
2200503.8,4617606.5,104636,2008-10-15 00:00:00,2008-10-15 00:00:00
2201430.5,4617606.5,104637,2008-10-06 00:00:00,2008-10-06 00:00:00
2206527.0,4617606.5,104638,2005-10-10 00:00:00,2005-10-13 00:00:00
1774719.4,4616216.5,104654,2008-08-25 00:00:00,2008-08-30 00:00:00
1774719.4,4614826.5,104655,2023-08-03 00:00:00,2023-08-05 00:00:00
1783985.6,4615290.0,104656,2023-09-26 00:00:00,2023-09-28 00:00:00
1901667.0,4616679.5,104657,2000-11-06 00:00:00,2000-11-07 00:00:00
1903057.0,4617143.0,104658,2000-11-04 00:00:00,2000-11-04 00:00:00
2181971.2,4617143.0,104659,2009-07-07 00:00:00,2009-07-07 00:00:00
2188921.0,4616679.5,104660,2016-10-22 00:00:00,2016-10-25 00:00:00
2192627.5,4616679.5,104661,2012-10-14 00:00:00,2012-10-15 00:00:00
2193554.2,4617143.0,104662,2012-10-31 00:00:00,2012-10-31 00:00:00
2200503.8,4617143.0,104663,2005-10-03 00:00:00,2005-10-03 00:00:00
2205600.2,4617143.0,104664,2001-09-01 00:00:00,2001-09-01 00:00:00
1763136.5,4616216.5,104675,2008-08-24 00:00:00,2008-09-01 00:00:00
2187994.5,4616679.5,104676,2016-10-13 00:00:00,2016-10-13 00:00:00
2205137.0,4616216.5,104677,2005-10-03 00:00:00,2005-10-04 00:00:00
2211623.2,4616679.5,104678,2008-09-25 00:00:00,2008-09-25 00:00:00
1761746.6,4616216.5,104687,2008-08-30 00:00:00,2008-08-30 00:00:00
1773792.8,4616216.5,104688,2019-09-06 00:00:00,2019-09-06 00:00:00
1848849.4,4616216.5,104689,2024-07-17 00:00:00,2024-07-17 00:00:00
1904446.9,4615753.0,104698,2000-11-03 00:00:00,2000-11-03 00:00:00
1975333.8,4615290.0,104699,2011-03-31 00:00:00,2011-03-31 00:00:00
1759893.4,4614826.5,104714,2022-11-20 00:00:00,2022-11-20 00:00:00
1776109.2,4615290.0,104715,2008-08-27 00:00:00,2008-08-27 00:00:00
1905836.9,4612973.0,104716,2000-11-04 00:00:00,2000-11-17 00:00:00
1940585.2,4614826.5,104717,2008-08-28 00:00:00,2008-09-04 00:00:00
1780279.1,4612046.5,104727,2007-06-14 00:00:00,2007-06-21 00:00:00
1758503.4,4614826.5,104737,2022-11-08 00:00:00,2022-11-08 00:00:00
1759430.0,4614826.5,104738,2022-11-08 00:00:00,2022-11-08 00:00:00
1817807.4,4614826.5,104739,2024-07-24 00:00:00,2024-07-24 00:00:00
2201430.5,4614363.0,104740,2001-09-06 00:00:00,2001-09-10 00:00:00
2212086.8,4614826.5,104741,2005-11-01 00:00:00,2005-11-01 00:00:00
2213940.0,4613436.5,104742,2008-09-30 00:00:00,2008-10-06 00:00:00
1783985.6,4614363.0,104753,2013-08-26 00:00:00,2013-08-29 00:00:00
1830780.1,4614363.0,104754,2019-02-08 00:00:00,2019-02-13 00:00:00
1974870.4,4613436.5,104759,2007-07-17 00:00:00,2007-07-19 00:00:00
1894254.0,4611120.0,104760,2021-02-22 00:00:00,2021-02-27 00:00:00
1849312.6,4613436.5,104761,2024-07-03 00:00:00,2024-07-03 00:00:00
2213940.0,4613900.0,104762,2008-10-22 00:00:00,2008-10-22 00:00:00
1821050.6,4609266.5,104774,2011-09-01 00:00:00,2011-09-08 00:00:00
1816880.8,4613436.5,104775,2024-07-24 00:00:00,2024-07-24 00:00:00
2208380.2,4608803.5,104776,2001-08-25 00:00:00,2001-09-07 00:00:00
2212550.0,4613436.5,104777,2008-10-21 00:00:00,2008-10-21 00:00:00
1772866.1,4611583.5,104783,2007-07-18 00:00:00,2007-07-25 00:00:00
1697346.1,4612510.0,104798,2007-07-18 00:00:00,2007-07-24 00:00:00
2190774.2,4609266.5,104799,2001-08-26 00:00:00,2001-09-10 00:00:00
1811784.4,4610656.5,104800,2017-08-07 00:00:00,2017-08-14 00:00:00
2212550.0,4612510.0,104801,2008-09-28 00:00:00,2008-09-28 00:00:00
1694102.9,4609266.5,104808,2007-07-18 00:00:00,2007-07-24 00:00:00
1778425.9,4612046.5,104809,2007-06-22 00:00:00,2007-06-22 00:00:00
1778889.1,4612046.5,104810,2007-07-18 00:00:00,2007-07-18 00:00:00
1779815.8,4612046.5,104811,2007-07-04 00:00:00,2007-07-06 00:00:00
1796958.4,4612046.5,104812,2013-09-19 00:00:00,2013-09-19 00:00:00
1935952.1,4610193.5,104813,2023-08-11 00:00:00,2023-08-11 00:00:00
2203283.8,4611120.0,104814,2001-09-14 00:00:00,2001-09-16 00:00:00
2203283.8,4612046.5,104815,2001-09-30 00:00:00,2001-09-30 00:00:00
2212550.0,4611120.0,104816,2004-10-16 00:00:00,2004-10-16 00:00:00
2213013.2,4611583.5,104817,2008-10-05 00:00:00,2008-10-05 00:00:00
2213940.0,4612046.5,104818,2008-10-06 00:00:00,2008-10-06 00:00:00
1780279.1,4611583.5,104828,2007-07-13 00:00:00,2007-07-13 00:00:00
1792788.5,4610656.5,104829,2011-09-08 00:00:00,2011-09-14 00:00:00
1799274.9,4609266.5,104830,2013-09-04 00:00:00,2013-09-14 00:00:00
1883134.5,4611120.0,104831,2024-07-17 00:00:00,2024-07-19 00:00:00
1774256.0,4610656.5,104842,2007-07-18 00:00:00,2007-07-23 00:00:00
2208380.2,4610656.5,104843,2004-09-10 00:00:00,2004-09-14 00:00:00
1693639.6,4607877.0,104857,2017-07-31 00:00:00,2017-08-11 00:00:00
1695492.9,4610656.5,104858,2015-07-28 00:00:00,2015-07-28 00:00:00
1777962.5,4609266.5,104859,2007-06-11 00:00:00,2007-06-21 00:00:00
1785838.9,4607413.5,104860,2023-09-14 00:00:00,2023-09-17 00:00:00
1792325.2,4610656.5,104861,2023-10-19 00:00:00,2023-10-20 00:00:00
1779352.5,4610193.5,104868,2007-06-14 00:00:00,2007-06-14 00:00:00
1848386.0,4610193.5,104869,2021-07-01 00:00:00,2021-07-01 00:00:00
2184288.0,4609730.0,104870,2001-09-25 00:00:00,2001-09-25 00:00:00
2183824.5,4609730.0,104871,2001-10-01 00:00:00,2001-10-01 00:00:00
2214866.5,4609266.5,104872,2004-10-15 00:00:00,2004-10-18 00:00:00
2182898.0,4609730.0,104873,2001-09-23 00:00:00,2001-09-25 00:00:00
1763136.5,4609730.0,104894,2024-07-21 00:00:00,2024-07-22 00:00:00
1780279.1,4609730.0,104895,2007-06-17 00:00:00,2007-06-17 00:00:00
1785375.5,4608803.5,104896,2008-08-16 00:00:00,2008-08-18 00:00:00
1828926.9,4608803.5,104897,2017-02-02 00:00:00,2017-02-14 00:00:00
2182434.8,4609730.0,104898,2001-10-01 00:00:00,2001-10-01 00:00:00
1825683.8,4609266.5,104907,2013-05-28 00:00:00,2013-05-28 00:00:00
1800201.5,4608340.0,104921,2024-07-18 00:00:00,2024-07-21 00:00:00
1798811.6,4609266.5,104922,2024-07-24 00:00:00,2024-07-24 00:00:00
1694566.2,4607413.5,104925,2012-09-07 00:00:00,2012-09-10 00:00:00
1695029.5,4608340.0,104926,2012-08-29 00:00:00,2012-08-31 00:00:00
1828000.2,4606950.0,104927,2019-12-27 00:00:00,2019-12-31 00:00:00
1830316.9,4608340.0,104928,2010-12-24 00:00:00,2010-12-24 00:00:00
1830780.1,4608803.5,104929,2017-02-09 00:00:00,2017-02-09 00:00:00
2194017.5,4608803.5,104930,2007-09-17 00:00:00,2007-09-17 00:00:00
2213940.0,4603707.0,104931,2001-09-14 00:00:00,2001-09-22 00:00:00
1782595.6,4608340.0,104948,2007-06-14 00:00:00,2007-06-14 00:00:00
1800664.9,4608340.0,104949,2013-09-04 00:00:00,2013-09-04 00:00:00
1825683.8,4607413.5,104950,2017-02-02 00:00:00,2017-02-14 00:00:00
1827073.6,4608340.0,104951,2015-11-01 00:00:00,2015-11-04 00:00:00
1828000.2,4607413.5,104952,2016-03-26 00:00:00,2016-03-26 00:00:00
1829390.2,4607877.0,104953,2009-05-06 00:00:00,2009-05-06 00:00:00
2195870.8,4608340.0,104954,2009-09-12 00:00:00,2009-09-12 00:00:00
2196797.2,4606950.0,104955,2001-08-22 00:00:00,2001-09-09 00:00:00
2202357.0,4607877.0,104956,2008-10-03 00:00:00,2008-10-05 00:00:00
2208380.2,4607877.0,104957,2008-09-14 00:00:00,2008-09-17 00:00:00
2211623.2,4606950.0,104958,2001-08-27 00:00:00,2001-08-29 00:00:00
1687616.5,4606023.5,104970,2017-08-22 00:00:00,2017-08-28 00:00:00
1694102.9,4607877.0,104971,2007-08-02 00:00:00,2007-08-02 00:00:00
1695492.9,4607877.0,104972,2017-08-26 00:00:00,2017-08-26 00:00:00
1758040.1,4606487.0,104973,2008-08-17 00:00:00,2008-08-19 00:00:00
1796031.8,4607877.0,104974,2007-08-26 00:00:00,2007-08-28 00:00:00
1814564.2,4607413.5,104975,2017-08-25 00:00:00,2017-08-30 00:00:00
1826147.0,4607413.5,104976,2010-12-24 00:00:00,2010-12-26 00:00:00
1825683.8,4607413.5,104977,2013-12-06 00:00:00,2013-12-06 00:00:00
1827073.6,4606950.0,104978,2016-10-23 00:00:00,2016-10-24 00:00:00
1827537.0,4607877.0,104979,2007-11-12 00:00:00,2007-11-12 00:00:00
1827537.0,4607877.0,104980,2010-12-24 00:00:00,2010-12-24 00:00:00
1831243.5,4607413.5,104981,2017-02-09 00:00:00,2017-02-14 00:00:00
2186604.5,4607877.0,104982,2008-02-07 00:00:00,2008-02-07 00:00:00
2193554.2,4606487.0,104983,2001-08-30 00:00:00,2001-09-07 00:00:00
2206990.2,4607413.5,104984,2001-09-09 00:00:00,2001-09-10 00:00:00
2211623.2,4607877.0,104985,2016-10-04 00:00:00,2016-10-04 00:00:00
2212550.0,4607877.0,104986,2016-10-04 00:00:00,2016-10-04 00:00:00
1694102.9,4607413.5,104996,2007-07-23 00:00:00,2007-07-23 00:00:00
1757576.8,4606950.0,104997,2008-08-04 00:00:00,2008-08-04 00:00:00
1765453.1,4607413.5,104998,2017-09-09 00:00:00,2017-09-09 00:00:00
1815027.5,4606487.0,104999,2007-08-04 00:00:00,2007-08-10 00:00:00
1822440.5,4607413.5,105000,2007-07-23 00:00:00,2007-07-29 00:00:00
1826147.0,4607413.5,105001,2015-11-01 00:00:00,2015-11-01 00:00:00
1828463.6,4607413.5,105002,2002-08-18 00:00:00,2002-08-18 00:00:00
1828000.2,4607413.5,105003,2004-12-30 00:00:00,2004-12-30 00:00:00
1831243.5,4606950.0,105004,2010-12-19 00:00:00,2010-12-24 00:00:00
1757113.5,4606950.0,105011,2008-08-16 00:00:00,2008-08-16 00:00:00
1764063.1,4606950.0,105012,2017-08-27 00:00:00,2017-09-01 00:00:00
1764989.8,4606487.0,105013,2011-09-18 00:00:00,2011-09-22 00:00:00
1765453.1,4606950.0,105014,2005-10-26 00:00:00,2005-10-26 00:00:00
1816417.5,4606950.0,105015,2017-09-05 00:00:00,2017-09-05 00:00:00
1827073.6,4606487.0,105016,2021-02-25 00:00:00,2021-02-26 00:00:00
1827537.0,4606950.0,105017,2015-10-31 00:00:00,2015-11-02 00:00:00
1827537.0,4606950.0,105018,2016-10-30 00:00:00,2016-10-30 00:00:00
1829853.5,4606487.0,105019,2019-01-27 00:00:00,2019-01-29 00:00:00
1831243.5,4606487.0,105020,2011-11-16 00:00:00,2011-11-16 00:00:00
1831243.5,4606950.0,105021,2014-06-18 00:00:00,2014-06-18 00:00:00
1935952.1,4606950.0,105022,2007-01-14 00:00:00,2007-01-14 00:00:00
2170851.8,4606023.5,105023,2001-07-04 00:00:00,2001-07-07 00:00:00
2198187.2,4606950.0,105024,2001-09-10 00:00:00,2001-09-10 00:00:00
2201893.8,4606950.0,105025,2008-10-03 00:00:00,2008-10-03 00:00:00
1754796.9,4606023.5,105041,2008-08-12 00:00:00,2008-08-16 00:00:00
1825683.8,4606487.0,105042,2008-01-18 00:00:00,2008-01-18 00:00:00
1826610.4,4606023.5,105043,2009-11-01 00:00:00,2009-11-08 00:00:00
1827537.0,4606487.0,105044,2019-12-21 00:00:00,2019-12-21 00:00:00
1829853.5,4606487.0,105045,2004-12-30 00:00:00,2004-12-30 00:00:00
1829853.5,4606487.0,105046,2007-11-10 00:00:00,2007-11-10 00:00:00
1829853.5,4606023.5,105047,2016-01-24 00:00:00,2016-01-27 00:00:00
1830780.1,4606487.0,105048,2004-12-30 00:00:00,2004-12-30 00:00:00
1947535.0,4606023.5,105049,2008-08-16 00:00:00,2008-08-18 00:00:00
2174095.0,4602780.5,105050,2001-08-07 00:00:00,2001-08-18 00:00:00
2218109.8,4605097.0,105051,2012-10-15 00:00:00,2012-10-16 00:00:00
1767769.6,4605560.0,105064,2019-11-05 00:00:00,2019-11-10 00:00:00
1768696.2,4605560.0,105065,2019-10-27 00:00:00,2019-11-01 00:00:00
1798348.2,4604170.5,105066,2017-08-19 00:00:00,2017-08-28 00:00:00
1812247.6,4603243.5,105067,2021-07-31 00:00:00,2021-08-10 00:00:00
1826147.0,4606023.5,105068,2010-12-20 00:00:00,2010-12-23 00:00:00
1827073.6,4606023.5,105069,2004-12-24 00:00:00,2004-12-24 00:00:00
1827073.6,4606023.5,105070,2013-12-10 00:00:00,2013-12-10 00:00:00
1828463.6,4605560.0,105071,2004-12-23 00:00:00,2004-12-30 00:00:00
1828926.9,4606023.5,105072,2014-06-16 00:00:00,2014-06-20 00:00:00
1831706.8,4605097.0,105073,2010-12-21 00:00:00,2010-12-24 00:00:00
2197724.0,4606023.5,105074,2001-09-29 00:00:00,2001-09-29 00:00:00
1769159.6,4605560.0,105083,2019-11-05 00:00:00,2019-11-05 00:00:00
1777962.5,4605560.0,105084,2013-08-19 00:00:00,2013-08-25 00:00:00
1797885.0,4605560.0,105085,2021-03-28 00:00:00,2021-03-28 00:00:00
1824293.8,4605560.0,105086,2008-01-21 00:00:00,2008-01-21 00:00:00
1826147.0,4604633.5,105087,2011-02-02 00:00:00,2011-02-07 00:00:00
1830316.9,4605560.0,105088,2010-12-29 00:00:00,2010-12-29 00:00:00
1688543.1,4605097.0,105095,2017-09-04 00:00:00,2017-09-06 00:00:00
1773792.8,4605097.0,105096,2008-08-16 00:00:00,2008-08-16 00:00:00
1793251.9,4604633.5,105097,2007-07-31 00:00:00,2007-08-01 00:00:00
1799738.2,4603243.5,105098,2011-09-06 00:00:00,2011-09-15 00:00:00
1799738.2,4605097.0,105099,2011-08-18 00:00:00,2011-08-21 00:00:00
1802981.4,4605097.0,105100,2015-09-04 00:00:00,2015-09-04 00:00:00
1828926.9,4605097.0,105101,2016-01-29 00:00:00,2016-01-31 00:00:00
2200503.8,4605097.0,105102,2009-08-13 00:00:00,2009-08-13 00:00:00
1767306.4,4603707.0,105111,2019-11-16 00:00:00,2019-11-21 00:00:00
1802981.4,4604633.5,105112,2015-09-12 00:00:00,2015-09-12 00:00:00
1796031.8,4601390.5,105113,2017-08-25 00:00:00,2017-08-31 00:00:00
1830316.9,4604170.5,105114,2010-12-23 00:00:00,2010-12-26 00:00:00
1852555.9,4604633.5,105115,2007-09-20 00:00:00,2007-09-22 00:00:00
1769622.9,4603243.5,105128,2019-11-05 00:00:00,2019-11-08 00:00:00
1795568.4,4603243.5,105129,2017-08-11 00:00:00,2017-08-18 00:00:00
1852555.9,4604170.5,105130,2007-09-14 00:00:00,2007-09-14 00:00:00
2196334.0,4602780.5,105131,2001-08-28 00:00:00,2001-09-05 00:00:00
1690859.8,4602780.5,105141,2012-07-18 00:00:00,2012-07-28 00:00:00
1692713.0,4603243.5,105142,2017-07-11 00:00:00,2017-07-19 00:00:00
1720048.4,4603707.0,105143,2015-11-17 00:00:00,2015-11-17 00:00:00
1720511.8,4603707.0,105144,2015-11-11 00:00:00,2015-11-11 00:00:00
1720975.0,4603707.0,105145,2015-11-18 00:00:00,2015-11-18 00:00:00
1721438.4,4603707.0,105146,2015-11-11 00:00:00,2015-11-11 00:00:00
1897497.2,4603243.5,105147,2021-02-23 00:00:00,2021-02-27 00:00:00
1690396.4,4603243.5,105160,2012-08-05 00:00:00,2012-08-05 00:00:00
1723754.9,4603243.5,105161,2018-11-02 00:00:00,2018-11-02 00:00:00
1724681.5,4602780.5,105162,2018-10-16 00:00:00,2018-10-16 00:00:00
1724681.5,4603243.5,105163,2018-11-02 00:00:00,2018-11-02 00:00:00
1725144.9,4603243.5,105164,2018-10-27 00:00:00,2018-10-27 00:00:00
1814100.9,4601853.5,105165,2019-09-10 00:00:00,2019-09-12 00:00:00
1823367.1,4602317.0,105166,2007-07-23 00:00:00,2007-07-25 00:00:00
2170388.5,4603243.5,105167,2001-07-05 00:00:00,2001-07-05 00:00:00
1844216.2,4599537.0,105168,2011-07-18 00:00:00,2011-07-21 00:00:00
1723291.6,4602780.5,105178,2018-10-21 00:00:00,2018-10-27 00:00:00
1795105.1,4602780.5,105179,2017-08-20 00:00:00,2017-08-20 00:00:00
1796958.4,4601390.5,105180,2024-06-29 00:00:00,2024-07-02 00:00:00
1839583.1,4602780.5,105181,2011-07-31 00:00:00,2011-07-31 00:00:00
2200040.5,4602317.0,105182,2001-09-07 00:00:00,2001-09-07 00:00:00
1690396.4,4601853.5,105189,2007-08-18 00:00:00,2007-08-26 00:00:00
1690859.8,4602317.0,105190,2007-09-10 00:00:00,2007-09-10 00:00:00
1697346.1,4601853.5,105191,2012-08-24 00:00:00,2012-08-25 00:00:00
1706612.4,4601853.5,105192,2017-08-21 00:00:00,2017-08-21 00:00:00
1724681.5,4602317.0,105193,2018-11-02 00:00:00,2018-11-02 00:00:00
1808077.9,4601853.5,105194,2017-09-23 00:00:00,2017-09-23 00:00:00
1868771.8,4601390.5,105195,2002-07-03 00:00:00,2002-07-04 00:00:00
1925296.0,4602317.0,105196,2019-03-11 00:00:00,2019-03-17 00:00:00
2200040.5,4598610.5,105197,2001-09-17 00:00:00,2001-09-24 00:00:00
1778425.9,4600927.0,105203,2008-08-23 00:00:00,2008-08-23 00:00:00
1967457.4,4600464.0,105204,2024-07-19 00:00:00,2024-07-30 00:00:00
2177338.2,4601853.5,105205,2001-08-17 00:00:00,2001-08-17 00:00:00
2217646.5,4601390.5,105206,2016-10-04 00:00:00,2016-10-04 00:00:00
1704295.8,4600000.5,105209,2012-08-18 00:00:00,2012-08-21 00:00:00
1757576.8,4601390.5,105210,2024-07-27 00:00:00,2024-07-27 00:00:00
1770086.2,4601390.5,105211,2011-03-12 00:00:00,2011-03-12 00:00:00
1783985.6,4601390.5,105212,2011-09-08 00:00:00,2011-09-12 00:00:00
1704295.8,4600000.5,105220,2007-08-14 00:00:00,2007-08-21 00:00:00
1758503.4,4600464.0,105221,2008-07-31 00:00:00,2008-08-03 00:00:00
1770086.2,4600927.0,105222,2011-03-20 00:00:00,2011-03-20 00:00:00
1778889.1,4600927.0,105223,2019-09-01 00:00:00,2019-09-01 00:00:00
1810394.4,4599074.0,105224,2017-09-15 00:00:00,2017-09-23 00:00:00
1815027.5,4599074.0,105225,2007-07-20 00:00:00,2007-07-24 00:00:00
1841899.6,4600000.5,105226,2011-07-26 00:00:00,2011-07-29 00:00:00
1891937.5,4599074.0,105239,2008-08-15 00:00:00,2008-08-22 00:00:00
2177801.5,4600464.0,105240,2001-08-17 00:00:00,2001-08-17 00:00:00
2216256.5,4599537.0,105241,2001-08-27 00:00:00,2001-08-30 00:00:00
2220889.5,4599074.0,105242,2001-09-03 00:00:00,2001-09-14 00:00:00
1682056.8,4599537.0,105251,2003-08-29 00:00:00,2003-09-03 00:00:00
1759430.0,4599537.0,105252,2008-07-25 00:00:00,2008-07-25 00:00:00
1760356.6,4599074.0,105253,2007-03-15 00:00:00,2007-03-15 00:00:00
1867845.1,4597220.5,105255,2007-07-22 00:00:00,2007-07-27 00:00:00
2219499.8,4599537.0,105256,2007-09-10 00:00:00,2007-09-15 00:00:00
2223206.2,4600000.5,105257,2009-10-06 00:00:00,2009-10-06 00:00:00
2201430.5,4599537.0,105267,2001-09-10 00:00:00,2001-09-10 00:00:00
2218109.8,4599537.0,105268,2008-08-29 00:00:00,2008-08-29 00:00:00
1683910.0,4598610.5,105272,2017-08-24 00:00:00,2017-08-27 00:00:00
1696419.5,4599074.0,105273,2012-07-19 00:00:00,2012-07-21 00:00:00
1698272.8,4598610.5,105274,2012-08-23 00:00:00,2012-08-25 00:00:00
1757576.8,4599074.0,105275,2008-07-26 00:00:00,2008-07-26 00:00:00
1760820.0,4599074.0,105276,2019-02-25 00:00:00,2019-02-25 00:00:00
2219963.0,4599074.0,105277,2007-09-17 00:00:00,2007-09-22 00:00:00
2223206.2,4599074.0,105279,2012-11-06 00:00:00,2012-11-06 00:00:00
2218573.0,4598610.5,105286,2008-09-25 00:00:00,2008-09-25 00:00:00
2219499.8,4598610.5,105287,2008-09-15 00:00:00,2008-09-15 00:00:00
2219499.8,4598610.5,105288,2009-08-17 00:00:00,2009-08-17 00:00:00
2222742.8,4598610.5,105289,2001-10-02 00:00:00,2001-10-02 00:00:00
1697346.1,4597684.0,105296,2007-08-24 00:00:00,2007-08-24 00:00:00
1817807.4,4597684.0,105297,2007-07-17 00:00:00,2007-07-26 00:00:00
1818734.0,4598147.0,105298,2007-08-26 00:00:00,2007-08-26 00:00:00
2071702.8,4598147.0,105299,2011-12-02 00:00:00,2011-12-02 00:00:00
2222279.5,4598147.0,105300,2008-10-09 00:00:00,2008-10-09 00:00:00
1696882.8,4597684.0,105306,2007-09-01 00:00:00,2007-09-01 00:00:00
1839583.1,4597684.0,105307,2009-08-04 00:00:00,2009-08-04 00:00:00
2202820.5,4597684.0,105308,2001-09-29 00:00:00,2001-09-29 00:00:00
2222742.8,4597684.0,105309,2011-11-02 00:00:00,2011-11-02 00:00:00
1816417.5,4596294.0,105314,2012-08-25 00:00:00,2012-08-30 00:00:00
1820587.2,4597220.5,105315,2008-08-18 00:00:00,2008-08-18 00:00:00
2219499.8,4597220.5,105316,2008-09-22 00:00:00,2008-09-22 00:00:00
1820587.2,4596294.0,105324,2017-08-04 00:00:00,2017-08-04 00:00:00
1906763.5,4594440.5,105329,2008-09-06 00:00:00,2008-09-13 00:00:00
1987843.1,4595830.5,105330,2007-03-03 00:00:00,2007-03-03 00:00:00
2215329.8,4596294.0,105331,2007-09-17 00:00:00,2007-09-17 00:00:00
2222742.8,4596294.0,105332,2008-10-05 00:00:00,2008-10-05 00:00:00
1737654.2,4595367.5,105337,2020-02-10 00:00:00,2020-02-10 00:00:00
1802981.4,4595367.5,105338,2019-09-16 00:00:00,2019-09-18 00:00:00
1806224.6,4594440.5,105339,2004-09-14 00:00:00,2004-09-20 00:00:00
2070312.9,4595367.5,105340,2011-11-30 00:00:00,2011-11-30 00:00:00
2189384.2,4595830.5,105341,2001-07-07 00:00:00,2001-07-08 00:00:00
2214403.2,4595830.5,105342,2007-09-10 00:00:00,2007-09-10 00:00:00
1990159.8,4594904.0,105348,2007-03-03 00:00:00,2007-03-03 00:00:00
2215793.2,4594904.0,105349,2008-10-01 00:00:00,2008-10-05 00:00:00
1689933.1,4593977.5,105361,2012-08-20 00:00:00,2012-08-25 00:00:00
1808541.1,4593977.5,105362,2017-03-23 00:00:00,2017-03-28 00:00:00
1825220.4,4592124.0,105363,2017-08-05 00:00:00,2017-08-14 00:00:00
1988769.8,4594440.5,105364,2007-03-03 00:00:00,2007-03-03 00:00:00
2212086.8,4594904.0,105365,2007-09-14 00:00:00,2007-09-14 00:00:00
2213013.2,4594904.0,105366,2007-09-16 00:00:00,2007-09-16 00:00:00
2213013.2,4593514.0,105367,2007-09-22 00:00:00,2007-09-30 00:00:00
1817344.1,4593977.5,105374,2006-09-08 00:00:00,2006-09-10 00:00:00
2219963.0,4593977.5,105375,2014-10-06 00:00:00,2014-10-12 00:00:00
1788618.8,4593051.0,105380,2018-10-25 00:00:00,2018-11-05 00:00:00
1789082.0,4593051.0,105381,2018-10-18 00:00:00,2018-10-18 00:00:00
1881281.2,4593514.0,105382,2012-02-29 00:00:00,2012-03-02 00:00:00
2220889.5,4593977.5,105383,2014-10-02 00:00:00,2014-10-02 00:00:00
1758040.1,4592124.0,105396,2012-03-15 00:00:00,2012-03-19 00:00:00
1789082.0,4593514.0,105397,2018-10-25 00:00:00,2018-10-25 00:00:00
1798348.2,4593514.0,105398,2001-07-03 00:00:00,2001-07-03 00:00:00
1802518.1,4589807.5,105399,2001-06-23 00:00:00,2001-06-24 00:00:00
1799738.2,4593514.0,105400,2001-07-03 00:00:00,2001-07-04 00:00:00
1798811.6,4590734.0,105401,2001-07-03 00:00:00,2001-07-04 00:00:00
1891474.1,4593051.0,105402,2017-09-11 00:00:00,2017-09-15 00:00:00
2211160.0,4593051.0,105427,2007-09-10 00:00:00,2007-09-10 00:00:00
1845142.9,4592587.5,105437,2011-09-12 00:00:00,2011-09-12 00:00:00
2015178.6,4591661.0,105438,2024-07-18 00:00:00,2024-07-26 00:00:00
2194480.8,4591661.0,105439,2008-10-01 00:00:00,2008-10-01 00:00:00
1798811.6,4592124.0,105447,2001-07-03 00:00:00,2001-07-03 00:00:00
1842826.2,4592124.0,105448,2011-09-01 00:00:00,2011-09-01 00:00:00
1845142.9,4592124.0,105449,2011-09-05 00:00:00,2011-09-05 00:00:00
2209770.0,4591197.5,105461,2012-10-25 00:00:00,2012-10-29 00:00:00
1760356.6,4591197.5,105468,2012-03-16 00:00:00,2012-03-16 00:00:00
2208843.5,4590271.0,105469,2012-10-06 00:00:00,2012-10-18 00:00:00
1759430.0,4590734.0,105485,2012-03-19 00:00:00,2012-03-19 00:00:00
1878038.1,4590734.0,105486,2008-08-15 00:00:00,2008-08-15 00:00:00
2219036.2,4589807.5,105487,2012-09-23 00:00:00,2012-09-25 00:00:00
1762209.9,4588881.0,105495,2024-01-27 00:00:00,2024-01-30 00:00:00
1798348.2,4590271.0,105496,2023-10-12 00:00:00,2023-10-12 00:00:00
1798811.6,4590271.0,105497,2023-10-01 00:00:00,2023-10-01 00:00:00
1885914.4,4587491.0,105498,2021-07-30 00:00:00,2021-08-06 00:00:00
1763136.5,4589807.5,105505,2024-01-27 00:00:00,2024-01-28 00:00:00
1797885.0,4588881.0,105506,2001-07-03 00:00:00,2001-07-03 00:00:00
1799738.2,4589807.5,105507,2023-10-01 00:00:00,2023-10-01 00:00:00
1888694.2,4588417.5,105508,2012-08-06 00:00:00,2012-08-08 00:00:00
1920199.5,4589344.5,105509,2011-09-14 00:00:00,2011-09-17 00:00:00
2017031.9,4589344.5,105519,2024-07-28 00:00:00,2024-07-28 00:00:00
1731167.9,4588881.0,105527,2017-06-28 00:00:00,2017-07-03 00:00:00
1778889.1,4588881.0,105528,2023-10-06 00:00:00,2023-10-10 00:00:00
1802054.8,4588881.0,105529,2001-07-04 00:00:00,2001-07-05 00:00:00
1816417.5,4586101.0,105530,2007-08-01 00:00:00,2007-08-11 00:00:00
1763599.9,4588417.5,105541,2024-01-28 00:00:00,2024-01-28 00:00:00
1798348.2,4584711.0,105542,2023-09-29 00:00:00,2023-10-01 00:00:00
1899350.5,4587027.5,105543,2008-08-29 00:00:00,2008-09-03 00:00:00
2206063.5,4587954.5,105544,2008-11-01 00:00:00,2008-11-02 00:00:00
1756650.1,4587954.5,105553,2024-07-27 00:00:00,2024-07-30 00:00:00
1798348.2,4587027.5,105554,2010-08-28 00:00:00,2010-09-05 00:00:00
1881281.2,4587027.5,105555,2002-07-03 00:00:00,2002-07-03 00:00:00
1897497.2,4586564.5,105556,2008-08-14 00:00:00,2008-08-18 00:00:00
1902593.6,4587491.0,105557,2024-07-28 00:00:00,2024-07-29 00:00:00
2203747.0,4587491.0,105558,2008-11-01 00:00:00,2008-11-01 00:00:00
1777962.5,4586564.5,105578,2007-07-18 00:00:00,2007-07-26 00:00:00
1792325.2,4587027.5,105579,2010-08-15 00:00:00,2010-08-17 00:00:00
1798811.6,4587027.5,105580,2010-09-05 00:00:00,2010-09-05 00:00:00
2201893.8,4584248.0,105581,2014-10-02 00:00:00,2014-10-11 00:00:00
1896570.6,4586101.0,105586,2008-08-28 00:00:00,2008-09-01 00:00:00
2202357.0,4586564.5,105587,2011-11-01 00:00:00,2011-11-01 00:00:00
1756650.1,4586101.0,105596,2024-07-24 00:00:00,2024-07-24 00:00:00
1798348.2,4586101.0,105597,2003-08-31 00:00:00,2003-08-31 00:00:00
2117570.8,4585174.5,105598,2022-10-29 00:00:00,2022-11-04 00:00:00
1757576.8,4585638.0,105602,2024-07-29 00:00:00,2024-07-29 00:00:00
1788618.8,4584711.0,105603,2007-08-02 00:00:00,2007-08-05 00:00:00
1788155.4,4585174.5,105604,2001-08-01 00:00:00,2001-08-01 00:00:00
1793251.9,4585174.5,105605,2003-08-02 00:00:00,2003-08-03 00:00:00
1807614.5,4584248.0,105606,2017-08-06 00:00:00,2017-08-12 00:00:00
1947535.0,4585638.0,105607,2014-03-09 00:00:00,2014-03-14 00:00:00
2037881.0,4584711.0,105608,2017-09-24 00:00:00,2017-10-02 00:00:00
2112937.8,4585638.0,105609,2022-10-18 00:00:00,2022-10-18 00:00:00
2116644.2,4582394.5,105610,2022-10-10 00:00:00,2022-11-02 00:00:00
1784912.2,4584248.0,105614,2007-07-16 00:00:00,2007-07-26 00:00:00
1790008.6,4584248.0,105615,2023-09-22 00:00:00,2023-09-29 00:00:00
1795105.1,4585174.5,105616,2017-08-04 00:00:00,2017-08-05 00:00:00
1941048.6,4584711.0,105617,2007-10-11 00:00:00,2007-10-15 00:00:00
1942901.9,4584711.0,105618,2007-09-30 00:00:00,2007-10-01 00:00:00
2115254.2,4585174.5,105619,2022-10-25 00:00:00,2022-10-25 00:00:00
2167145.2,4543939.5,105620,2023-08-16 00:00:00,2023-09-05 00:00:00
1787228.8,4584711.0,105625,2007-08-08 00:00:00,2007-08-08 00:00:00
1887767.6,4583321.0,105626,2001-08-26 00:00:00,2001-08-30 00:00:00
1794641.8,4584248.0,105632,2010-08-29 00:00:00,2010-08-29 00:00:00
1794641.8,4584248.0,105633,2013-08-21 00:00:00,2013-08-27 00:00:00
1878038.1,4582858.0,105634,2017-08-11 00:00:00,2017-08-14 00:00:00
1734874.4,4583321.0,105648,2018-11-01 00:00:00,2018-11-03 00:00:00
1764526.5,4581468.0,105649,2007-08-30 00:00:00,2007-09-05 00:00:00
1779815.8,4583784.5,105650,2007-07-08 00:00:00,2007-07-09 00:00:00
1866918.5,4582858.0,105651,2000-11-09 00:00:00,2000-11-15 00:00:00
1891474.1,4583321.0,105652,2016-08-28 00:00:00,2016-08-28 00:00:00
2222279.5,4583784.5,105653,2008-09-29 00:00:00,2008-09-29 00:00:00
1790472.0,4580541.5,105662,2017-09-12 00:00:00,2017-09-17 00:00:00
1795568.4,4583321.0,105663,2013-08-27 00:00:00,2013-08-29 00:00:00
1899350.5,4581931.5,105664,2008-08-29 00:00:00,2008-09-03 00:00:00
1952168.1,4583321.0,105665,2007-09-10 00:00:00,2007-09-11 00:00:00
1878038.1,4582394.5,105675,2013-08-07 00:00:00,2013-08-10 00:00:00
1886841.0,4581468.0,105676,2023-08-02 00:00:00,2023-08-03 00:00:00
1952168.1,4582858.0,105677,2009-09-19 00:00:00,2009-09-19 00:00:00
2034174.5,4581931.5,105678,2007-07-24 00:00:00,2007-07-27 00:00:00
2223206.2,4582858.0,105679,2008-10-12 00:00:00,2008-10-12 00:00:00
1876648.1,4582394.5,105691,2024-07-11 00:00:00,2024-07-14 00:00:00
2022591.6,4581468.0,105692,2017-09-21 00:00:00,2017-09-27 00:00:00
2202357.0,4582394.5,105693,2007-10-01 00:00:00,2007-10-05 00:00:00
2203283.8,4580541.5,105694,2014-09-29 00:00:00,2014-10-13 00:00:00
2223206.2,4582394.5,105695,2008-10-02 00:00:00,2008-10-02 00:00:00
1692249.6,4581004.5,105703,2011-09-10 00:00:00,2011-09-11 00:00:00
1780742.4,4581931.5,105704,2007-07-31 00:00:00,2007-07-31 00:00:00
1792788.5,4581931.5,105705,2011-08-05 00:00:00,2011-08-10 00:00:00
1809004.5,4579614.5,105706,2019-09-03 00:00:00,2019-09-12 00:00:00
2023055.0,4581931.5,105707,2017-09-28 00:00:00,2017-09-28 00:00:00
1764989.8,4581004.5,105718,2007-08-24 00:00:00,2007-08-25 00:00:00
1809004.5,4581004.5,105719,2013-08-31 00:00:00,2013-09-01 00:00:00
1952168.1,4581004.5,105720,2007-09-10 00:00:00,2007-09-11 00:00:00
1953558.0,4581004.5,105721,2007-09-22 00:00:00,2007-09-28 00:00:00
2202820.5,4580541.5,105722,2012-09-21 00:00:00,2012-10-03 00:00:00
2222742.8,4581468.0,105723,2008-10-01 00:00:00,2008-10-01 00:00:00
1780742.4,4581004.5,105734,2007-08-03 00:00:00,2007-08-03 00:00:00
1790472.0,4580541.5,105735,2011-08-26 00:00:00,2011-08-26 00:00:00
1792325.2,4580078.0,105736,2011-08-01 00:00:00,2011-08-06 00:00:00
1792788.5,4581004.5,105737,2007-06-16 00:00:00,2007-06-19 00:00:00
1793715.1,4580541.5,105738,2011-08-18 00:00:00,2011-08-18 00:00:00
1809931.1,4578688.0,105739,2013-08-22 00:00:00,2013-09-05 00:00:00
1809467.8,4581004.5,105740,2019-09-20 00:00:00,2019-09-20 00:00:00
1870161.8,4579151.5,105741,2012-08-24 00:00:00,2012-09-01 00:00:00
1884524.5,4580541.5,105742,2023-08-10 00:00:00,2023-08-10 00:00:00
2022591.6,4581004.5,105743,2017-10-03 00:00:00,2017-10-03 00:00:00
1745067.4,4580541.5,105756,2024-07-30 00:00:00,2024-07-30 00:00:00
1784448.9,4580541.5,105757,2007-07-13 00:00:00,2007-07-13 00:00:00
1793251.9,4580541.5,105758,2003-08-01 00:00:00,2003-08-01 00:00:00
2204210.2,4580541.5,105759,2014-09-30 00:00:00,2014-09-30 00:00:00
2205137.0,4580541.5,105760,2015-11-01 00:00:00,2015-11-03 00:00:00
1694566.2,4579614.5,105774,2011-09-10 00:00:00,2011-09-12 00:00:00
1792325.2,4580078.0,105775,2004-08-09 00:00:00,2004-08-09 00:00:00
1796958.4,4580078.0,105776,2007-06-20 00:00:00,2007-06-20 00:00:00
1796958.4,4579151.5,105777,2007-07-15 00:00:00,2007-07-17 00:00:00
1890547.5,4579614.5,105778,2016-08-03 00:00:00,2016-08-03 00:00:00
1953558.0,4580078.0,105779,2007-10-09 00:00:00,2007-10-11 00:00:00
1980893.5,4579151.5,105780,2001-08-01 00:00:00,2001-08-09 00:00:00
2137493.2,4579614.5,105781,2023-08-19 00:00:00,2023-08-24 00:00:00
1718195.1,4579151.5,105796,2018-11-02 00:00:00,2018-11-07 00:00:00
1788618.8,4579614.5,105797,2017-10-10 00:00:00,2017-10-13 00:00:00
1791861.9,4579614.5,105798,2003-08-02 00:00:00,2003-08-02 00:00:00
1792325.2,4578688.0,105799,2004-08-17 00:00:00,2004-08-17 00:00:00
1890547.5,4579614.5,105800,2012-07-25 00:00:00,2012-07-25 00:00:00
1792788.5,4579151.5,105809,2002-07-01 00:00:00,2002-07-01 00:00:00
1807614.5,4575908.0,105810,2019-09-07 00:00:00,2019-09-13 00:00:00
1954021.4,4574981.5,105811,2008-09-23 00:00:00,2008-10-06 00:00:00
2202820.5,4578688.0,105812,2008-09-25 00:00:00,2008-09-25 00:00:00
1785375.5,4578688.0,105830,2013-06-28 00:00:00,2013-06-28 00:00:00
1881744.6,4574981.5,105831,2012-08-25 00:00:00,2012-08-31 00:00:00
1895180.6,4578688.0,105832,2023-08-30 00:00:00,2023-09-03 00:00:00
1894717.4,4576371.5,105833,2012-09-05 00:00:00,2012-09-08 00:00:00
2203283.8,4578688.0,105834,2008-09-19 00:00:00,2008-09-19 00:00:00
1785838.9,4573591.5,105847,2013-08-19 00:00:00,2013-08-30 00:00:00
1795105.1,4577761.5,105848,2008-08-07 00:00:00,2008-08-11 00:00:00
1810857.8,4576835.0,105849,2008-07-11 00:00:00,2008-07-19 00:00:00
1956801.2,4574981.5,105850,2013-10-07 00:00:00,2013-10-18 00:00:00
2042514.1,4578225.0,105851,2008-08-24 00:00:00,2008-08-27 00:00:00
2114791.0,4578225.0,105852,2023-08-19 00:00:00,2023-08-25 00:00:00
2202357.0,4578225.0,105853,2001-10-03 00:00:00,2001-10-03 00:00:00
2205137.0,4576835.0,105854,2008-10-03 00:00:00,2008-10-13 00:00:00
1790935.2,4577761.5,105866,2005-08-02 00:00:00,2005-08-05 00:00:00
1794641.8,4577298.0,105867,2005-08-11 00:00:00,2005-08-11 00:00:00
1800664.9,4577298.0,105868,2008-08-14 00:00:00,2008-08-21 00:00:00
1807151.2,4577761.5,105869,2019-09-25 00:00:00,2019-09-25 00:00:00
2044367.4,4577761.5,105870,2008-09-06 00:00:00,2008-09-06 00:00:00
2203283.8,4577761.5,105871,2005-10-04 00:00:00,2005-10-04 00:00:00
1795568.4,4576835.0,105884,2001-08-07 00:00:00,2001-08-14 00:00:00
1796495.0,4577298.0,105885,2008-08-23 00:00:00,2008-08-30 00:00:00
1809004.5,4577298.0,105886,2019-09-08 00:00:00,2019-09-08 00:00:00
1886377.8,4575908.0,105887,2018-11-17 00:00:00,2018-12-02 00:00:00
1793251.9,4576835.0,105888,2005-07-19 00:00:00,2005-07-19 00:00:00
1956337.9,4574055.0,105889,2001-09-20 00:00:00,2001-10-07 00:00:00
2010082.2,4573591.5,105890,2008-09-26 00:00:00,2008-10-05 00:00:00
2113401.0,4577298.0,105891,2023-08-31 00:00:00,2023-08-31 00:00:00
2196797.2,4577298.0,105892,2023-09-10 00:00:00,2023-09-10 00:00:00
2203283.8,4577298.0,105893,2005-10-11 00:00:00,2005-10-11 00:00:00
1791861.9,4574055.0,105898,2004-07-26 00:00:00,2004-08-06 00:00:00
1950778.1,4574981.5,105899,2013-10-07 00:00:00,2013-10-19 00:00:00
1952168.1,4576371.5,105900,2007-10-09 00:00:00,2007-10-11 00:00:00
1954948.0,4576835.0,105901,2008-10-04 00:00:00,2008-10-08 00:00:00
1955411.2,4576835.0,105902,2008-10-02 00:00:00,2008-10-02 00:00:00
1956801.2,4576371.5,105903,2008-09-29 00:00:00,2008-10-05 00:00:00
2010082.2,4573128.5,105904,2001-09-27 00:00:00,2001-10-03 00:00:00
2199114.0,4576371.5,105905,2001-10-06 00:00:00,2001-10-15 00:00:00
2200503.8,4576835.0,105906,2001-09-30 00:00:00,2001-10-04 00:00:00
1686689.9,4575908.0,105916,2011-09-03 00:00:00,2011-09-04 00:00:00
1791398.6,4574981.5,105917,2002-07-22 00:00:00,2002-08-02 00:00:00
1793251.9,4576371.5,105918,2005-07-28 00:00:00,2005-07-28 00:00:00
1796495.0,4576371.5,105919,2001-08-26 00:00:00,2001-08-26 00:00:00
1888231.0,4575908.0,105920,2018-10-16 00:00:00,2018-10-16 00:00:00
1908616.8,4575445.0,105921,2001-10-31 00:00:00,2001-10-31 00:00:00
1947998.2,4575908.0,105922,2005-10-14 00:00:00,2005-10-16 00:00:00
1948924.9,4576371.5,105923,2005-10-09 00:00:00,2005-10-09 00:00:00
1953094.8,4575908.0,105924,2005-10-09 00:00:00,2005-10-14 00:00:00
2010082.2,4575445.0,105925,2008-09-26 00:00:00,2008-09-30 00:00:00
2010545.5,4576371.5,105926,2001-11-15 00:00:00,2001-11-15 00:00:00
2014715.4,4568495.0,105927,2010-09-28 00:00:00,2010-10-09 00:00:00
2014715.4,4576371.5,105928,2004-11-21 00:00:00,2004-11-21 00:00:00
2202357.0,4576371.5,105929,2001-10-09 00:00:00,2001-10-09 00:00:00
2202820.5,4576371.5,105930,2001-10-25 00:00:00,2001-10-25 00:00:00
2205137.0,4576371.5,105931,2008-10-18 00:00:00,2008-10-18 00:00:00
1790008.6,4574981.5,105940,2019-09-20 00:00:00,2019-09-21 00:00:00
1809931.1,4575908.0,105941,2008-07-06 00:00:00,2008-07-06 00:00:00
1809931.1,4575908.0,105942,2008-08-02 00:00:00,2008-08-02 00:00:00
1810857.8,4575908.0,105943,2008-07-09 00:00:00,2008-07-09 00:00:00
1950314.9,4575445.0,105944,2005-10-16 00:00:00,2005-10-23 00:00:00
1951241.5,4575908.0,105945,2008-10-02 00:00:00,2008-10-02 00:00:00
1956801.2,4574518.5,105946,2005-10-08 00:00:00,2005-10-13 00:00:00
1955874.6,4575908.0,105947,2013-10-03 00:00:00,2013-10-03 00:00:00
2206063.5,4574981.5,105952,2014-10-07 00:00:00,2014-10-12 00:00:00
1787228.8,4574055.0,105971,2019-09-14 00:00:00,2019-09-20 00:00:00
1788155.4,4574981.5,105972,2015-08-06 00:00:00,2015-08-09 00:00:00
1793715.1,4574518.5,105973,2008-08-26 00:00:00,2008-08-29 00:00:00
1803908.0,4574055.0,105974,2019-09-12 00:00:00,2019-09-13 00:00:00
1948924.9,4575445.0,105975,2008-10-02 00:00:00,2008-10-02 00:00:00
1953558.0,4575445.0,105976,2007-10-01 00:00:00,2007-10-05 00:00:00
1955874.6,4574518.5,105977,2005-10-21 00:00:00,2005-10-23 00:00:00
2204210.2,4573128.5,105978,2004-10-05 00:00:00,2004-10-17 00:00:00
2203747.0,4574055.0,105979,2001-10-03 00:00:00,2001-10-12 00:00:00
2017495.2,4574518.5,105980,2017-09-29 00:00:00,2017-10-03 00:00:00
2205137.0,4575445.0,105981,2012-10-09 00:00:00,2012-10-09 00:00:00
1790472.0,4574981.5,105998,2004-08-18 00:00:00,2004-08-18 00:00:00
1802981.4,4573591.5,105999,2023-09-23 00:00:00,2023-09-28 00:00:00
1886377.8,4574981.5,106000,2018-12-02 00:00:00,2018-12-02 00:00:00
1908616.8,4573591.5,106001,2006-09-13 00:00:00,2006-09-24 00:00:00
1950778.1,4574518.5,106002,2007-09-26 00:00:00,2007-10-01 00:00:00
1950778.1,4574981.5,106003,2008-10-02 00:00:00,2008-10-02 00:00:00
1952631.4,4574981.5,106004,2006-11-01 00:00:00,2006-11-01 00:00:00
1953558.0,4572665.0,106005,2006-10-31 00:00:00,2006-11-05 00:00:00
1957727.9,4574981.5,106006,2006-10-12 00:00:00,2006-10-12 00:00:00
1959581.1,4571738.5,106007,2008-09-27 00:00:00,2008-09-29 00:00:00
1956337.9,4573591.5,106008,2013-10-03 00:00:00,2013-10-08 00:00:00
2011472.1,4574981.5,106009,2001-10-22 00:00:00,2001-10-22 00:00:00
2012862.1,4574518.5,106010,2009-11-05 00:00:00,2009-11-21 00:00:00
2014252.0,4574981.5,106011,2001-10-08 00:00:00,2001-10-08 00:00:00
2205137.0,4573128.5,106012,2004-09-24 00:00:00,2004-10-07 00:00:00
2205600.2,4574981.5,106013,2008-09-28 00:00:00,2008-09-28 00:00:00
1781669.0,4574055.0,106028,2019-08-27 00:00:00,2019-08-27 00:00:00
1790472.0,4574055.0,106029,2024-05-31 00:00:00,2024-05-31 00:00:00
1792788.5,4574518.5,106030,2008-08-18 00:00:00,2008-08-18 00:00:00
1799738.2,4574055.0,106031,2015-08-06 00:00:00,2015-08-09 00:00:00
1809467.8,4574518.5,106032,2008-08-02 00:00:00,2008-08-02 00:00:00
1827537.0,4573128.5,106033,2007-07-26 00:00:00,2007-08-05 00:00:00
1893790.8,4574518.5,106034,2018-12-02 00:00:00,2018-12-02 00:00:00
1951241.5,4574055.0,106035,2001-09-29 00:00:00,2001-10-04 00:00:00
1951241.5,4574518.5,106036,2008-11-02 00:00:00,2008-11-02 00:00:00
1952631.4,4574518.5,106037,2005-11-01 00:00:00,2005-11-01 00:00:00
1954948.0,4574055.0,106038,2008-10-06 00:00:00,2008-10-10 00:00:00
1960044.4,4572201.5,106039,2008-11-01 00:00:00,2008-11-02 00:00:00
1953558.0,4573128.5,106040,2001-09-29 00:00:00,2001-10-15 00:00:00
1952168.1,4570812.0,106041,2008-11-01 00:00:00,2008-11-02 00:00:00
2014252.0,4574055.0,106042,2010-10-13 00:00:00,2010-10-13 00:00:00
2014252.0,4573128.5,106043,2017-09-27 00:00:00,2017-10-03 00:00:00
2198650.5,4574518.5,106044,2001-10-06 00:00:00,2001-10-06 00:00:00
2205137.0,4572665.0,106045,2001-09-10 00:00:00,2001-09-20 00:00:00
2206990.2,4574518.5,106046,2014-10-12 00:00:00,2014-10-12 00:00:00
1790472.0,4574055.0,106060,2019-09-26 00:00:00,2019-09-26 00:00:00
1791398.6,4573591.5,106061,2002-07-31 00:00:00,2002-07-31 00:00:00
1794178.5,4572665.0,106062,2002-08-13 00:00:00,2002-08-26 00:00:00
1807151.2,4572201.5,106063,2011-08-21 00:00:00,2011-08-26 00:00:00
1811321.0,4573128.5,106064,2023-09-20 00:00:00,2023-09-26 00:00:00
1892400.8,4574055.0,106065,2018-12-02 00:00:00,2018-12-02 00:00:00
2011472.1,4574055.0,106066,2001-11-07 00:00:00,2001-11-07 00:00:00
2205600.2,4574055.0,106067,2004-10-07 00:00:00,2004-10-07 00:00:00
2205137.0,4572665.0,106068,2004-10-05 00:00:00,2004-10-05 00:00:00
2218109.8,4574055.0,106069,2005-10-16 00:00:00,2005-10-16 00:00:00
1687616.5,4572201.5,106089,2011-09-02 00:00:00,2011-09-07 00:00:00
1793251.9,4573128.5,106090,2019-08-25 00:00:00,2019-08-28 00:00:00
1800664.9,4573591.5,106091,2023-09-09 00:00:00,2023-09-09 00:00:00
1809004.5,4567105.5,106092,2007-07-22 00:00:00,2007-07-27 00:00:00
1811784.4,4572201.5,106093,2006-08-29 00:00:00,2006-08-31 00:00:00
1892400.8,4569885.0,106094,2018-11-20 00:00:00,2018-12-02 00:00:00
1950778.1,4569885.0,106095,2009-11-15 00:00:00,2009-11-21 00:00:00
1956801.2,4573591.5,106096,2013-10-15 00:00:00,2013-10-15 00:00:00
1960971.0,4573591.5,106097,2008-09-17 00:00:00,2008-09-17 00:00:00
2011472.1,4573591.5,106098,2001-11-01 00:00:00,2001-11-01 00:00:00
2200967.2,4568958.5,106099,2022-07-17 00:00:00,2022-07-29 00:00:00
2204210.2,4573591.5,106100,2007-10-05 00:00:00,2007-10-07 00:00:00
2205137.0,4573591.5,106101,2008-09-25 00:00:00,2008-09-25 00:00:00
2206990.2,4572665.0,106102,2014-09-30 00:00:00,2014-10-13 00:00:00
2183361.2,4573128.5,106103,2023-09-01 00:00:00,2023-09-01 00:00:00
2206990.2,4573591.5,106104,2001-09-29 00:00:00,2001-09-29 00:00:00
2219036.2,4572665.0,106105,2005-10-05 00:00:00,2005-10-23 00:00:00
2219499.8,4573591.5,106106,2005-10-13 00:00:00,2005-10-13 00:00:00
1954021.4,4571738.5,106122,2020-11-03 00:00:00,2020-11-13 00:00:00
1952168.1,4569422.0,106123,2013-10-12 00:00:00,2013-10-19 00:00:00
1951241.5,4571275.0,106124,2005-10-23 00:00:00,2005-10-27 00:00:00
1959117.8,4573128.5,106125,2008-09-17 00:00:00,2008-09-17 00:00:00
2180581.5,4573128.5,106126,2023-09-10 00:00:00,2023-09-10 00:00:00
1881281.2,4572201.5,106144,2007-07-22 00:00:00,2007-07-26 00:00:00
1951704.8,4570812.0,106145,2010-09-30 00:00:00,2010-10-08 00:00:00
1803908.0,4570812.0,106146,2016-07-08 00:00:00,2016-07-17 00:00:00
1952168.1,4572665.0,106147,2012-10-04 00:00:00,2012-10-14 00:00:00
1884524.5,4571738.5,106148,2001-06-23 00:00:00,2001-06-23 00:00:00
1955874.6,4567105.5,106149,2013-09-29 00:00:00,2013-10-20 00:00:00
1954484.6,4572201.5,106151,2017-10-12 00:00:00,2017-10-12 00:00:00
1960044.4,4572665.0,106152,2006-09-24 00:00:00,2006-09-24 00:00:00
1960507.8,4572665.0,106153,2008-09-17 00:00:00,2008-09-19 00:00:00
2011935.5,4572665.0,106154,2008-09-17 00:00:00,2008-09-17 00:00:00
2038807.6,4571275.0,106155,2008-09-07 00:00:00,2008-09-10 00:00:00
1953558.0,4571738.5,106163,2016-10-10 00:00:00,2016-10-10 00:00:00
1960507.8,4568495.0,106164,2005-10-15 00:00:00,2005-10-30 00:00:00
1954021.4,4572201.5,106165,2008-10-09 00:00:00,2008-10-09 00:00:00
1955874.6,4570348.5,106166,2017-09-27 00:00:00,2017-10-03 00:00:00
1952631.4,4571275.0,106167,2001-09-22 00:00:00,2001-09-22 00:00:00
1958191.1,4571275.0,106168,2008-10-05 00:00:00,2008-10-05 00:00:00
1961434.4,4572201.5,106169,2008-10-05 00:00:00,2008-10-05 00:00:00
1966994.1,4571275.0,106170,2003-05-31 00:00:00,2003-06-04 00:00:00
2011935.5,4571738.5,106171,2006-09-24 00:00:00,2006-09-29 00:00:00
2205137.0,4571738.5,106172,2001-09-29 00:00:00,2001-10-03 00:00:00
1692713.0,4571275.0,106185,2007-08-21 00:00:00,2007-08-23 00:00:00
1752480.4,4568032.0,106186,2007-08-22 00:00:00,2007-09-05 00:00:00
1793251.9,4571738.5,106187,2023-09-02 00:00:00,2023-09-02 00:00:00
1797421.6,4570348.5,106188,2018-10-24 00:00:00,2018-10-24 00:00:00
1797885.0,4571275.0,106189,2018-10-18 00:00:00,2018-10-18 00:00:00
1798348.2,4571275.0,106190,2001-08-10 00:00:00,2001-08-10 00:00:00
1803444.8,4571275.0,106191,2023-09-21 00:00:00,2023-09-24 00:00:00
1879428.0,4571738.5,106192,2007-08-07 00:00:00,2007-08-07 00:00:00
1952168.1,4571738.5,106193,2004-11-21 00:00:00,2004-11-21 00:00:00
1954948.0,4569422.0,106194,2016-10-10 00:00:00,2016-10-25 00:00:00
1953094.8,4570812.0,106195,2018-10-14 00:00:00,2018-10-18 00:00:00
1954484.6,4571738.5,106196,2020-11-04 00:00:00,2020-11-04 00:00:00
2218109.8,4571738.5,106197,2008-10-18 00:00:00,2008-10-18 00:00:00
1955874.6,4571275.0,106208,2016-10-13 00:00:00,2016-10-13 00:00:00
1955874.6,4570348.5,106209,2016-10-18 00:00:00,2016-10-25 00:00:00
1957264.5,4570812.0,106210,2016-10-10 00:00:00,2016-10-10 00:00:00
1957264.5,4569422.0,106211,2008-10-29 00:00:00,2008-11-02 00:00:00
1958654.5,4571275.0,106212,2008-09-27 00:00:00,2008-09-27 00:00:00
1959117.8,4571275.0,106213,2018-10-01 00:00:00,2018-10-01 00:00:00
1960507.8,4569885.0,106214,2020-11-04 00:00:00,2020-11-10 00:00:00
2014715.4,4567105.5,106215,2008-09-30 00:00:00,2008-10-02 00:00:00
2014715.4,4571275.0,106216,2004-10-17 00:00:00,2004-10-17 00:00:00
2093015.1,4571275.0,106217,2004-10-12 00:00:00,2004-10-12 00:00:00
1785375.5,4564325.5,106233,2007-07-22 00:00:00,2007-07-30 00:00:00
1821050.6,4570812.0,106234,2006-08-30 00:00:00,2006-08-30 00:00:00
1891937.5,4569885.0,106235,2001-10-17 00:00:00,2001-10-24 00:00:00
1893790.8,4568958.5,106236,2001-11-02 00:00:00,2001-11-12 00:00:00
1907690.1,4567105.5,106237,2024-05-22 00:00:00,2024-05-26 00:00:00
1952168.1,4570348.5,106238,2005-10-27 00:00:00,2005-10-27 00:00:00
1952631.4,4569885.0,106239,2003-09-27 00:00:00,2003-09-28 00:00:00
1955874.6,4568958.5,106240,2020-11-02 00:00:00,2020-11-07 00:00:00
1957264.5,4568958.5,106241,2018-10-20 00:00:00,2018-10-27 00:00:00
1956337.9,4569885.0,106242,2006-11-03 00:00:00,2006-11-03 00:00:00
1956801.2,4570812.0,106243,2008-09-27 00:00:00,2008-09-27 00:00:00
1957264.5,4569885.0,106244,2016-10-01 00:00:00,2016-10-01 00:00:00
1964214.2,4570348.5,106245,2003-06-04 00:00:00,2003-06-04 00:00:00
2014715.4,4570812.0,106246,2004-10-24 00:00:00,2004-10-24 00:00:00
2015178.6,4570812.0,106247,2010-09-28 00:00:00,2010-09-28 00:00:00
2016105.2,4569885.0,106248,2004-10-17 00:00:00,2004-10-19 00:00:00
2019811.8,4569422.0,106249,2001-09-28 00:00:00,2001-09-30 00:00:00
2027688.1,4569885.0,106250,2005-10-11 00:00:00,2005-10-13 00:00:00
2093015.1,4570812.0,106251,2008-11-25 00:00:00,2008-11-25 00:00:00
2093941.8,4570812.0,106252,2004-09-30 00:00:00,2004-09-30 00:00:00
2176411.5,4569885.0,106253,2023-08-24 00:00:00,2023-08-28 00:00:00
1794641.8,4570348.5,106263,2005-08-29 00:00:00,2005-08-29 00:00:00
1822903.9,4569885.0,106264,2006-08-31 00:00:00,2006-09-06 00:00:00
1885451.1,4570348.5,106265,2001-07-03 00:00:00,2001-07-03 00:00:00
1891474.1,4569422.0,106266,2001-11-02 00:00:00,2001-11-02 00:00:00
1950778.1,4570348.5,106267,2020-11-08 00:00:00,2020-11-08 00:00:00
1951704.8,4570348.5,106268,2018-11-12 00:00:00,2018-11-12 00:00:00
1952168.1,4570348.5,106269,2001-10-02 00:00:00,2001-10-02 00:00:00
1954021.4,4568495.0,106270,2020-11-11 00:00:00,2020-11-17 00:00:00
1953558.0,4570348.5,106271,2018-10-25 00:00:00,2018-10-25 00:00:00
1954484.6,4568495.0,106272,2024-01-26 00:00:00,2024-01-28 00:00:00
1957727.9,4568495.0,106273,2009-11-15 00:00:00,2009-11-19 00:00:00
1957264.5,4570348.5,106274,2016-10-18 00:00:00,2016-10-18 00:00:00
1958191.1,4569885.0,106275,2008-10-11 00:00:00,2008-10-11 00:00:00
1959117.8,4570348.5,106276,2018-10-31 00:00:00,2018-11-05 00:00:00
1960044.4,4569885.0,106277,2005-10-10 00:00:00,2005-10-10 00:00:00
1960044.4,4570348.5,106278,2008-10-12 00:00:00,2008-10-12 00:00:00
2013325.4,4568495.0,106279,2017-10-02 00:00:00,2017-10-08 00:00:00
2015178.6,4570348.5,106280,2004-11-21 00:00:00,2004-11-21 00:00:00
2095795.0,4570348.5,106281,2008-10-07 00:00:00,2008-10-07 00:00:00
2219499.8,4567568.5,106282,2023-10-25 00:00:00,2023-10-25 00:00:00
2213476.5,4562935.5,106283,2012-09-26 00:00:00,2012-10-16 00:00:00
2218109.8,4566642.0,106284,2004-10-04 00:00:00,2004-10-07 00:00:00
2217183.0,4568958.5,106285,2007-09-29 00:00:00,2007-09-29 00:00:00
2219036.2,4566642.0,106286,2019-10-09 00:00:00,2019-10-22 00:00:00
2219963.0,4570348.5,106287,2008-10-18 00:00:00,2008-10-18 00:00:00
1794641.8,4569422.0,106300,2023-09-09 00:00:00,2023-09-11 00:00:00
1810857.8,4569422.0,106301,2019-08-28 00:00:00,2019-09-04 00:00:00
1864602.0,4569885.0,106302,2007-11-26 00:00:00,2007-11-26 00:00:00
1908153.4,4569885.0,106303,2009-05-28 00:00:00,2009-05-28 00:00:00
1951704.8,4569885.0,106304,2013-10-31 00:00:00,2013-10-31 00:00:00
1953094.8,4569422.0,106305,2018-11-04 00:00:00,2018-11-05 00:00:00
1953094.8,4569885.0,106306,2003-09-16 00:00:00,2003-09-16 00:00:00
1953094.8,4569885.0,106307,2017-10-31 00:00:00,2017-10-31 00:00:00
1953558.0,4569885.0,106308,2008-11-01 00:00:00,2008-11-01 00:00:00
1959117.8,4569885.0,106309,2001-09-22 00:00:00,2001-09-22 00:00:00
2011472.1,4569885.0,106310,2010-10-09 00:00:00,2010-10-09 00:00:00
2095795.0,4566178.5,106311,2004-09-29 00:00:00,2004-10-01 00:00:00
2094405.1,4568032.0,106312,2008-09-27 00:00:00,2008-10-10 00:00:00
2100891.5,4569422.0,106313,2008-10-02 00:00:00,2008-10-02 00:00:00
2202357.0,4568495.0,106314,2001-10-14 00:00:00,2001-10-23 00:00:00
2221353.0,4569885.0,106316,2022-10-04 00:00:00,2022-10-04 00:00:00
1702442.5,4569422.0,106333,2007-09-01 00:00:00,2007-09-01 00:00:00
1809004.5,4568958.5,106334,2019-08-30 00:00:00,2019-09-05 00:00:00
1837729.9,4567105.5,106335,2019-11-07 00:00:00,2019-11-17 00:00:00
1952631.4,4568495.0,106336,2006-09-30 00:00:00,2006-09-30 00:00:00
1954948.0,4568495.0,106337,2017-11-09 00:00:00,2017-11-09 00:00:00
1954948.0,4569422.0,106338,2001-09-30 00:00:00,2001-09-30 00:00:00
1955874.6,4569422.0,106339,2007-01-05 00:00:00,2007-01-05 00:00:00
1957264.5,4566178.5,106340,2007-01-05 00:00:00,2007-01-14 00:00:00
1956801.2,4569422.0,106341,2016-12-01 00:00:00,2016-12-03 00:00:00
1957727.9,4568958.5,106342,2016-10-08 00:00:00,2016-10-08 00:00:00
1958191.1,4569422.0,106343,2001-09-30 00:00:00,2001-09-30 00:00:00
1958191.1,4569422.0,106344,2009-11-08 00:00:00,2009-11-08 00:00:00
2012862.1,4569422.0,106345,2010-10-13 00:00:00,2010-10-13 00:00:00
2098575.0,4569422.0,106346,2008-10-05 00:00:00,2008-10-05 00:00:00
2207916.8,4569422.0,106347,2012-10-14 00:00:00,2012-10-15 00:00:00
2209770.0,4564325.5,106348,2018-09-23 00:00:00,2018-10-29 00:00:00
2215793.2,4569422.0,106349,2018-10-31 00:00:00,2018-10-31 00:00:00
2218109.8,4567568.5,106350,2007-09-17 00:00:00,2007-10-07 00:00:00
2220889.5,4567568.5,106351,2016-10-24 00:00:00,2016-10-24 00:00:00
2211623.2,4568032.0,106352,2008-10-02 00:00:00,2008-10-02 00:00:00
2222279.5,4569422.0,106353,2023-10-14 00:00:00,2023-10-24 00:00:00
1810394.4,4568958.5,106363,2007-07-20 00:00:00,2007-07-25 00:00:00
1838193.1,4568495.0,106364,2019-10-28 00:00:00,2019-10-31 00:00:00
1834023.4,4568032.0,106365,2019-11-10 00:00:00,2019-11-12 00:00:00
1839119.8,4568958.5,106366,2019-11-21 00:00:00,2019-11-23 00:00:00
1953094.8,4567568.5,106367,2007-10-01 00:00:00,2007-10-04 00:00:00
1954484.6,4568958.5,106368,2006-10-31 00:00:00,2006-11-03 00:00:00
1954484.6,4568495.0,106369,2015-11-08 00:00:00,2015-11-10 00:00:00
1954948.0,4568495.0,106370,2016-10-08 00:00:00,2016-10-10 00:00:00
1955411.2,4568958.5,106371,2001-09-22 00:00:00,2001-09-22 00:00:00
1959117.8,4568495.0,106372,2001-11-04 00:00:00,2001-11-04 00:00:00
1959581.1,4568032.0,106373,2014-12-30 00:00:00,2014-12-30 00:00:00
1961434.4,4568032.0,106374,2016-10-18 00:00:00,2016-10-23 00:00:00
2016105.2,4568958.5,106375,2009-09-12 00:00:00,2009-09-12 00:00:00
2016568.6,4568495.0,106376,2009-09-18 00:00:00,2009-09-18 00:00:00
2105061.5,4568495.0,106377,2008-11-02 00:00:00,2008-11-06 00:00:00
2208843.5,4564325.5,106378,2001-10-08 00:00:00,2001-10-08 00:00:00
2206063.5,4568958.5,106379,2012-09-19 00:00:00,2012-10-03 00:00:00
2207916.8,4566178.5,106380,2007-09-14 00:00:00,2007-09-29 00:00:00
2207453.5,4565715.5,106381,2014-09-26 00:00:00,2014-10-09 00:00:00
2206990.2,4568958.5,106382,2007-10-03 00:00:00,2007-10-03 00:00:00
2206990.2,4568958.5,106383,2012-10-14 00:00:00,2012-10-14 00:00:00
2207453.5,4568495.0,106384,2010-09-17 00:00:00,2010-09-29 00:00:00
2207916.8,4568958.5,106385,2012-08-31 00:00:00,2012-08-31 00:00:00
2207916.8,4568032.0,106386,2018-09-13 00:00:00,2018-09-13 00:00:00
2206990.2,4567568.5,106387,2018-10-05 00:00:00,2018-10-06 00:00:00
2215793.2,4568032.0,106388,2019-10-16 00:00:00,2019-10-23 00:00:00
2217646.5,4568958.5,106389,2007-09-10 00:00:00,2007-09-10 00:00:00
2219963.0,4568958.5,106390,2004-10-13 00:00:00,2004-10-16 00:00:00
2220426.2,4568495.0,106391,2023-10-21 00:00:00,2023-10-21 00:00:00
1790935.2,4568032.0,106409,2003-08-01 00:00:00,2003-08-01 00:00:00
1794641.8,4568495.0,106410,2001-08-17 00:00:00,2001-08-17 00:00:00
1795568.4,4568495.0,106411,2001-08-19 00:00:00,2001-08-24 00:00:00
1798811.6,4568032.0,106412,2001-08-07 00:00:00,2001-08-12 00:00:00
1914176.5,4563862.0,106413,2001-09-10 00:00:00,2001-09-23 00:00:00
1951704.8,4568495.0,106414,2006-09-30 00:00:00,2006-09-30 00:00:00
1954021.4,4566642.0,106415,2009-11-08 00:00:00,2009-11-22 00:00:00
1954484.6,4568032.0,106416,2019-02-12 00:00:00,2019-02-14 00:00:00
1955411.2,4568495.0,106417,2007-10-06 00:00:00,2007-10-06 00:00:00
1956337.9,4568495.0,106418,2001-09-28 00:00:00,2001-09-28 00:00:00
1957727.9,4566642.0,106419,2021-02-10 00:00:00,2021-02-18 00:00:00
1958191.1,4568495.0,106420,2011-11-02 00:00:00,2011-11-02 00:00:00
1954021.4,4567568.5,106421,2019-02-18 00:00:00,2019-02-18 00:00:00
1960971.0,4568495.0,106422,2001-11-01 00:00:00,2001-11-01 00:00:00
1961434.4,4568495.0,106423,2016-10-26 00:00:00,2016-10-26 00:00:00
2017031.9,4568495.0,106424,2009-09-12 00:00:00,2009-09-12 00:00:00
2018421.9,4568495.0,106425,2009-09-12 00:00:00,2009-09-12 00:00:00
2091161.9,4568495.0,106426,2001-09-30 00:00:00,2001-10-08 00:00:00
2091625.2,4568495.0,106427,2004-09-29 00:00:00,2004-09-29 00:00:00
2092551.9,4568495.0,106428,2008-09-27 00:00:00,2008-09-27 00:00:00
2094868.4,4568032.0,106429,2004-10-17 00:00:00,2004-10-20 00:00:00
2098575.0,4568495.0,106430,2008-10-02 00:00:00,2008-10-02 00:00:00
2111547.8,4567568.5,106431,2001-11-11 00:00:00,2001-11-11 00:00:00
2112011.0,4568495.0,106432,2001-11-02 00:00:00,2001-11-02 00:00:00
2124520.5,4568495.0,106433,2005-10-25 00:00:00,2005-10-26 00:00:00
2206063.5,4568032.0,106434,2014-09-19 00:00:00,2014-09-22 00:00:00
2206990.2,4566642.0,106435,2010-09-14 00:00:00,2010-09-19 00:00:00
2211160.0,4568495.0,106436,2008-10-21 00:00:00,2008-10-21 00:00:00
2214403.2,4568032.0,106437,2018-10-08 00:00:00,2018-10-08 00:00:00
2221353.0,4566642.0,106438,2016-10-08 00:00:00,2016-10-18 00:00:00
1777035.9,4567105.5,106446,2005-08-04 00:00:00,2005-08-04 00:00:00
1798348.2,4568032.0,106447,2007-08-08 00:00:00,2007-08-11 00:00:00
1802518.1,4567568.5,106448,2017-10-05 00:00:00,2017-10-05 00:00:00
1907690.1,4568032.0,106449,2024-05-15 00:00:00,2024-05-15 00:00:00
1910006.6,4567568.5,106450,2024-05-22 00:00:00,2024-05-22 00:00:00
1953094.8,4568032.0,106451,2006-10-31 00:00:00,2006-10-31 00:00:00
1954021.4,4568032.0,106452,2011-10-31 00:00:00,2011-10-31 00:00:00
1954484.6,4568032.0,106453,2007-10-04 00:00:00,2007-10-04 00:00:00
1954948.0,4568032.0,106454,2004-10-26 00:00:00,2004-10-26 00:00:00
1955874.6,4568032.0,106455,2016-10-08 00:00:00,2016-10-08 00:00:00
1956801.2,4568032.0,106456,2023-01-30 00:00:00,2023-01-30 00:00:00
1956801.2,4567568.5,106457,2024-01-26 00:00:00,2024-01-26 00:00:00
1957264.5,4566642.0,106458,2004-10-18 00:00:00,2004-10-25 00:00:00
1957727.9,4568032.0,106459,2023-01-30 00:00:00,2023-01-30 00:00:00
1958654.5,4567568.5,106460,2017-09-28 00:00:00,2017-10-02 00:00:00
1961897.6,4568032.0,106461,2016-10-10 00:00:00,2016-10-10 00:00:00
1970237.2,4568032.0,106462,2019-01-23 00:00:00,2019-01-23 00:00:00
2014252.0,4568032.0,106463,2008-11-02 00:00:00,2008-11-02 00:00:00
2017495.2,4568032.0,106464,2008-09-30 00:00:00,2008-09-30 00:00:00
2017958.5,4567568.5,106465,2009-09-18 00:00:00,2009-09-18 00:00:00
2093478.5,4568032.0,106466,2005-10-18 00:00:00,2005-10-18 00:00:00
2095795.0,4568032.0,106467,2004-10-12 00:00:00,2004-10-12 00:00:00
2110157.8,4568032.0,106468,2001-11-13 00:00:00,2001-11-13 00:00:00
2110621.2,4568032.0,106469,2001-11-01 00:00:00,2001-11-01 00:00:00
2206990.2,4567105.5,106470,2004-09-19 00:00:00,2004-09-27 00:00:00
2206990.2,4568032.0,106471,2007-10-03 00:00:00,2007-10-03 00:00:00
2216719.8,4566642.0,106472,2018-10-06 00:00:00,2018-10-11 00:00:00
2219963.0,4567105.5,106473,2004-09-30 00:00:00,2004-10-13 00:00:00
2216256.5,4567568.5,106474,2004-10-13 00:00:00,2004-10-13 00:00:00
2213013.2,4567568.5,106475,2018-11-01 00:00:00,2018-11-01 00:00:00
2213013.2,4567568.5,106476,2018-10-08 00:00:00,2018-10-08 00:00:00
1802981.4,4567568.5,106489,2007-08-21 00:00:00,2007-08-22 00:00:00
1837266.5,4567105.5,106490,2019-10-31 00:00:00,2019-11-01 00:00:00
1960044.4,4567568.5,106491,2001-10-10 00:00:00,2001-10-10 00:00:00
2018421.9,4567105.5,106492,2009-09-12 00:00:00,2009-09-12 00:00:00
2028151.4,4567568.5,106493,2005-10-04 00:00:00,2005-10-04 00:00:00
2091625.2,4567568.5,106494,2001-10-11 00:00:00,2001-10-11 00:00:00
2092551.9,4567105.5,106495,2004-10-04 00:00:00,2004-10-06 00:00:00
2092551.9,4567568.5,106496,2005-10-06 00:00:00,2005-10-06 00:00:00
2094868.4,4567568.5,106497,2004-10-12 00:00:00,2004-10-12 00:00:00
2098111.8,4567568.5,106498,2004-10-12 00:00:00,2004-10-12 00:00:00
2098575.0,4567568.5,106499,2024-07-27 00:00:00,2024-07-27 00:00:00
2099501.8,4565715.5,106500,2008-10-02 00:00:00,2008-10-06 00:00:00
2114791.0,4567105.5,106501,2005-10-18 00:00:00,2005-10-21 00:00:00
2114791.0,4567568.5,106502,2005-10-06 00:00:00,2005-10-06 00:00:00
2211160.0,4565715.5,106503,2019-10-09 00:00:00,2019-10-19 00:00:00
2208380.2,4566178.5,106504,2012-10-03 00:00:00,2012-10-10 00:00:00
2211623.2,4567105.5,106505,2022-10-18 00:00:00,2022-10-22 00:00:00
1777499.2,4567105.5,106515,2005-08-11 00:00:00,2005-08-11 00:00:00
1808541.1,4567105.5,106516,2019-09-09 00:00:00,2019-09-09 00:00:00
1816880.8,4563862.0,106517,2013-08-24 00:00:00,2013-08-29 00:00:00
1832170.1,4567105.5,106518,2019-11-12 00:00:00,2019-11-12 00:00:00
1910933.2,4567105.5,106519,2001-09-14 00:00:00,2001-09-14 00:00:00
1954021.4,4567105.5,106520,2007-10-01 00:00:00,2007-10-01 00:00:00
1954948.0,4566642.0,106521,2016-10-07 00:00:00,2016-10-10 00:00:00
1956337.9,4567105.5,106522,2016-10-07 00:00:00,2016-10-10 00:00:00
1957727.9,4567105.5,106523,2021-02-26 00:00:00,2021-02-26 00:00:00
1958654.5,4567105.5,106524,2013-10-09 00:00:00,2013-10-09 00:00:00
1959581.1,4567105.5,106525,2001-10-22 00:00:00,2001-10-22 00:00:00
1960044.4,4567105.5,106526,2001-11-01 00:00:00,2001-11-01 00:00:00
1960044.4,4566642.0,106527,2001-09-19 00:00:00,2001-09-22 00:00:00
2071702.8,4563399.0,106528,2023-08-19 00:00:00,2023-08-24 00:00:00
2092551.9,4567105.5,106529,2001-10-09 00:00:00,2001-10-09 00:00:00
2100891.5,4565715.5,106530,2001-09-30 00:00:00,2001-10-08 00:00:00
2100428.2,4567105.5,106531,2024-07-30 00:00:00,2024-07-30 00:00:00
2201430.5,4566642.0,106532,2001-09-23 00:00:00,2001-09-23 00:00:00
2206527.0,4567105.5,106533,2004-09-13 00:00:00,2004-09-13 00:00:00
2208843.5,4564788.5,106534,2011-09-17 00:00:00,2011-09-30 00:00:00
2212550.0,4564325.5,106535,2011-10-21 00:00:00,2011-10-29 00:00:00
2213013.2,4564325.5,106536,2023-10-21 00:00:00,2023-10-25 00:00:00
2209306.8,4565715.5,106537,2022-10-04 00:00:00,2022-10-22 00:00:00
2213013.2,4561545.5,106538,2007-09-24 00:00:00,2007-10-07 00:00:00
2213476.5,4567105.5,106539,2023-10-12 00:00:00,2023-10-14 00:00:00
2214403.2,4567105.5,106540,2002-10-05 00:00:00,2002-10-07 00:00:00
2219499.8,4567105.5,106541,2004-10-20 00:00:00,2004-10-20 00:00:00
2219963.0,4567105.5,106542,2016-10-24 00:00:00,2016-10-24 00:00:00
2223206.2,4567105.5,106543,2008-10-02 00:00:00,2008-10-05 00:00:00
1777035.9,4566642.0,106550,2015-09-11 00:00:00,2015-09-11 00:00:00
1784912.2,4564788.5,106551,2011-07-27 00:00:00,2011-08-04 00:00:00
1796031.8,4565715.5,106552,2001-08-24 00:00:00,2001-08-30 00:00:00
1911859.9,4563862.0,106553,2004-06-07 00:00:00,2004-06-11 00:00:00
1956337.9,4566642.0,106554,2005-11-03 00:00:00,2005-11-03 00:00:00
1959117.8,4566642.0,106555,2005-10-18 00:00:00,2005-10-18 00:00:00
1961897.6,4566642.0,106556,2014-12-30 00:00:00,2014-12-30 00:00:00
1962824.2,4566642.0,106557,2014-12-30 00:00:00,2014-12-30 00:00:00
2024908.2,4563862.0,106558,2007-01-09 00:00:00,2007-01-14 00:00:00
2098575.0,4566642.0,106559,2024-07-27 00:00:00,2024-07-27 00:00:00
2099501.8,4566642.0,106560,2008-10-14 00:00:00,2008-10-14 00:00:00
2100428.2,4566642.0,106561,2005-10-06 00:00:00,2005-10-06 00:00:00
2204210.2,4566178.5,106562,2001-10-08 00:00:00,2001-10-12 00:00:00
2209770.0,4566642.0,106563,2007-09-14 00:00:00,2007-09-14 00:00:00
2211160.0,4564325.5,106564,2004-10-02 00:00:00,2004-10-13 00:00:00
2211623.2,4566178.5,106565,2023-10-08 00:00:00,2023-10-08 00:00:00
2215329.8,4566178.5,106566,2007-09-29 00:00:00,2007-09-29 00:00:00
2215793.2,4566642.0,106567,2018-09-30 00:00:00,2018-09-30 00:00:00
2217183.0,4566642.0,106568,2023-10-14 00:00:00,2023-10-14 00:00:00
2219036.2,4566178.5,106569,2018-10-12 00:00:00,2018-10-12 00:00:00
2221816.2,4566642.0,106570,2008-10-03 00:00:00,2008-10-03 00:00:00
2222279.5,4566642.0,106571,2016-10-12 00:00:00,2016-10-12 00:00:00
1778889.1,4565252.0,106584,2011-08-19 00:00:00,2011-08-21 00:00:00
1780742.4,4566178.5,106585,2011-08-31 00:00:00,2011-08-31 00:00:00
1802981.4,4565715.5,106586,2003-06-30 00:00:00,2003-07-01 00:00:00
1899813.8,4566178.5,106587,2007-10-31 00:00:00,2007-10-31 00:00:00
1900277.1,4565715.5,106588,2007-10-13 00:00:00,2007-10-13 00:00:00
1910933.2,4566178.5,106589,2001-09-18 00:00:00,2001-09-18 00:00:00
1955411.2,4565252.0,106590,2024-01-25 00:00:00,2024-01-29 00:00:00
1957264.5,4566178.5,106591,2016-10-18 00:00:00,2016-10-18 00:00:00
1958654.5,4566178.5,106592,2001-09-02 00:00:00,2001-09-02 00:00:00
1959117.8,4566178.5,106593,2001-09-30 00:00:00,2001-10-08 00:00:00
1959117.8,4566178.5,106594,2012-10-10 00:00:00,2012-10-10 00:00:00
1960044.4,4566178.5,106595,2001-09-30 00:00:00,2001-09-30 00:00:00
1961897.6,4566178.5,106596,2001-10-10 00:00:00,2001-10-10 00:00:00
2024908.2,4566178.5,106597,2004-11-22 00:00:00,2004-11-23 00:00:00
2055023.5,4565715.5,106598,2013-08-26 00:00:00,2013-08-28 00:00:00
2076335.9,4565715.5,106599,2005-11-01 00:00:00,2005-11-01 00:00:00
2098111.8,4565252.0,106600,2007-09-27 00:00:00,2007-09-30 00:00:00
2101818.2,4565252.0,106601,2001-09-30 00:00:00,2001-09-30 00:00:00
2206527.0,4565715.5,106602,2008-11-02 00:00:00,2008-11-02 00:00:00
2208843.5,4565715.5,106603,2022-10-01 00:00:00,2022-10-02 00:00:00
2208380.2,4566178.5,106604,2023-10-21 00:00:00,2023-10-21 00:00:00
2210696.8,4566178.5,106605,2018-10-09 00:00:00,2018-10-09 00:00:00
2210233.5,4565715.5,106606,2010-09-28 00:00:00,2010-09-28 00:00:00
2211623.2,4566178.5,106607,2010-10-09 00:00:00,2010-10-09 00:00:00
2215329.8,4565715.5,106608,2002-10-05 00:00:00,2002-10-05 00:00:00
2214866.5,4566178.5,106609,2012-09-26 00:00:00,2012-09-26 00:00:00
2215329.8,4566178.5,106610,2023-10-14 00:00:00,2023-10-14 00:00:00
2218109.8,4566178.5,106611,2007-09-17 00:00:00,2007-09-17 00:00:00
2218109.8,4566178.5,106612,2018-10-03 00:00:00,2018-10-03 00:00:00
1778889.1,4565715.5,106629,2011-09-04 00:00:00,2011-09-04 00:00:00
1957727.9,4565715.5,106630,2009-11-08 00:00:00,2009-11-17 00:00:00
1960507.8,4565252.0,106631,2005-10-22 00:00:00,2005-10-22 00:00:00
2014715.4,4563862.0,106632,2008-09-25 00:00:00,2008-10-11 00:00:00
2025834.9,4565715.5,106633,2005-10-23 00:00:00,2005-10-23 00:00:00
2025834.9,4563862.0,106634,2001-09-29 00:00:00,2001-10-11 00:00:00
2094868.4,4564788.5,106635,2008-10-02 00:00:00,2008-10-04 00:00:00
2097648.5,4562935.5,106636,2001-09-29 00:00:00,2001-10-10 00:00:00
2094868.4,4565252.0,106637,2008-10-19 00:00:00,2008-10-19 00:00:00
2094868.4,4565252.0,106638,2007-09-26 00:00:00,2007-09-27 00:00:00
2095795.0,4565715.5,106639,2001-09-10 00:00:00,2001-09-10 00:00:00
2099501.8,4563399.0,106640,2005-10-01 00:00:00,2005-10-06 00:00:00
2101355.0,4565252.0,106641,2001-10-11 00:00:00,2001-10-15 00:00:00
2201430.5,4565715.5,106642,2001-10-06 00:00:00,2001-10-06 00:00:00
2201893.8,4564788.5,106643,2001-09-23 00:00:00,2001-09-26 00:00:00
2203747.0,4565715.5,106644,2001-10-19 00:00:00,2001-10-21 00:00:00
2205137.0,4565715.5,106645,2012-10-23 00:00:00,2012-10-23 00:00:00
2208380.2,4565715.5,106646,2019-09-30 00:00:00,2019-09-30 00:00:00
2208380.2,4565715.5,106647,2023-10-14 00:00:00,2023-10-14 00:00:00
2208843.5,4565715.5,106648,2004-09-08 00:00:00,2004-09-08 00:00:00
2209306.8,4565252.0,106649,2008-09-30 00:00:00,2008-10-05 00:00:00
2208843.5,4564788.5,106650,2007-09-26 00:00:00,2007-10-02 00:00:00
2210233.5,4564325.5,106651,2023-10-07 00:00:00,2023-10-14 00:00:00
1897033.9,4564788.5,106658,2001-09-14 00:00:00,2001-09-14 00:00:00
1903983.6,4564325.5,106659,2020-11-06 00:00:00,2020-11-08 00:00:00
1912323.2,4565252.0,106660,2001-09-26 00:00:00,2001-09-26 00:00:00
1955874.6,4564325.5,106661,2013-10-09 00:00:00,2013-10-19 00:00:00
1955874.6,4564788.5,106662,2005-10-15 00:00:00,2005-10-18 00:00:00
1958654.5,4563399.0,106663,2007-09-30 00:00:00,2007-10-05 00:00:00
2076799.2,4564325.5,106664,2001-09-30 00:00:00,2001-10-03 00:00:00
2096258.4,4565252.0,106665,2008-10-10 00:00:00,2008-10-10 00:00:00
2118034.2,4562472.0,106666,2004-10-13 00:00:00,2004-10-18 00:00:00
2205137.0,4565252.0,106667,2012-10-13 00:00:00,2012-10-13 00:00:00
2206527.0,4565252.0,106668,2004-10-11 00:00:00,2004-10-11 00:00:00
2208380.2,4565252.0,106669,2004-09-26 00:00:00,2004-09-27 00:00:00
2208380.2,4564788.5,106670,2017-10-06 00:00:00,2017-10-21 00:00:00
2208380.2,4564788.5,106671,2004-09-15 00:00:00,2004-09-20 00:00:00
2208380.2,4564788.5,106672,2001-09-15 00:00:00,2001-09-15 00:00:00
2213476.5,4564788.5,106673,2023-10-14 00:00:00,2023-10-14 00:00:00
2214866.5,4565252.0,106674,2002-10-14 00:00:00,2002-10-14 00:00:00
1829853.5,4562935.5,106680,2008-07-09 00:00:00,2008-07-22 00:00:00
1896570.6,4564788.5,106681,2001-09-23 00:00:00,2001-09-23 00:00:00
1957727.9,4563862.0,106682,2001-09-29 00:00:00,2001-10-11 00:00:00
1960507.8,4563862.0,106683,2001-10-04 00:00:00,2001-10-13 00:00:00
1961897.6,4564325.5,106684,2001-09-30 00:00:00,2001-09-30 00:00:00
2065216.4,4564788.5,106685,2006-08-16 00:00:00,2006-08-16 00:00:00
2080505.8,4563862.0,106686,2001-07-14 00:00:00,2001-07-20 00:00:00
2095331.8,4564788.5,106687,2005-10-04 00:00:00,2005-10-05 00:00:00
2095795.0,4564788.5,106688,2008-10-18 00:00:00,2008-10-18 00:00:00
2099965.0,4564788.5,106689,2008-10-02 00:00:00,2008-10-05 00:00:00
2100891.5,4564788.5,106690,2001-10-21 00:00:00,2001-10-21 00:00:00
2196334.0,4564788.5,106691,2020-09-27 00:00:00,2020-10-03 00:00:00
2198187.2,4563862.0,106692,2023-09-02 00:00:00,2023-09-02 00:00:00
2205600.2,4564325.5,106693,2012-10-18 00:00:00,2012-10-25 00:00:00
2206990.2,4564788.5,106694,2019-10-10 00:00:00,2019-10-10 00:00:00
2212086.8,4562472.0,106695,2014-10-02 00:00:00,2014-10-13 00:00:00
2211623.2,4563862.0,106696,2011-11-06 00:00:00,2011-11-06 00:00:00
1779352.5,4564325.5,106712,2011-08-29 00:00:00,2011-08-29 00:00:00
1912786.5,4564325.5,106713,2001-09-23 00:00:00,2001-09-23 00:00:00
1959581.1,4564325.5,106714,2001-10-03 00:00:00,2001-10-03 00:00:00
1960044.4,4564325.5,106715,2001-09-24 00:00:00,2001-09-24 00:00:00
1960507.8,4563399.0,106716,2020-11-02 00:00:00,2020-11-07 00:00:00
1961897.6,4563862.0,106717,2007-10-03 00:00:00,2007-10-04 00:00:00
2096721.6,4563862.0,106718,2007-09-26 00:00:00,2007-09-29 00:00:00
2097185.0,4564325.5,106719,2008-10-02 00:00:00,2008-10-06 00:00:00
2110621.2,4562935.5,106720,2007-09-30 00:00:00,2007-09-30 00:00:00
2208380.2,4563862.0,106721,2001-09-23 00:00:00,2001-09-23 00:00:00
2208380.2,4563862.0,106722,2007-09-10 00:00:00,2007-09-20 00:00:00
2216719.8,4562472.0,106723,2001-09-10 00:00:00,2001-09-13 00:00:00
1787692.1,4563399.0,106731,2011-08-19 00:00:00,2011-08-23 00:00:00
2078189.1,4563399.0,106732,2004-10-01 00:00:00,2004-10-01 00:00:00
2094405.1,4563862.0,106733,2008-10-02 00:00:00,2008-10-02 00:00:00
2098111.8,4563862.0,106734,2005-10-06 00:00:00,2005-10-06 00:00:00
2098111.8,4563862.0,106735,2008-10-02 00:00:00,2008-10-03 00:00:00
2188457.8,4560155.5,106736,2011-08-21 00:00:00,2011-08-28 00:00:00
2197260.8,4563399.0,106737,2021-07-09 00:00:00,2021-07-10 00:00:00
2208380.2,4563399.0,106738,2001-09-29 00:00:00,2001-10-03 00:00:00
2212550.0,4563862.0,106739,2014-10-14 00:00:00,2014-10-20 00:00:00
2212086.8,4563399.0,106740,2018-10-12 00:00:00,2018-10-12 00:00:00
2213013.2,4563862.0,106741,2007-09-19 00:00:00,2007-09-19 00:00:00
1905373.5,4563399.0,106756,2018-11-20 00:00:00,2018-11-21 00:00:00
1958191.1,4562935.5,106757,2005-10-10 00:00:00,2005-10-15 00:00:00
1958191.1,4563399.0,106758,2005-10-24 00:00:00,2005-10-24 00:00:00
1965140.9,4562472.0,106759,2005-10-21 00:00:00,2005-10-27 00:00:00
1962824.2,4563399.0,106760,2012-10-02 00:00:00,2012-10-02 00:00:00
1965140.9,4561545.5,106761,2013-10-07 00:00:00,2013-10-19 00:00:00
1963750.9,4563399.0,106762,2012-10-05 00:00:00,2012-10-05 00:00:00
2029541.4,4563399.0,106763,2004-09-30 00:00:00,2004-09-30 00:00:00
2031857.9,4563399.0,106764,2001-10-08 00:00:00,2001-10-08 00:00:00
2213013.2,4563399.0,106765,2017-10-31 00:00:00,2017-10-31 00:00:00
1778425.9,4562935.5,106772,2019-10-29 00:00:00,2019-10-29 00:00:00
1802981.4,4561082.0,106773,2016-07-25 00:00:00,2016-07-28 00:00:00
1804371.4,4562009.0,106774,2011-07-18 00:00:00,2011-07-20 00:00:00
1897960.5,4561545.5,106775,2013-12-05 00:00:00,2013-12-11 00:00:00
1902130.4,4562935.5,106776,2018-12-02 00:00:00,2018-12-02 00:00:00
1960044.4,4562472.0,106777,2005-10-16 00:00:00,2005-10-18 00:00:00
1963287.6,4562935.5,106778,2013-10-03 00:00:00,2013-10-03 00:00:00
2010082.2,4562472.0,106779,2008-09-30 00:00:00,2008-09-30 00:00:00
2077725.9,4562935.5,106780,2001-09-30 00:00:00,2001-09-30 00:00:00
2078652.5,4562935.5,106781,2001-10-02 00:00:00,2001-10-02 00:00:00
2188921.0,4562935.5,106782,2011-09-02 00:00:00,2011-09-02 00:00:00
2210696.8,4562935.5,106783,2012-10-19 00:00:00,2012-10-19 00:00:00
2213013.2,4562009.0,106789,2007-09-25 00:00:00,2007-09-25 00:00:00
1801591.5,4562009.0,106800,2007-07-20 00:00:00,2007-07-21 00:00:00
1802518.1,4562009.0,106801,2011-08-12 00:00:00,2011-08-14 00:00:00
1802054.8,4562472.0,106802,2011-08-05 00:00:00,2011-08-05 00:00:00
1803444.8,4562472.0,106803,2014-08-11 00:00:00,2014-08-11 00:00:00
1803444.8,4561545.5,106804,2003-08-10 00:00:00,2003-08-12 00:00:00
1809467.8,4560619.0,106805,2005-08-27 00:00:00,2005-09-04 00:00:00
1815954.1,4559229.0,106806,2008-08-22 00:00:00,2008-08-27 00:00:00
1831243.5,4562472.0,106807,2008-07-04 00:00:00,2008-07-04 00:00:00
1898887.1,4562009.0,106808,2004-12-31 00:00:00,2005-01-04 00:00:00
1904910.2,4562009.0,106809,2001-09-18 00:00:00,2001-09-20 00:00:00
1955411.2,4562472.0,106810,2008-10-05 00:00:00,2008-10-05 00:00:00
1814564.2,4559229.0,106811,2005-09-01 00:00:00,2005-09-08 00:00:00
1960044.4,4562472.0,106812,2007-10-06 00:00:00,2007-10-06 00:00:00
1961897.6,4562472.0,106813,2007-10-24 00:00:00,2007-10-24 00:00:00
1967920.8,4562009.0,106814,2021-02-16 00:00:00,2021-02-23 00:00:00
2076335.9,4562472.0,106815,2001-09-30 00:00:00,2001-09-30 00:00:00
2076335.9,4562472.0,106816,2005-11-01 00:00:00,2005-11-01 00:00:00
2076799.2,4562472.0,106817,2001-10-13 00:00:00,2001-10-13 00:00:00
2099501.8,4562472.0,106818,2005-10-06 00:00:00,2005-10-06 00:00:00
2207916.8,4562472.0,106819,2007-09-10 00:00:00,2007-09-10 00:00:00
2212086.8,4562472.0,106820,2015-11-01 00:00:00,2015-11-01 00:00:00
1751090.4,4562009.0,106835,2007-09-05 00:00:00,2007-09-08 00:00:00
1803908.0,4561545.5,106836,2014-08-14 00:00:00,2014-08-17 00:00:00
1960507.8,4561545.5,106837,2001-10-02 00:00:00,2001-10-13 00:00:00
1961897.6,4562009.0,106838,2005-10-10 00:00:00,2005-10-10 00:00:00
1963750.9,4562009.0,106839,2001-10-10 00:00:00,2001-10-10 00:00:00
2003132.5,4561082.0,106840,2008-10-02 00:00:00,2008-10-05 00:00:00
2009155.6,4562009.0,106841,2008-09-30 00:00:00,2008-09-30 00:00:00
2017495.2,4562009.0,106842,2005-10-23 00:00:00,2005-10-23 00:00:00
2078189.1,4560155.5,106843,2014-12-30 00:00:00,2014-12-30 00:00:00
2212086.8,4562009.0,106844,2012-11-05 00:00:00,2012-11-05 00:00:00
1796031.8,4561082.0,106851,2002-10-18 00:00:00,2002-10-20 00:00:00
1797421.6,4560619.0,106852,2002-10-26 00:00:00,2002-10-31 00:00:00
1804371.4,4561082.0,106853,2011-06-01 00:00:00,2011-06-01 00:00:00
1804834.6,4561082.0,106854,2001-07-03 00:00:00,2001-07-04 00:00:00
1963287.6,4560155.5,106855,2013-10-12 00:00:00,2013-10-19 00:00:00
1961897.6,4561545.5,106856,2005-10-16 00:00:00,2005-10-21 00:00:00
2077262.5,4561545.5,106857,2001-09-30 00:00:00,2001-09-30 00:00:00
2078189.1,4561545.5,106858,2001-09-30 00:00:00,2001-09-30 00:00:00
2204210.2,4561082.0,106859,2001-10-09 00:00:00,2001-10-11 00:00:00
2213013.2,4561082.0,106860,2012-10-10 00:00:00,2012-10-12 00:00:00
1797421.6,4561082.0,106867,2002-10-20 00:00:00,2002-10-20 00:00:00
1802518.1,4560619.0,106868,2014-08-08 00:00:00,2014-08-09 00:00:00
2002669.1,4561082.0,106869,2008-09-26 00:00:00,2008-09-26 00:00:00
2004985.8,4560619.0,106870,2008-09-30 00:00:00,2008-10-03 00:00:00
2011008.9,4561082.0,106871,2008-09-30 00:00:00,2008-09-30 00:00:00
2076335.9,4560155.5,106872,2000-11-08 00:00:00,2000-11-11 00:00:00
2076799.2,4560619.0,106873,2000-11-01 00:00:00,2000-11-01 00:00:00
2086992.1,4559692.5,106874,2008-09-25 00:00:00,2008-10-04 00:00:00
1965140.9,4560619.0,106875,2005-11-01 00:00:00,2005-11-01 00:00:00
2204210.2,4560619.0,106876,2001-09-23 00:00:00,2001-10-02 00:00:00
1760356.6,4560619.0,106886,2017-02-18 00:00:00,2017-02-18 00:00:00
1763599.9,4560619.0,106887,2008-01-22 00:00:00,2008-01-22 00:00:00
1798348.2,4560155.5,106888,2002-11-04 00:00:00,2002-11-08 00:00:00
1898423.9,4560619.0,106889,2013-12-04 00:00:00,2013-12-04 00:00:00
1903983.6,4560619.0,106890,2001-09-24 00:00:00,2001-09-24 00:00:00
1963287.6,4560619.0,106891,2005-11-01 00:00:00,2005-11-01 00:00:00
1963750.9,4560155.5,106892,2015-11-08 00:00:00,2015-11-09 00:00:00
1963750.9,4560619.0,106893,2005-10-20 00:00:00,2005-10-20 00:00:00
1964214.2,4560619.0,106894,2008-10-20 00:00:00,2008-10-20 00:00:00
2200967.2,4560619.0,106895,2001-10-13 00:00:00,2001-10-13 00:00:00
2213013.2,4560155.5,106896,2014-10-07 00:00:00,2014-10-13 00:00:00
1763599.9,4560155.5,106906,2015-02-07 00:00:00,2015-02-07 00:00:00
1797421.6,4559692.5,106907,2002-10-15 00:00:00,2002-10-18 00:00:00
1797885.0,4560155.5,106908,2015-06-11 00:00:00,2015-06-11 00:00:00
1802981.4,4559692.5,106909,2011-07-08 00:00:00,2011-07-09 00:00:00
1964214.2,4559229.0,106910,2008-09-27 00:00:00,2008-10-02 00:00:00
1963750.9,4560155.5,106911,2005-10-26 00:00:00,2005-10-26 00:00:00
2028151.4,4559692.5,106912,2001-09-29 00:00:00,2001-09-30 00:00:00
2042977.4,4559229.0,106913,2008-10-31 00:00:00,2008-11-10 00:00:00
2031857.9,4558765.5,106914,2001-09-29 00:00:00,2001-10-13 00:00:00
2041587.5,4560155.5,106915,2001-10-09 00:00:00,2001-10-11 00:00:00
2042977.4,4558765.5,106916,2001-09-27 00:00:00,2001-09-30 00:00:00
2203747.0,4559229.0,106917,2001-10-08 00:00:00,2001-10-12 00:00:00
2213476.5,4560155.5,106918,2007-10-02 00:00:00,2007-10-02 00:00:00
1797885.0,4559692.5,106928,2015-06-04 00:00:00,2015-06-04 00:00:00
1802054.8,4559692.5,106929,2007-05-31 00:00:00,2007-05-31 00:00:00
1802981.4,4558765.5,106930,2009-08-16 00:00:00,2009-08-26 00:00:00
1802054.8,4557839.0,106931,2001-07-03 00:00:00,2001-07-04 00:00:00
1805298.0,4559229.0,106932,2001-07-31 00:00:00,2001-07-31 00:00:00
1963287.6,4559692.5,106933,2001-10-03 00:00:00,2001-10-03 00:00:00
1968384.0,4557375.5,106934,2007-01-05 00:00:00,2007-01-14 00:00:00
1968847.4,4558765.5,106935,2009-11-08 00:00:00,2009-11-17 00:00:00
1978113.6,4559692.5,106936,2001-09-29 00:00:00,2001-09-29 00:00:00
2077262.5,4559692.5,106937,2005-10-24 00:00:00,2005-10-27 00:00:00
2177338.2,4558765.5,106938,2020-09-12 00:00:00,2020-09-14 00:00:00
2205600.2,4559692.5,106939,2001-09-30 00:00:00,2001-10-02 00:00:00
1752943.6,4559229.0,106949,2007-08-24 00:00:00,2007-08-24 00:00:00
1803444.8,4559229.0,106950,2001-07-04 00:00:00,2001-07-04 00:00:00
1967920.8,4559229.0,106951,2009-11-02 00:00:00,2009-11-02 00:00:00
1976260.4,4556912.5,106952,2001-09-30 00:00:00,2001-10-08 00:00:00
1979966.9,4559229.0,106953,2001-09-29 00:00:00,2001-09-29 00:00:00
2023981.6,4557839.0,106954,2001-09-28 00:00:00,2001-10-02 00:00:00
2029541.4,4558765.5,106955,2004-10-01 00:00:00,2004-10-04 00:00:00
2077725.9,4559229.0,106956,2014-12-28 00:00:00,2014-12-28 00:00:00
2091161.9,4559229.0,106957,2001-09-27 00:00:00,2001-09-27 00:00:00
2131933.5,4558302.5,106958,2001-09-30 00:00:00,2001-10-06 00:00:00
2132860.2,4559229.0,106959,2001-09-30 00:00:00,2001-09-30 00:00:00
2133323.5,4559229.0,106960,2007-10-24 00:00:00,2007-10-24 00:00:00
2201893.8,4557839.0,106961,2001-09-16 00:00:00,2001-09-22 00:00:00
2129153.8,4558302.5,106962,2012-10-16 00:00:00,2012-10-16 00:00:00
2205137.0,4558765.5,106963,2001-10-09 00:00:00,2001-10-09 00:00:00
1800664.9,4558765.5,106969,2010-10-04 00:00:00,2010-10-04 00:00:00
1803444.8,4558765.5,106970,2007-05-31 00:00:00,2007-05-31 00:00:00
1806687.9,4558765.5,106971,2009-07-01 00:00:00,2009-07-01 00:00:00
1833560.0,4558765.5,106972,2008-08-14 00:00:00,2008-08-14 00:00:00
1967457.4,4558302.5,106973,2013-10-16 00:00:00,2013-10-16 00:00:00
1976723.6,4558765.5,106974,2001-10-08 00:00:00,2001-10-08 00:00:00
1978113.6,4558302.5,106975,2001-09-28 00:00:00,2001-10-05 00:00:00
2007765.6,4558765.5,106976,2008-10-02 00:00:00,2008-10-02 00:00:00
2023055.0,4558765.5,106977,2001-10-08 00:00:00,2001-10-08 00:00:00
2023981.6,4558765.5,106978,2005-11-02 00:00:00,2005-11-02 00:00:00
2030004.6,4558765.5,106979,2001-10-10 00:00:00,2001-10-10 00:00:00
2030004.6,4558765.5,106980,2008-11-02 00:00:00,2008-11-02 00:00:00
2030931.2,4558765.5,106981,2008-10-02 00:00:00,2008-10-02 00:00:00
2031394.6,4558765.5,106982,2004-09-30 00:00:00,2004-09-30 00:00:00
2031394.6,4556912.5,106983,2008-10-31 00:00:00,2008-11-09 00:00:00
2035564.4,4558302.5,106984,2008-11-23 00:00:00,2008-11-23 00:00:00
2038807.6,4557839.0,106985,2005-11-02 00:00:00,2005-11-03 00:00:00
2043440.8,4558765.5,106986,2005-09-14 00:00:00,2005-09-19 00:00:00
2090698.6,4558765.5,106987,2001-10-05 00:00:00,2001-10-05 00:00:00
2206063.5,4558765.5,106988,2001-10-08 00:00:00,2001-10-08 00:00:00
2214403.2,4545793.0,106989,2014-09-29 00:00:00,2014-10-11 00:00:00
2211623.2,4556449.0,106990,2007-09-13 00:00:00,2007-10-05 00:00:00
1751553.8,4556912.5,107001,2007-09-11 00:00:00,2007-09-11 00:00:00
1752943.6,4558302.5,107002,2007-09-09 00:00:00,2007-09-09 00:00:00
1799738.2,4558302.5,107003,2010-10-18 00:00:00,2010-10-18 00:00:00
1800201.5,4558302.5,107004,2010-09-26 00:00:00,2010-09-28 00:00:00
1803908.0,4556912.5,107005,2001-07-03 00:00:00,2001-07-04 00:00:00
1832170.1,4557839.0,107006,2008-08-19 00:00:00,2008-08-20 00:00:00
1966994.1,4558302.5,107007,2013-10-08 00:00:00,2013-10-08 00:00:00
2004059.1,4557375.5,107008,2004-09-27 00:00:00,2004-09-29 00:00:00
2006839.0,4556912.5,107009,2008-09-26 00:00:00,2008-10-05 00:00:00
2029078.0,4557839.0,107010,2001-09-30 00:00:00,2001-09-30 00:00:00
2030931.2,4557375.5,107011,2001-10-18 00:00:00,2001-10-22 00:00:00
2031394.6,4556449.0,107012,2005-10-31 00:00:00,2005-11-04 00:00:00
2032321.2,4558302.5,107013,2008-09-30 00:00:00,2008-09-30 00:00:00
2032784.5,4558302.5,107014,2004-09-30 00:00:00,2004-09-30 00:00:00
2032321.2,4557839.0,107015,2001-09-17 00:00:00,2001-09-17 00:00:00
2035101.1,4556912.5,107016,2008-11-02 00:00:00,2008-11-13 00:00:00
2040660.9,4557375.5,107017,2004-09-28 00:00:00,2004-09-30 00:00:00
2041587.5,4558302.5,107018,2004-09-28 00:00:00,2004-09-28 00:00:00
2044830.6,4558302.5,107019,2008-11-23 00:00:00,2008-11-23 00:00:00
2086528.8,4558302.5,107020,2001-09-30 00:00:00,2001-09-30 00:00:00
2090698.6,4557375.5,107021,2001-09-26 00:00:00,2001-09-30 00:00:00
2095331.8,4558302.5,107022,2001-10-01 00:00:00,2001-10-01 00:00:00
2133323.5,4558302.5,107023,2001-10-06 00:00:00,2001-10-16 00:00:00
2210233.5,4557375.5,107024,2017-10-03 00:00:00,2017-10-06 00:00:00
2212086.8,4557839.0,107025,2015-11-01 00:00:00,2015-11-01 00:00:00
1800201.5,4557375.5,107034,2010-10-09 00:00:00,2010-10-09 00:00:00
1905373.5,4551352.5,107035,2008-08-17 00:00:00,2008-08-19 00:00:00
1981356.8,4557839.0,107036,2013-10-01 00:00:00,2013-10-05 00:00:00
1967457.4,4557375.5,107037,2013-10-07 00:00:00,2013-10-07 00:00:00
2027688.1,4557839.0,107038,2004-11-21 00:00:00,2004-11-22 00:00:00
2035564.4,4554596.0,107039,2011-10-12 00:00:00,2011-10-15 00:00:00
2038807.6,4557839.0,107040,2005-09-05 00:00:00,2005-09-05 00:00:00
2039270.9,4557839.0,107041,2005-09-12 00:00:00,2005-09-12 00:00:00
2039734.2,4557839.0,107042,2001-10-02 00:00:00,2001-10-03 00:00:00
2044367.4,4557839.0,107043,2005-09-08 00:00:00,2005-09-08 00:00:00
2080042.4,4555059.0,107044,2001-11-01 00:00:00,2001-11-06 00:00:00
2086065.5,4556449.0,107045,2001-09-29 00:00:00,2001-10-04 00:00:00
2133323.5,4557839.0,107046,2016-08-13 00:00:00,2016-08-13 00:00:00
2210696.8,4556449.0,107047,2019-10-09 00:00:00,2019-10-18 00:00:00
2213476.5,4555986.0,107048,2017-10-10 00:00:00,2017-10-14 00:00:00
2213476.5,4557839.0,107049,2007-09-10 00:00:00,2007-09-13 00:00:00
1800664.9,4557375.5,107053,2001-07-03 00:00:00,2001-07-04 00:00:00
1966530.8,4557375.5,107054,2013-10-15 00:00:00,2013-10-15 00:00:00
2024444.9,4557375.5,107055,2005-11-03 00:00:00,2005-11-03 00:00:00
2011008.9,4556449.0,107056,2008-10-04 00:00:00,2008-10-04 00:00:00
2031857.9,4556912.5,107057,2001-09-28 00:00:00,2001-09-29 00:00:00
2033247.9,4557375.5,107058,2008-09-30 00:00:00,2008-10-05 00:00:00
2036027.8,4557375.5,107059,2005-11-03 00:00:00,2005-11-03 00:00:00
2038344.2,4555986.0,107060,2006-09-23 00:00:00,2006-09-27 00:00:00
2040660.9,4556449.0,107061,2001-10-08 00:00:00,2001-10-11 00:00:00
2041587.5,4557375.5,107062,2001-10-02 00:00:00,2001-10-03 00:00:00
2128227.0,4556912.5,107063,2022-11-13 00:00:00,2022-11-22 00:00:00
2211160.0,4556912.5,107064,2005-10-11 00:00:00,2005-10-15 00:00:00
2210696.8,4557375.5,107065,2011-11-01 00:00:00,2011-11-01 00:00:00
2211160.0,4557375.5,107066,2011-10-06 00:00:00,2011-10-06 00:00:00
2212086.8,4556449.0,107067,2011-10-19 00:00:00,2011-11-01 00:00:00
2212550.0,4557375.5,107068,2005-10-04 00:00:00,2005-10-04 00:00:00
2214866.5,4552742.5,107069,2022-10-04 00:00:00,2022-10-15 00:00:00
1774719.4,4555522.5,107077,2015-12-10 00:00:00,2015-12-18 00:00:00
1796958.4,4555986.0,107078,2002-08-04 00:00:00,2002-08-08 00:00:00
1805298.0,4556449.0,107079,2001-07-03 00:00:00,2001-07-03 00:00:00
1806687.9,4556449.0,107080,2001-07-03 00:00:00,2001-07-03 00:00:00
1806687.9,4556449.0,107081,2009-06-30 00:00:00,2009-07-06 00:00:00
1971163.9,4554596.0,107082,2001-10-04 00:00:00,2001-10-13 00:00:00
1980893.5,4555986.0,107083,2006-09-27 00:00:00,2006-10-01 00:00:00
2002669.1,4556912.5,107084,2004-09-29 00:00:00,2004-09-29 00:00:00
2034174.5,4556912.5,107085,2006-09-25 00:00:00,2006-09-25 00:00:00
2035564.4,4556912.5,107086,2008-10-31 00:00:00,2008-10-31 00:00:00
2037417.6,4556912.5,107087,2008-11-23 00:00:00,2008-11-23 00:00:00
2038807.6,4556449.0,107088,2005-11-02 00:00:00,2005-11-04 00:00:00
2042050.8,4555986.0,107089,2001-09-29 00:00:00,2001-10-03 00:00:00
2079115.8,4556912.5,107090,2000-11-01 00:00:00,2000-11-01 00:00:00
2158342.5,4556912.5,107091,2023-08-29 00:00:00,2023-08-29 00:00:00
1796495.0,4556449.0,107095,2006-08-20 00:00:00,2006-08-20 00:00:00
1797421.6,4555522.5,107096,2006-08-11 00:00:00,2006-08-14 00:00:00
1799274.9,4555522.5,107097,2006-08-24 00:00:00,2006-08-27 00:00:00
1801128.1,4553669.0,107098,2005-07-10 00:00:00,2005-07-24 00:00:00
1802054.8,4556449.0,107099,2004-08-07 00:00:00,2004-08-07 00:00:00
1802981.4,4555986.0,107100,2004-08-07 00:00:00,2004-08-11 00:00:00
1803908.0,4556449.0,107101,2002-07-01 00:00:00,2002-07-03 00:00:00
1805761.2,4555522.5,107102,2002-07-03 00:00:00,2002-07-04 00:00:00
1970237.2,4555522.5,107103,2020-11-04 00:00:00,2020-11-07 00:00:00
1976260.4,4556449.0,107104,2005-11-25 00:00:00,2005-11-25 00:00:00
2037881.0,4555986.0,107105,2008-09-30 00:00:00,2008-09-30 00:00:00
2069849.5,4555986.0,107106,2008-11-21 00:00:00,2008-11-26 00:00:00
2213013.2,4555522.5,107107,2020-10-16 00:00:00,2020-10-20 00:00:00
2213940.0,4555986.0,107108,2011-09-24 00:00:00,2011-09-26 00:00:00
1710318.9,4555522.5,107117,2017-08-03 00:00:00,2017-08-07 00:00:00
1710318.9,4555986.0,107118,2007-07-18 00:00:00,2007-07-23 00:00:00
1798348.2,4555522.5,107119,2004-08-04 00:00:00,2004-08-08 00:00:00
1801591.5,4555986.0,107120,2001-07-03 00:00:00,2001-07-03 00:00:00
1802981.4,4555986.0,107121,2001-07-03 00:00:00,2001-07-03 00:00:00
1975797.0,4553669.0,107122,2001-09-30 00:00:00,2001-10-15 00:00:00
1972553.9,4555986.0,107123,2013-10-08 00:00:00,2013-10-08 00:00:00
1980430.1,4555986.0,107124,2006-09-23 00:00:00,2006-09-23 00:00:00
2031857.9,4555986.0,107125,2008-11-23 00:00:00,2008-11-23 00:00:00
2038807.6,4555059.0,107126,2008-11-13 00:00:00,2008-11-13 00:00:00
2039734.2,4555522.5,107127,2006-09-27 00:00:00,2006-09-29 00:00:00
2188457.8,4552742.5,107128,2020-09-13 00:00:00,2020-09-19 00:00:00
2200503.8,4555522.5,107129,2001-10-14 00:00:00,2001-10-21 00:00:00
2212550.0,4555986.0,107130,2008-10-01 00:00:00,2008-10-10 00:00:00
2212550.0,4555986.0,107131,2011-03-09 00:00:00,2011-03-11 00:00:00
1799738.2,4555522.5,107136,2001-09-21 00:00:00,2001-09-25 00:00:00
1799738.2,4554596.0,107137,2004-08-07 00:00:00,2004-08-10 00:00:00
1806224.6,4555522.5,107138,2001-07-03 00:00:00,2001-07-03 00:00:00
1966994.1,4555522.5,107139,2004-11-19 00:00:00,2004-11-19 00:00:00
1968847.4,4554596.0,107140,2009-11-15 00:00:00,2009-11-17 00:00:00
1969774.0,4555522.5,107141,2001-09-30 00:00:00,2001-09-30 00:00:00
1970237.2,4555059.0,107142,2001-11-13 00:00:00,2001-11-13 00:00:00
2039270.9,4554596.0,107143,2001-10-18 00:00:00,2001-10-24 00:00:00
2043440.8,4555522.5,107144,2005-10-18 00:00:00,2005-10-18 00:00:00
2156025.8,4552742.5,107145,2007-07-27 00:00:00,2007-07-30 00:00:00
2213940.0,4555059.0,107146,2007-09-18 00:00:00,2007-09-19 00:00:00
1787228.8,4554132.5,107158,2011-08-25 00:00:00,2011-08-29 00:00:00
1805298.0,4554132.5,107159,2005-07-25 00:00:00,2005-07-31 00:00:00
1805761.2,4552279.5,107160,2002-07-11 00:00:00,2002-07-15 00:00:00
1903520.2,4554596.0,107161,2001-09-24 00:00:00,2001-09-25 00:00:00
1966994.1,4555059.0,107162,2002-11-11 00:00:00,2002-11-14 00:00:00
2034174.5,4554596.0,107163,2006-09-23 00:00:00,2006-09-27 00:00:00
2039734.2,4555059.0,107164,2005-11-02 00:00:00,2005-11-02 00:00:00
2075872.6,4552742.5,107165,2001-09-30 00:00:00,2001-10-13 00:00:00
2039734.2,4553669.0,107166,2006-09-20 00:00:00,2006-09-27 00:00:00
2215329.8,4552279.5,107167,2005-09-18 00:00:00,2005-09-27 00:00:00
2213940.0,4555059.0,107168,2011-11-01 00:00:00,2011-11-01 00:00:00
2214866.5,4554596.0,107169,2005-09-09 00:00:00,2005-09-13 00:00:00
2214403.2,4555059.0,107170,2011-09-14 00:00:00,2011-09-14 00:00:00
1800201.5,4554596.0,107179,2004-07-03 00:00:00,2004-07-05 00:00:00
1800664.9,4554132.5,107180,2001-09-08 00:00:00,2001-09-08 00:00:00
1803908.0,4553206.0,107181,2002-06-26 00:00:00,2002-07-03 00:00:00
1806687.9,4554596.0,107182,2002-07-02 00:00:00,2002-07-02 00:00:00
1968384.0,4553669.0,107183,2002-10-31 00:00:00,2002-11-01 00:00:00
1973017.1,4554132.5,107184,2013-10-17 00:00:00,2013-10-21 00:00:00
1973480.5,4554596.0,107185,2001-09-02 00:00:00,2001-09-02 00:00:00
1979966.9,4554596.0,107186,2013-10-08 00:00:00,2013-10-08 00:00:00
1979966.9,4554132.5,107187,2006-09-18 00:00:00,2006-09-27 00:00:00
1995256.1,4554596.0,107188,2008-09-27 00:00:00,2008-09-27 00:00:00
1997572.8,4552742.5,107189,2008-09-26 00:00:00,2008-10-05 00:00:00
2038807.6,4552279.5,107190,2004-10-09 00:00:00,2004-10-18 00:00:00
2037881.0,4554596.0,107191,2005-11-03 00:00:00,2005-11-03 00:00:00
2039270.9,4554596.0,107192,2004-10-04 00:00:00,2004-10-04 00:00:00
2069849.5,4554132.5,107193,2004-09-26 00:00:00,2004-09-29 00:00:00
2190311.0,4554596.0,107194,2009-09-07 00:00:00,2009-09-07 00:00:00
2213940.0,4554596.0,107195,2020-09-29 00:00:00,2020-09-29 00:00:00
2213940.0,4554596.0,107196,2021-11-02 00:00:00,2021-11-02 00:00:00
2214403.2,4554596.0,107197,2011-09-25 00:00:00,2011-09-29 00:00:00
2214403.2,4554596.0,107198,2020-09-23 00:00:00,2020-09-23 00:00:00
2215793.2,4553206.0,107199,2017-09-28 00:00:00,2017-10-04 00:00:00
2215329.8,4554596.0,107200,2011-09-25 00:00:00,2011-09-26 00:00:00
2218109.8,4553669.0,107201,2011-10-21 00:00:00,2011-11-01 00:00:00
1785838.9,4554132.5,107211,2011-09-07 00:00:00,2011-09-07 00:00:00
1804371.4,4551816.0,107212,2006-08-13 00:00:00,2006-08-30 00:00:00
1807151.2,4553669.0,107213,2002-07-19 00:00:00,2002-07-19 00:00:00
1805761.2,4553206.0,107214,2006-08-02 00:00:00,2006-08-02 00:00:00
1806687.9,4553206.0,107215,2002-06-22 00:00:00,2002-07-13 00:00:00
1820587.2,4548109.5,107216,2012-08-22 00:00:00,2012-09-06 00:00:00
1898887.1,4553669.0,107217,2008-08-10 00:00:00,2008-08-10 00:00:00
1907226.8,4549036.0,107218,2001-09-20 00:00:00,2001-09-26 00:00:00
1972553.9,4554132.5,107219,2013-10-01 00:00:00,2013-10-01 00:00:00
1976260.4,4553669.0,107220,2016-10-05 00:00:00,2016-10-06 00:00:00
1979503.5,4554132.5,107221,2008-11-02 00:00:00,2008-11-02 00:00:00
1980893.5,4553669.0,107222,2013-10-09 00:00:00,2013-10-17 00:00:00
1994792.9,4553669.0,107223,2008-09-29 00:00:00,2008-09-29 00:00:00
2038807.6,4552279.5,107224,2006-09-23 00:00:00,2006-09-28 00:00:00
1982746.8,4553206.0,107225,2008-09-27 00:00:00,2008-10-02 00:00:00
2039734.2,4554132.5,107226,2001-10-12 00:00:00,2001-10-12 00:00:00
2077262.5,4554132.5,107227,2001-10-15 00:00:00,2001-10-15 00:00:00
2213476.5,4554132.5,107228,2007-09-17 00:00:00,2007-09-19 00:00:00
2213940.0,4553669.0,107229,2020-10-11 00:00:00,2020-10-11 00:00:00
2215329.8,4553669.0,107230,2007-09-08 00:00:00,2007-09-10 00:00:00
2214866.5,4554132.5,107231,2011-09-11 00:00:00,2011-09-11 00:00:00
2215329.8,4553669.0,107232,2021-09-30 00:00:00,2021-09-30 00:00:00
2215329.8,4552279.5,107233,2017-10-05 00:00:00,2017-10-13 00:00:00
2215793.2,4553669.0,107234,2019-10-09 00:00:00,2019-10-10 00:00:00
2216719.8,4554132.5,107235,2020-10-10 00:00:00,2020-10-15 00:00:00
2218573.0,4554132.5,107236,2011-10-07 00:00:00,2011-10-07 00:00:00
1800664.9,4552279.5,107244,2002-07-31 00:00:00,2002-08-03 00:00:00
1806224.6,4550889.5,107245,2004-07-29 00:00:00,2004-08-17 00:00:00
1967920.8,4553669.0,107246,2002-11-11 00:00:00,2002-11-11 00:00:00
1975797.0,4553669.0,107247,2016-10-13 00:00:00,2016-10-13 00:00:00
1976260.4,4553206.0,107248,2001-09-30 00:00:00,2001-09-30 00:00:00
1977187.0,4553669.0,107249,2011-10-18 00:00:00,2011-10-18 00:00:00
1977187.0,4553206.0,107250,2016-10-10 00:00:00,2016-10-10 00:00:00
2071702.8,4553669.0,107251,2022-03-09 00:00:00,2022-03-19 00:00:00
2091161.9,4553669.0,107252,2012-03-12 00:00:00,2012-03-12 00:00:00
2156952.5,4552279.5,107253,2023-08-21 00:00:00,2023-08-25 00:00:00
2187994.5,4553669.0,107254,2009-09-07 00:00:00,2009-09-07 00:00:00
2214866.5,4553669.0,107255,2005-10-10 00:00:00,2005-10-10 00:00:00
2215329.8,4553206.0,107256,2016-09-21 00:00:00,2016-09-23 00:00:00
2216256.5,4553206.0,107257,2005-09-19 00:00:00,2005-09-24 00:00:00
2215793.2,4553669.0,107258,2014-10-03 00:00:00,2014-10-03 00:00:00
2215793.2,4552279.5,107259,2007-09-20 00:00:00,2007-09-20 00:00:00
2216256.5,4553669.0,107260,2017-10-17 00:00:00,2017-10-17 00:00:00
2216256.5,4552279.5,107261,2018-10-02 00:00:00,2018-10-13 00:00:00
2218109.8,4553669.0,107262,2017-10-10 00:00:00,2017-10-12 00:00:00
1800201.5,4552742.5,107267,2004-08-07 00:00:00,2004-08-17 00:00:00
1802054.8,4552742.5,107268,2019-09-27 00:00:00,2019-09-29 00:00:00
1803908.0,4553206.0,107269,2006-09-23 00:00:00,2006-09-24 00:00:00
1805298.0,4553206.0,107270,2001-07-03 00:00:00,2001-07-04 00:00:00
1804834.6,4552742.5,107271,2005-07-26 00:00:00,2005-07-29 00:00:00
1973480.5,4552279.5,107273,2012-09-15 00:00:00,2012-09-19 00:00:00
1976723.6,4551352.5,107274,2008-09-26 00:00:00,2008-10-02 00:00:00
1978113.6,4553206.0,107275,2008-10-03 00:00:00,2008-10-03 00:00:00
1977187.0,4551816.0,107276,2016-10-10 00:00:00,2016-10-13 00:00:00
1979503.5,4553206.0,107277,2008-10-05 00:00:00,2008-10-05 00:00:00
1981356.8,4553206.0,107278,2008-10-05 00:00:00,2008-10-05 00:00:00
2040660.9,4553206.0,107279,2001-09-30 00:00:00,2001-09-30 00:00:00
2075409.2,4552742.5,107280,2008-11-01 00:00:00,2008-11-01 00:00:00
2090698.6,4553206.0,107281,2012-03-02 00:00:00,2012-03-02 00:00:00
2144443.0,4552279.5,107282,2001-07-31 00:00:00,2001-08-08 00:00:00
2214403.2,4553206.0,107283,2003-09-15 00:00:00,2003-09-15 00:00:00
2214403.2,4553206.0,107284,2018-10-04 00:00:00,2018-10-04 00:00:00
2216719.8,4552279.5,107285,2004-09-16 00:00:00,2004-09-24 00:00:00
2214866.5,4553206.0,107286,2018-10-22 00:00:00,2018-10-22 00:00:00
2215793.2,4552279.5,107287,2003-09-12 00:00:00,2003-09-19 00:00:00
1796495.0,4552279.5,107295,2004-08-08 00:00:00,2004-08-15 00:00:00
1802054.8,4552742.5,107296,2001-09-17 00:00:00,2001-09-18 00:00:00
1802981.4,4552279.5,107297,2001-08-23 00:00:00,2001-08-26 00:00:00
1805298.0,4552742.5,107298,2004-08-27 00:00:00,2004-08-27 00:00:00
1805298.0,4552742.5,107299,2005-07-17 00:00:00,2005-07-17 00:00:00
1977650.2,4552742.5,107300,2008-09-17 00:00:00,2008-09-17 00:00:00
1981820.1,4552279.5,107301,2012-09-15 00:00:00,2012-09-15 00:00:00
1980430.1,4552279.5,107302,2008-10-02 00:00:00,2008-10-07 00:00:00
2039734.2,4552279.5,107303,2008-11-03 00:00:00,2008-11-03 00:00:00
2074482.6,4552279.5,107304,2008-11-01 00:00:00,2008-11-02 00:00:00
2092088.5,4552742.5,107305,2012-03-16 00:00:00,2012-03-16 00:00:00
2092551.9,4552742.5,107306,2012-03-02 00:00:00,2012-03-05 00:00:00
2189847.8,4548109.5,107307,2009-09-07 00:00:00,2009-09-12 00:00:00
2209306.8,4552742.5,107308,2008-10-02 00:00:00,2008-10-02 00:00:00
2212086.8,4552279.5,107309,2007-09-11 00:00:00,2007-09-15 00:00:00
2211623.2,4551352.5,107310,2016-09-18 00:00:00,2016-09-30 00:00:00
2214403.2,4552742.5,107311,2015-10-31 00:00:00,2015-10-31 00:00:00
2214866.5,4551816.0,107312,2003-09-18 00:00:00,2003-09-27 00:00:00
2217183.0,4552742.5,107313,2018-10-02 00:00:00,2018-10-02 00:00:00
2217646.5,4552742.5,107314,2017-09-23 00:00:00,2017-09-28 00:00:00
2217646.5,4552742.5,107315,2018-10-12 00:00:00,2018-10-12 00:00:00
2218109.8,4552742.5,107316,2018-10-04 00:00:00,2018-10-04 00:00:00
1798811.6,4552279.5,107322,2002-08-15 00:00:00,2002-08-15 00:00:00
1799738.2,4552279.5,107323,2002-08-21 00:00:00,2002-08-24 00:00:00
1799738.2,4552279.5,107324,2019-09-06 00:00:00,2019-09-08 00:00:00
1806687.9,4549962.5,107325,2002-06-26 00:00:00,2002-07-06 00:00:00
1805298.0,4552279.5,107326,2004-07-31 00:00:00,2004-07-31 00:00:00
1809931.1,4551352.5,107327,2001-07-03 00:00:00,2001-07-04 00:00:00
1900277.1,4550426.0,107328,2008-08-09 00:00:00,2008-08-16 00:00:00
1905373.5,4552279.5,107329,2013-10-17 00:00:00,2013-10-17 00:00:00
2040660.9,4552279.5,107330,2005-11-01 00:00:00,2005-11-01 00:00:00
2211623.2,4546256.0,107331,2002-10-08 00:00:00,2002-10-18 00:00:00
2210233.5,4548573.0,107332,2005-09-07 00:00:00,2005-09-26 00:00:00
2212086.8,4551816.0,107333,2006-10-13 00:00:00,2006-10-13 00:00:00
2212550.0,4552279.5,107334,2006-09-30 00:00:00,2006-09-30 00:00:00
2213013.2,4552279.5,107335,2016-09-10 00:00:00,2016-09-13 00:00:00
2213476.5,4552279.5,107336,2018-10-13 00:00:00,2018-10-13 00:00:00
2214403.2,4550889.5,107337,2013-10-01 00:00:00,2013-10-05 00:00:00
2213476.5,4550426.0,107338,2018-10-02 00:00:00,2018-10-06 00:00:00
2215793.2,4552279.5,107339,2004-10-16 00:00:00,2004-10-16 00:00:00
2216256.5,4552279.5,107340,2004-09-15 00:00:00,2004-09-15 00:00:00
2217646.5,4552279.5,107341,2007-09-19 00:00:00,2007-09-20 00:00:00
1799274.9,4551816.0,107351,2002-08-08 00:00:00,2002-08-08 00:00:00
1802054.8,4551352.5,107352,2001-08-17 00:00:00,2001-08-19 00:00:00
1804834.6,4551352.5,107353,2001-07-04 00:00:00,2001-07-04 00:00:00
1904910.2,4549036.0,107354,2013-10-16 00:00:00,2013-10-18 00:00:00
1991086.4,4551816.0,107355,2005-10-10 00:00:00,2005-10-16 00:00:00
2076335.9,4551816.0,107356,2004-11-21 00:00:00,2004-11-21 00:00:00
2203283.8,4549499.5,107357,2001-10-06 00:00:00,2001-10-11 00:00:00
2212086.8,4549962.5,107358,2008-10-02 00:00:00,2008-10-13 00:00:00
2212086.8,4551816.0,107359,2007-09-22 00:00:00,2007-09-22 00:00:00
2212086.8,4551816.0,107360,2018-09-29 00:00:00,2018-09-29 00:00:00
2216719.8,4551816.0,107361,2009-09-22 00:00:00,2009-09-26 00:00:00
2218109.8,4551816.0,107362,2014-09-30 00:00:00,2014-09-30 00:00:00
1981820.1,4551352.5,107366,2008-11-02 00:00:00,2008-11-02 00:00:00
2210233.5,4550889.5,107367,2006-11-15 00:00:00,2006-11-15 00:00:00
2212086.8,4549962.5,107368,2018-09-19 00:00:00,2018-10-23 00:00:00
2212086.8,4551352.5,107369,2003-09-08 00:00:00,2003-09-28 00:00:00
2211623.2,4551352.5,107370,2009-11-03 00:00:00,2009-11-03 00:00:00
2213013.2,4546719.5,107371,2007-09-06 00:00:00,2007-10-06 00:00:00
2212550.0,4550889.5,107372,2009-10-20 00:00:00,2009-11-01 00:00:00
2213476.5,4551352.5,107373,2013-09-22 00:00:00,2013-09-22 00:00:00
2213476.5,4550889.5,107374,2018-09-24 00:00:00,2018-09-24 00:00:00
2212550.0,4549962.5,107375,2001-09-29 00:00:00,2001-10-10 00:00:00
2214403.2,4549036.0,107376,2009-09-21 00:00:00,2009-10-06 00:00:00
1804834.6,4550426.0,107381,2005-07-08 00:00:00,2005-07-13 00:00:00
1800664.9,4550426.0,107382,2004-08-02 00:00:00,2004-08-02 00:00:00
1979503.5,4550426.0,107383,2016-10-10 00:00:00,2016-10-10 00:00:00
1983210.0,4550889.5,107384,2013-10-09 00:00:00,2013-10-17 00:00:00
1983673.4,4550426.0,107385,2016-10-10 00:00:00,2016-10-13 00:00:00
1998499.4,4550889.5,107386,2008-09-21 00:00:00,2008-09-21 00:00:00
2072166.1,4550426.0,107387,2001-09-30 00:00:00,2001-10-08 00:00:00
1985063.2,4548573.0,107388,2016-10-08 00:00:00,2016-10-10 00:00:00
2077725.9,4550889.5,107389,2005-10-15 00:00:00,2005-10-15 00:00:00
2082822.2,4550889.5,107390,2001-11-01 00:00:00,2001-11-01 00:00:00
2211160.0,4549499.5,107391,2006-10-05 00:00:00,2006-10-22 00:00:00
2212550.0,4549962.5,107392,2003-09-23 00:00:00,2003-09-26 00:00:00
2211160.0,4549962.5,107393,2018-10-21 00:00:00,2018-10-21 00:00:00
2211623.2,4550889.5,107394,2009-10-18 00:00:00,2009-10-18 00:00:00
2208380.2,4545329.5,107395,2022-09-29 00:00:00,2022-10-17 00:00:00
2210696.8,4545793.0,107396,2012-09-14 00:00:00,2012-10-05 00:00:00
2213013.2,4550889.5,107397,2018-11-02 00:00:00,2018-11-02 00:00:00
2213476.5,4550889.5,107398,2002-10-04 00:00:00,2002-10-04 00:00:00
2214403.2,4550889.5,107399,2004-10-09 00:00:00,2004-10-09 00:00:00
1750163.8,4549499.5,107407,2007-07-23 00:00:00,2007-07-31 00:00:00
1748310.5,4549962.5,107408,2021-09-03 00:00:00,2021-09-07 00:00:00
1982283.4,4550426.0,107409,2008-11-02 00:00:00,2008-11-02 00:00:00
2073092.8,4550426.0,107410,2004-10-08 00:00:00,2004-10-08 00:00:00
2073092.8,4549962.5,107411,2004-09-27 00:00:00,2004-09-29 00:00:00
2179191.5,4549036.0,107412,2001-09-13 00:00:00,2001-09-17 00:00:00
2203283.8,4550426.0,107413,2001-09-28 00:00:00,2001-09-29 00:00:00
2209306.8,4550426.0,107414,2018-09-16 00:00:00,2018-09-16 00:00:00
2213013.2,4545329.5,107415,2011-09-23 00:00:00,2011-09-29 00:00:00
2210696.8,4549036.0,107416,2003-09-02 00:00:00,2003-09-02 00:00:00
2210233.5,4550426.0,107417,2002-10-17 00:00:00,2002-10-17 00:00:00
2210696.8,4549499.5,107418,2019-09-17 00:00:00,2019-09-26 00:00:00
2213013.2,4549036.0,107419,2004-09-14 00:00:00,2004-09-28 00:00:00
2211623.2,4549962.5,107420,2011-10-21 00:00:00,2011-10-26 00:00:00
2211160.0,4548573.0,107421,2001-09-09 00:00:00,2001-09-19 00:00:00
2212086.8,4550426.0,107422,2008-10-14 00:00:00,2008-10-16 00:00:00
2212086.8,4549962.5,107423,2015-10-31 00:00:00,2015-11-03 00:00:00
2213013.2,4549499.5,107424,2019-10-14 00:00:00,2019-10-21 00:00:00
2213476.5,4546256.0,107425,2023-10-06 00:00:00,2023-10-21 00:00:00
2213940.0,4549499.5,107426,2004-10-05 00:00:00,2004-10-13 00:00:00
2211623.2,4549962.5,107427,2022-09-25 00:00:00,2022-09-25 00:00:00
2213940.0,4550426.0,107428,2004-09-23 00:00:00,2004-09-26 00:00:00
2213940.0,4550426.0,107429,2016-10-16 00:00:00,2016-10-16 00:00:00
2214403.2,4550426.0,107430,2012-10-11 00:00:00,2012-10-11 00:00:00
2213476.5,4549499.5,107431,2011-09-27 00:00:00,2011-09-29 00:00:00
1799274.9,4549499.5,107444,2004-07-22 00:00:00,2004-07-26 00:00:00
1806224.6,4549499.5,107445,2005-07-10 00:00:00,2005-07-14 00:00:00
1808541.1,4549962.5,107446,2001-07-04 00:00:00,2001-07-05 00:00:00
1812711.0,4549962.5,107447,2001-07-04 00:00:00,2001-07-04 00:00:00
1979503.5,4549962.5,107448,2013-10-17 00:00:00,2013-10-17 00:00:00
1982283.4,4549962.5,107449,2013-10-09 00:00:00,2013-10-09 00:00:00
1982283.4,4549962.5,107450,2016-10-10 00:00:00,2016-10-10 00:00:00
1983210.0,4549962.5,107451,2013-10-08 00:00:00,2013-10-08 00:00:00
2078652.5,4549962.5,107452,2001-09-30 00:00:00,2001-09-30 00:00:00
2083285.6,4549962.5,107453,2001-11-01 00:00:00,2001-11-01 00:00:00
2209306.8,4549962.5,107454,2018-09-24 00:00:00,2018-09-24 00:00:00
2209770.0,4549962.5,107455,2012-10-15 00:00:00,2012-10-15 00:00:00
2211623.2,4548573.0,107456,2014-09-20 00:00:00,2014-09-22 00:00:00
2211160.0,4549962.5,107457,2006-11-17 00:00:00,2006-11-17 00:00:00
2214403.2,4548109.5,107458,2016-09-09 00:00:00,2016-10-05 00:00:00
2213013.2,4547646.0,107459,2017-10-11 00:00:00,2017-10-14 00:00:00
2213940.0,4549499.5,107460,2017-10-31 00:00:00,2017-11-01 00:00:00
1732557.9,4549499.5,107464,2012-08-23 00:00:00,2012-08-24 00:00:00
1748310.5,4549499.5,107465,2007-07-13 00:00:00,2007-07-13 00:00:00
1867381.9,4548573.0,107466,2011-08-23 00:00:00,2011-08-26 00:00:00
1981356.8,4548573.0,107467,2013-10-06 00:00:00,2013-10-12 00:00:00
2075872.6,4545793.0,107468,2001-09-29 00:00:00,2001-10-07 00:00:00
2199577.2,4549499.5,107469,2011-08-27 00:00:00,2011-08-27 00:00:00
2209770.0,4549499.5,107470,2007-09-12 00:00:00,2007-09-16 00:00:00
2210233.5,4549499.5,107471,2018-10-24 00:00:00,2018-10-24 00:00:00
2213476.5,4549499.5,107472,2023-10-16 00:00:00,2023-10-16 00:00:00
2213940.0,4549036.0,107473,2012-09-14 00:00:00,2012-09-14 00:00:00
1750163.8,4548109.5,107484,2021-08-28 00:00:00,2021-08-31 00:00:00
1788618.8,4546719.5,107485,2000-11-03 00:00:00,2000-11-13 00:00:00
1804834.6,4549036.0,107486,2004-06-30 00:00:00,2004-07-04 00:00:00
1812247.6,4549036.0,107487,2001-07-04 00:00:00,2001-07-04 00:00:00
1897033.9,4548573.0,107488,2013-10-14 00:00:00,2013-10-17 00:00:00
1922979.4,4549036.0,107489,2008-07-15 00:00:00,2008-07-17 00:00:00
1983673.4,4549036.0,107490,2013-10-09 00:00:00,2013-10-09 00:00:00
2077262.5,4549036.0,107491,2001-09-16 00:00:00,2001-09-16 00:00:00
2084675.5,4549036.0,107492,2001-11-06 00:00:00,2001-11-08 00:00:00
2146296.2,4549036.0,107493,2001-08-27 00:00:00,2001-08-27 00:00:00
2209770.0,4549036.0,107494,2019-10-10 00:00:00,2019-10-10 00:00:00
2213476.5,4549036.0,107495,2002-10-04 00:00:00,2002-10-04 00:00:00
2213940.0,4548573.0,107496,2018-10-12 00:00:00,2018-10-12 00:00:00
2214866.5,4549036.0,107497,2007-09-19 00:00:00,2007-09-19 00:00:00
1797421.6,4548573.0,107508,2004-08-08 00:00:00,2004-08-13 00:00:00
1809467.8,4548573.0,107509,2001-07-03 00:00:00,2001-07-04 00:00:00
1821050.6,4548573.0,107510,2012-09-07 00:00:00,2012-09-07 00:00:00
1868771.8,4548109.5,107511,2007-07-18 00:00:00,2007-07-21 00:00:00
1923906.0,4548109.5,107512,2014-07-11 00:00:00,2014-07-16 00:00:00
2084212.2,4548573.0,107513,2001-11-15 00:00:00,2001-11-15 00:00:00
2180118.0,4548573.0,107514,2001-09-28 00:00:00,2001-10-02 00:00:00
2181044.8,4548573.0,107515,2001-09-22 00:00:00,2001-09-22 00:00:00
2208380.2,4548573.0,107516,2019-10-10 00:00:00,2019-10-10 00:00:00
2211623.2,4548573.0,107517,2007-09-26 00:00:00,2007-10-02 00:00:00
2210696.8,4547183.0,107518,2011-09-12 00:00:00,2011-09-17 00:00:00
2211623.2,4548573.0,107519,2005-10-15 00:00:00,2005-10-15 00:00:00
2210233.5,4547646.0,107520,2023-09-22 00:00:00,2023-09-28 00:00:00
2213476.5,4548573.0,107521,2017-10-19 00:00:00,2017-10-19 00:00:00
2215329.8,4548573.0,107522,2023-10-16 00:00:00,2023-10-16 00:00:00
2214866.5,4548109.5,107523,2018-10-04 00:00:00,2018-10-04 00:00:00
1796958.4,4548109.5,107537,2004-08-20 00:00:00,2004-08-20 00:00:00
1811321.0,4547646.0,107538,2001-07-03 00:00:00,2001-07-03 00:00:00
1812247.6,4548109.5,107539,2001-07-04 00:00:00,2001-07-04 00:00:00
1813637.6,4547646.0,107540,2001-07-03 00:00:00,2001-07-03 00:00:00
1867381.9,4548109.5,107541,2011-09-06 00:00:00,2011-09-06 00:00:00
2076799.2,4547646.0,107542,2001-10-13 00:00:00,2001-10-13 00:00:00
2207916.8,4543939.5,107543,2019-10-10 00:00:00,2019-10-18 00:00:00
2210696.8,4547183.0,107544,2005-09-23 00:00:00,2005-09-23 00:00:00
2213013.2,4547183.0,107545,2018-09-19 00:00:00,2018-09-24 00:00:00
2212550.0,4547646.0,107546,2003-09-18 00:00:00,2003-09-18 00:00:00
2213476.5,4548109.5,107547,2017-10-03 00:00:00,2017-10-03 00:00:00
2215793.2,4547646.0,107548,2016-10-13 00:00:00,2016-10-13 00:00:00
1784448.9,4547183.0,107558,2007-09-18 00:00:00,2007-09-30 00:00:00
1870161.8,4547183.0,107559,2012-08-26 00:00:00,2012-08-31 00:00:00
2211623.2,4547646.0,107560,2004-10-08 00:00:00,2004-10-08 00:00:00
2211623.2,4547183.0,107561,2014-10-02 00:00:00,2014-10-06 00:00:00
2213013.2,4547646.0,107562,2007-10-02 00:00:00,2007-10-05 00:00:00
2213940.0,4547183.0,107563,2005-09-11 00:00:00,2005-09-16 00:00:00
2214403.2,4547183.0,107564,2017-10-03 00:00:00,2017-10-03 00:00:00
2214866.5,4547646.0,107565,2022-09-30 00:00:00,2022-09-30 00:00:00
1787228.8,4546256.0,107571,2018-11-06 00:00:00,2018-11-12 00:00:00
1789545.4,4547183.0,107572,2000-11-18 00:00:00,2000-11-18 00:00:00
1788618.8,4546719.5,107573,2018-11-03 00:00:00,2018-11-03 00:00:00
1832170.1,4546719.5,107574,2000-11-13 00:00:00,2000-11-20 00:00:00
1863675.4,4544866.0,107575,2012-07-31 00:00:00,2012-08-05 00:00:00
1907226.8,4546719.5,107576,2018-11-02 00:00:00,2018-11-05 00:00:00
2206990.2,4547183.0,107577,2019-10-10 00:00:00,2019-10-10 00:00:00
2207916.8,4546719.5,107578,2001-09-13 00:00:00,2001-09-15 00:00:00
2207916.8,4547183.0,107579,2003-09-14 00:00:00,2003-09-29 00:00:00
2208380.2,4547183.0,107580,2002-10-07 00:00:00,2002-10-07 00:00:00
2210696.8,4545793.0,107581,2016-10-13 00:00:00,2016-10-14 00:00:00
2211160.0,4546256.0,107582,2018-10-12 00:00:00,2018-10-12 00:00:00
2211623.2,4546719.5,107583,2018-09-24 00:00:00,2018-09-24 00:00:00
2212086.8,4547183.0,107584,2002-10-02 00:00:00,2002-10-02 00:00:00
2212086.8,4546256.0,107585,2006-09-27 00:00:00,2006-10-03 00:00:00
2212550.0,4546719.5,107586,2014-09-14 00:00:00,2014-09-20 00:00:00
2211623.2,4546256.0,107587,2016-10-13 00:00:00,2016-10-13 00:00:00
2213476.5,4547183.0,107588,2017-10-03 00:00:00,2017-10-03 00:00:00
2213013.2,4547183.0,107589,2023-09-28 00:00:00,2023-09-28 00:00:00
2213940.0,4546256.0,107590,2017-10-04 00:00:00,2017-10-04 00:00:00
1829853.5,4546719.5,107600,2000-11-23 00:00:00,2000-11-25 00:00:00
1870625.0,4546719.5,107601,2012-09-07 00:00:00,2012-09-07 00:00:00
2074946.0,4545329.5,107602,2022-03-12 00:00:00,2022-03-21 00:00:00
2162049.0,4545329.5,107603,2011-08-18 00:00:00,2011-08-24 00:00:00
2214866.5,4537916.5,107604,2016-09-09 00:00:00,2016-10-14 00:00:00
2209770.0,4546719.5,107605,2022-09-28 00:00:00,2022-09-28 00:00:00
2209770.0,4546256.0,107606,2003-09-20 00:00:00,2003-09-25 00:00:00
2212086.8,4545793.0,107607,2017-10-11 00:00:00,2017-10-12 00:00:00
2213940.0,4546719.5,107608,2012-09-15 00:00:00,2012-09-15 00:00:00
2214403.2,4546719.5,107609,2019-10-10 00:00:00,2019-10-10 00:00:00
1776572.6,4545793.0,107619,2012-07-29 00:00:00,2012-08-02 00:00:00
1814100.9,4544866.0,107620,2005-08-03 00:00:00,2005-08-08 00:00:00
2181971.2,4545793.0,107621,2020-08-29 00:00:00,2020-08-29 00:00:00
2207453.5,4546256.0,107622,2016-09-14 00:00:00,2016-09-15 00:00:00
2208380.2,4546256.0,107623,2016-10-16 00:00:00,2016-10-16 00:00:00
2214403.2,4543476.5,107624,2014-09-30 00:00:00,2014-10-13 00:00:00
2208380.2,4543476.5,107625,2020-10-09 00:00:00,2020-10-20 00:00:00
2209306.8,4546256.0,107626,2014-10-13 00:00:00,2014-10-13 00:00:00
2209770.0,4546256.0,107627,2002-09-25 00:00:00,2002-09-25 00:00:00
2211160.0,4546256.0,107628,2007-10-05 00:00:00,2007-10-05 00:00:00
2211623.2,4545793.0,107629,2011-10-21 00:00:00,2011-10-23 00:00:00
2211160.0,4545793.0,107630,2003-09-11 00:00:00,2003-09-18 00:00:00
2213013.2,4546256.0,107631,2006-09-12 00:00:00,2006-09-12 00:00:00
1784912.2,4545793.0,107637,2007-10-02 00:00:00,2007-10-02 00:00:00
2208380.2,4545329.5,107638,2016-09-13 00:00:00,2016-09-21 00:00:00
2208380.2,4543476.5,107639,2001-10-03 00:00:00,2001-10-10 00:00:00
2211160.0,4545329.5,107640,2003-09-11 00:00:00,2003-09-11 00:00:00
2210233.5,4545793.0,107641,2016-10-23 00:00:00,2016-10-23 00:00:00
2210696.8,4545793.0,107642,2005-09-23 00:00:00,2005-09-23 00:00:00
2211623.2,4545329.5,107643,2005-09-15 00:00:00,2005-09-17 00:00:00
2212086.8,4545793.0,107644,2021-10-18 00:00:00,2021-10-18 00:00:00
2212550.0,4545793.0,107645,2004-09-16 00:00:00,2004-09-16 00:00:00
2212550.0,4545793.0,107646,2017-10-03 00:00:00,2017-10-03 00:00:00
2213940.0,4545329.5,107647,2004-10-06 00:00:00,2004-10-08 00:00:00
2213476.5,4545793.0,107648,2011-09-17 00:00:00,2011-09-17 00:00:00
2213476.5,4545793.0,107649,2012-10-05 00:00:00,2012-10-05 00:00:00
2214403.2,4545793.0,107650,2006-09-30 00:00:00,2006-10-08 00:00:00
2002205.9,4545329.5,107660,2019-02-12 00:00:00,2019-02-12 00:00:00
2207453.5,4544866.0,107661,2023-09-23 00:00:00,2023-09-30 00:00:00
2208843.5,4545329.5,107662,2012-09-20 00:00:00,2012-09-26 00:00:00
2209306.8,4545329.5,107663,2011-11-03 00:00:00,2011-11-03 00:00:00
2210696.8,4545329.5,107664,2016-10-07 00:00:00,2016-10-07 00:00:00
2211160.0,4544866.0,107665,2004-10-06 00:00:00,2004-10-08 00:00:00
2207916.8,4542549.5,107666,2022-09-25 00:00:00,2022-09-25 00:00:00
2212550.0,4543476.5,107667,2005-10-04 00:00:00,2005-10-04 00:00:00
1937805.4,4544866.0,107675,2007-08-03 00:00:00,2007-08-03 00:00:00
1941975.2,4539770.0,107676,2007-07-23 00:00:00,2007-07-27 00:00:00
2080042.4,4544866.0,107677,2001-10-04 00:00:00,2001-10-05 00:00:00
2207453.5,4544866.0,107678,2001-09-10 00:00:00,2001-09-10 00:00:00
2210233.5,4544403.0,107679,2011-11-01 00:00:00,2011-11-01 00:00:00
2212086.8,4543013.0,107680,2012-09-25 00:00:00,2012-10-02 00:00:00
2211623.2,4544866.0,107681,2016-09-26 00:00:00,2016-09-26 00:00:00
1872015.0,4543939.5,107691,2008-07-04 00:00:00,2008-07-07 00:00:00
2003595.8,4544403.0,107692,2007-01-19 00:00:00,2007-01-19 00:00:00
2208380.2,4542549.5,107693,2023-10-14 00:00:00,2023-10-19 00:00:00
2191237.5,4543939.5,107694,2020-08-29 00:00:00,2020-08-30 00:00:00
2210233.5,4544403.0,107695,2012-09-26 00:00:00,2012-09-26 00:00:00
2210696.8,4544403.0,107696,2016-09-28 00:00:00,2016-10-02 00:00:00
2210696.8,4543476.5,107697,2004-09-15 00:00:00,2004-09-27 00:00:00
2211623.2,4543476.5,107698,2005-09-21 00:00:00,2005-09-24 00:00:00
2212550.0,4544403.0,107699,2004-10-14 00:00:00,2004-10-14 00:00:00
2002669.1,4543939.5,107713,2012-03-01 00:00:00,2012-03-01 00:00:00
2209770.0,4543939.5,107714,2016-10-13 00:00:00,2016-10-13 00:00:00
2209770.0,4543939.5,107715,2019-09-27 00:00:00,2019-09-27 00:00:00
2211623.2,4543939.5,107716,2003-09-10 00:00:00,2003-09-10 00:00:00
2211160.0,4543476.5,107717,2003-09-16 00:00:00,2003-09-16 00:00:00
2211160.0,4543939.5,107718,2021-11-03 00:00:00,2021-11-03 00:00:00
2212550.0,4543939.5,107719,2004-09-26 00:00:00,2004-09-26 00:00:00
2213013.2,4543939.5,107720,2004-10-06 00:00:00,2004-10-06 00:00:00
2213476.5,4543939.5,107721,2007-09-08 00:00:00,2007-09-17 00:00:00
2212086.8,4543476.5,107722,2004-10-08 00:00:00,2004-10-08 00:00:00
1727461.4,4543013.0,107734,2014-03-09 00:00:00,2014-03-09 00:00:00
1864138.6,4543476.5,107735,2012-07-15 00:00:00,2012-07-17 00:00:00
1984136.6,4542549.5,107736,2007-07-25 00:00:00,2007-07-25 00:00:00
2188921.0,4541623.0,107737,2004-10-11 00:00:00,2004-10-18 00:00:00
2206990.2,4543476.5,107738,2001-09-13 00:00:00,2001-09-13 00:00:00
2209306.8,4542086.5,107739,2012-10-09 00:00:00,2012-10-15 00:00:00
2207453.5,4543013.0,107740,2023-10-07 00:00:00,2023-10-12 00:00:00
2208843.5,4543476.5,107741,2016-10-07 00:00:00,2016-10-07 00:00:00
2214403.2,4543476.5,107742,2007-09-14 00:00:00,2007-09-14 00:00:00
1730241.2,4543013.0,107749,2009-09-03 00:00:00,2009-09-03 00:00:00
1865065.2,4543013.0,107750,2008-06-22 00:00:00,2008-06-22 00:00:00
1982283.4,4543013.0,107751,2007-07-19 00:00:00,2007-07-19 00:00:00
2206990.2,4543013.0,107752,2023-09-29 00:00:00,2023-10-03 00:00:00
2207453.5,4543013.0,107753,2001-09-30 00:00:00,2001-09-30 00:00:00
2207453.5,4543013.0,107754,2014-10-11 00:00:00,2014-10-11 00:00:00
2208843.5,4543013.0,107755,2020-10-31 00:00:00,2020-10-31 00:00:00
2210233.5,4543013.0,107756,2022-10-01 00:00:00,2022-10-01 00:00:00
2211623.2,4542549.5,107757,2016-10-13 00:00:00,2016-10-13 00:00:00
1929929.1,4542086.5,107761,2021-08-03 00:00:00,2021-08-06 00:00:00
2206990.2,4542549.5,107762,2020-11-04 00:00:00,2020-11-04 00:00:00
2208380.2,4541159.5,107763,2001-09-11 00:00:00,2001-09-22 00:00:00
2207916.8,4535600.0,107764,2014-09-24 00:00:00,2014-10-14 00:00:00
2208380.2,4542549.5,107765,2016-10-08 00:00:00,2016-10-08 00:00:00
2210233.5,4542549.5,107766,2016-09-12 00:00:00,2016-09-16 00:00:00
2211160.0,4542086.5,107767,2019-09-21 00:00:00,2019-09-22 00:00:00
2212086.8,4542549.5,107768,2016-10-07 00:00:00,2016-10-07 00:00:00
2206990.2,4542086.5,107778,2001-09-17 00:00:00,2001-09-22 00:00:00
2208380.2,4536990.0,107779,2007-09-06 00:00:00,2007-10-02 00:00:00
2208380.2,4541623.0,107780,2023-09-28 00:00:00,2023-09-28 00:00:00
2207916.8,4536990.0,107781,2021-09-18 00:00:00,2021-09-29 00:00:00
2205600.2,4537916.5,107782,2012-09-16 00:00:00,2012-10-14 00:00:00
2210233.5,4542086.5,107783,2016-09-09 00:00:00,2016-09-09 00:00:00
2199577.2,4540233.0,107798,2004-02-05 00:00:00,2004-02-16 00:00:00
2207453.5,4540696.5,107799,2007-09-17 00:00:00,2007-09-29 00:00:00
2207916.8,4540233.0,107800,2017-09-28 00:00:00,2017-09-30 00:00:00
2207453.5,4541623.0,107801,2023-10-14 00:00:00,2023-10-14 00:00:00
2208843.5,4541623.0,107802,2022-09-20 00:00:00,2022-09-26 00:00:00
2206527.0,4537453.0,107803,2022-09-22 00:00:00,2022-09-29 00:00:00
2208843.5,4541623.0,107804,2001-10-06 00:00:00,2001-10-06 00:00:00
2212086.8,4536526.5,107805,2018-10-02 00:00:00,2018-10-07 00:00:00
2210696.8,4541623.0,107806,2007-09-28 00:00:00,2007-09-28 00:00:00
2213476.5,4541159.5,107807,2012-09-11 00:00:00,2012-09-19 00:00:00
2213013.2,4541623.0,107808,2016-09-12 00:00:00,2016-09-13 00:00:00
2213940.0,4541159.5,107809,2022-09-14 00:00:00,2022-09-15 00:00:00
1802981.4,4540233.0,107815,2001-09-13 00:00:00,2001-09-19 00:00:00
1886377.8,4540696.5,107816,2001-11-01 00:00:00,2001-11-01 00:00:00
1904910.2,4537916.5,107817,2012-01-06 00:00:00,2012-01-13 00:00:00
2209306.8,4540696.5,107818,2019-09-10 00:00:00,2019-09-26 00:00:00
2207453.5,4540233.0,107819,2011-09-28 00:00:00,2011-09-29 00:00:00
2211623.2,4541159.5,107820,2007-09-03 00:00:00,2007-09-03 00:00:00
2213476.5,4541159.5,107821,2019-09-15 00:00:00,2019-09-15 00:00:00
1686226.6,4540696.5,107826,2011-09-28 00:00:00,2011-09-28 00:00:00
1727924.8,4539770.0,107827,2024-04-03 00:00:00,2024-04-05 00:00:00
2207453.5,4540233.0,107828,2005-09-23 00:00:00,2005-09-26 00:00:00
2209306.8,4540696.5,107829,2005-09-12 00:00:00,2005-09-12 00:00:00
2211160.0,4540696.5,107830,2019-09-25 00:00:00,2019-09-25 00:00:00
2205600.2,4540233.0,107844,2007-09-17 00:00:00,2007-09-17 00:00:00
2206063.5,4539306.5,107845,2017-10-10 00:00:00,2017-10-12 00:00:00
2206990.2,4538380.0,107846,2005-10-04 00:00:00,2005-10-09 00:00:00
2207916.8,4540233.0,107847,2005-10-10 00:00:00,2005-10-10 00:00:00
2207453.5,4540233.0,107848,2019-09-14 00:00:00,2019-09-14 00:00:00
1804834.6,4539306.5,107854,2007-10-09 00:00:00,2007-10-09 00:00:00
1810857.8,4539770.0,107855,2008-10-04 00:00:00,2008-10-04 00:00:00
2198187.2,4539770.0,107857,2004-02-16 00:00:00,2004-02-16 00:00:00
2206063.5,4539770.0,107858,2005-09-26 00:00:00,2005-09-26 00:00:00
2207453.5,4539306.5,107859,2007-09-28 00:00:00,2007-10-03 00:00:00
2206527.0,4539770.0,107860,2014-10-09 00:00:00,2014-10-09 00:00:00
2207916.8,4537453.0,107861,2016-10-13 00:00:00,2016-10-14 00:00:00
2208380.2,4537916.5,107862,2007-09-10 00:00:00,2007-09-11 00:00:00
1923442.8,4539306.5,107872,2019-02-12 00:00:00,2019-02-12 00:00:00
2205137.0,4536990.0,107873,2019-09-11 00:00:00,2019-09-26 00:00:00
2205600.2,4536063.5,107874,2018-09-30 00:00:00,2018-10-05 00:00:00
2207453.5,4539306.5,107875,2009-10-01 00:00:00,2009-10-01 00:00:00
2207916.8,4535600.0,107876,2017-09-17 00:00:00,2017-10-04 00:00:00
2207916.8,4536990.0,107877,2011-09-24 00:00:00,2011-09-29 00:00:00
2209306.8,4538843.0,107878,2005-09-26 00:00:00,2005-09-26 00:00:00
2214403.2,4537453.0,107879,2005-10-04 00:00:00,2005-10-18 00:00:00
1899813.8,4538380.0,107885,2012-01-09 00:00:00,2012-01-09 00:00:00
1903983.6,4538843.0,107886,2019-02-10 00:00:00,2019-02-13 00:00:00
1924832.6,4538843.0,107887,2019-01-31 00:00:00,2019-01-31 00:00:00
2203283.8,4538843.0,107888,2018-10-03 00:00:00,2018-10-03 00:00:00
2206527.0,4535600.0,107889,2023-09-27 00:00:00,2023-10-17 00:00:00
2206063.5,4536063.5,107890,2011-09-24 00:00:00,2011-09-29 00:00:00
2203283.8,4538380.0,107891,2012-09-15 00:00:00,2012-09-17 00:00:00
2203747.0,4538843.0,107892,2021-09-19 00:00:00,2021-09-19 00:00:00
2204673.8,4538843.0,107893,2008-09-12 00:00:00,2008-09-21 00:00:00
2204210.2,4538843.0,107894,2016-09-18 00:00:00,2016-09-28 00:00:00
2204673.8,4536063.5,107895,2021-10-11 00:00:00,2021-10-11 00:00:00
2204673.8,4536990.0,107896,2008-10-05 00:00:00,2008-10-18 00:00:00
2205600.2,4537916.5,107897,2018-10-03 00:00:00,2018-10-03 00:00:00
2207916.8,4536990.0,107898,2019-10-15 00:00:00,2019-10-19 00:00:00
2209306.8,4538843.0,107899,2009-09-30 00:00:00,2009-10-06 00:00:00
2205137.0,4537916.5,107900,2018-10-17 00:00:00,2018-10-22 00:00:00
2212550.0,4537916.5,107901,2019-09-15 00:00:00,2019-09-15 00:00:00
1713562.0,4536990.0,107913,2011-08-23 00:00:00,2011-08-27 00:00:00
1813174.2,4537453.0,107914,2001-09-15 00:00:00,2001-09-18 00:00:00
2203283.8,4538380.0,107915,2018-10-20 00:00:00,2018-10-24 00:00:00
2204210.2,4537916.5,107916,2004-10-07 00:00:00,2004-10-07 00:00:00
2202820.5,4538380.0,107917,2018-10-13 00:00:00,2018-10-13 00:00:00
2203747.0,4538380.0,107918,2022-09-16 00:00:00,2022-09-16 00:00:00
2204673.8,4536063.5,107919,2007-04-06 00:00:00,2007-04-26 00:00:00
2213476.5,4538380.0,107920,2009-09-22 00:00:00,2009-09-22 00:00:00
2213476.5,4536990.0,107921,2013-10-11 00:00:00,2013-10-12 00:00:00
2213940.0,4537453.0,107922,2018-10-03 00:00:00,2018-10-03 00:00:00
2215329.8,4536990.0,107923,2023-10-08 00:00:00,2023-10-20 00:00:00
2215793.2,4536990.0,107924,2014-10-03 00:00:00,2014-10-16 00:00:00
2215329.8,4538380.0,107925,2018-10-12 00:00:00,2018-10-12 00:00:00
1777499.2,4536990.0,107934,2011-03-31 00:00:00,2011-04-02 00:00:00
1784448.9,4536526.5,107935,2011-11-17 00:00:00,2011-11-26 00:00:00
1924832.6,4536990.0,107936,2005-07-20 00:00:00,2005-07-22 00:00:00
2201893.8,4535136.5,107937,2021-09-22 00:00:00,2021-09-30 00:00:00
2202357.0,4537916.5,107938,2022-09-24 00:00:00,2022-09-30 00:00:00
2203283.8,4537453.0,107939,2007-04-06 00:00:00,2007-04-06 00:00:00
2204210.2,4534673.5,107940,2004-09-15 00:00:00,2004-10-08 00:00:00
2204210.2,4537916.5,107941,2011-10-29 00:00:00,2011-10-29 00:00:00
2206063.5,4536990.0,107942,2004-09-23 00:00:00,2004-09-27 00:00:00
2208380.2,4537453.0,107943,2005-09-27 00:00:00,2005-09-27 00:00:00
2210233.5,4537916.5,107944,2007-09-21 00:00:00,2007-09-21 00:00:00
2213476.5,4536526.5,107945,2008-10-05 00:00:00,2008-10-10 00:00:00
2214866.5,4537916.5,107946,2012-09-10 00:00:00,2012-09-20 00:00:00
2216256.5,4535600.0,107947,2013-09-28 00:00:00,2013-10-10 00:00:00
2213476.5,4536526.5,107948,2021-10-18 00:00:00,2021-10-18 00:00:00
2213940.0,4536526.5,107949,2019-10-10 00:00:00,2019-10-14 00:00:00
2214866.5,4536990.0,107950,2018-10-19 00:00:00,2018-10-24 00:00:00
2215793.2,4537453.0,107951,2009-09-24 00:00:00,2009-09-29 00:00:00
2214403.2,4536990.0,107952,2022-09-26 00:00:00,2022-10-14 00:00:00
1808541.1,4536990.0,107958,2013-10-14 00:00:00,2013-10-14 00:00:00
2201893.8,4533283.5,107959,2012-09-17 00:00:00,2012-10-01 00:00:00
2203283.8,4537453.0,107960,2019-10-10 00:00:00,2019-10-10 00:00:00
2201430.5,4534210.0,107961,2018-10-08 00:00:00,2018-10-24 00:00:00
2204673.8,4535136.5,107962,2015-10-10 00:00:00,2015-10-19 00:00:00
2201430.5,4536526.5,107963,2016-09-12 00:00:00,2016-09-23 00:00:00
2203747.0,4537453.0,107964,2008-09-27 00:00:00,2008-09-27 00:00:00
2204210.2,4536990.0,107965,2017-09-28 00:00:00,2017-09-28 00:00:00
2204210.2,4537453.0,107966,2004-10-01 00:00:00,2004-10-01 00:00:00
2205137.0,4537453.0,107967,2011-09-15 00:00:00,2011-09-15 00:00:00
2205600.2,4536990.0,107968,2016-10-05 00:00:00,2016-10-05 00:00:00
2206990.2,4536063.5,107969,2007-04-06 00:00:00,2007-04-07 00:00:00
2207453.5,4536990.0,107970,2012-09-14 00:00:00,2012-09-19 00:00:00
2206527.0,4536990.0,107971,2018-10-10 00:00:00,2018-10-12 00:00:00
2209306.8,4536990.0,107972,2007-09-10 00:00:00,2007-09-10 00:00:00
2212086.8,4536990.0,107973,2021-09-28 00:00:00,2021-09-28 00:00:00
2212550.0,4537453.0,107974,2008-09-28 00:00:00,2008-09-28 00:00:00
2214403.2,4537453.0,107975,2018-10-12 00:00:00,2018-10-12 00:00:00
2214403.2,4536990.0,107976,2016-10-16 00:00:00,2016-10-21 00:00:00
2216719.8,4536063.5,107977,2018-10-12 00:00:00,2018-10-21 00:00:00
2216719.8,4537453.0,107978,2012-09-15 00:00:00,2012-09-20 00:00:00
1711708.8,4536526.5,107986,2007-08-24 00:00:00,2007-08-30 00:00:00
1712172.1,4536526.5,107987,2017-08-05 00:00:00,2017-08-11 00:00:00
1809931.1,4536990.0,107988,2004-09-04 00:00:00,2004-09-04 00:00:00
2201430.5,4535136.5,107989,2007-09-19 00:00:00,2007-10-04 00:00:00
2202357.0,4536063.5,107990,2015-10-28 00:00:00,2015-10-28 00:00:00
2202357.0,4536526.5,107991,2019-09-21 00:00:00,2019-09-24 00:00:00
2202820.5,4536990.0,107992,2023-10-17 00:00:00,2023-10-17 00:00:00
2203283.8,4536526.5,107993,2012-10-15 00:00:00,2012-10-16 00:00:00
2204673.8,4536990.0,107994,2021-10-05 00:00:00,2021-10-05 00:00:00
2207453.5,4536990.0,107995,2005-10-14 00:00:00,2005-10-14 00:00:00
2208843.5,4536526.5,107996,2019-09-29 00:00:00,2019-10-03 00:00:00
2208380.2,4536990.0,107997,2019-10-10 00:00:00,2019-10-10 00:00:00
2212086.8,4536990.0,107998,2017-09-28 00:00:00,2017-09-28 00:00:00
2212550.0,4536990.0,107999,2019-09-14 00:00:00,2019-09-14 00:00:00
2213940.0,4536526.5,108000,2022-10-14 00:00:00,2022-10-14 00:00:00
2214866.5,4536526.5,108001,2008-09-18 00:00:00,2008-09-28 00:00:00
2215329.8,4536063.5,108002,2016-10-14 00:00:00,2016-10-16 00:00:00
2215793.2,4536990.0,108003,2009-09-18 00:00:00,2009-09-18 00:00:00
2216719.8,4534673.5,108004,2008-10-05 00:00:00,2008-10-13 00:00:00
1970700.6,4536526.5,108014,2001-09-26 00:00:00,2001-09-26 00:00:00
2200967.2,4536526.5,108015,2005-10-16 00:00:00,2005-10-16 00:00:00
2200967.2,4535600.0,108016,2005-10-01 00:00:00,2005-10-10 00:00:00
2202820.5,4533283.5,108017,2016-10-12 00:00:00,2016-10-18 00:00:00
2202820.5,4536526.5,108018,2022-10-06 00:00:00,2022-10-06 00:00:00
2204210.2,4536526.5,108019,2007-04-25 00:00:00,2007-04-25 00:00:00
2204673.8,4536526.5,108020,2017-10-10 00:00:00,2017-10-12 00:00:00
2204673.8,4536063.5,108021,2022-10-16 00:00:00,2022-10-16 00:00:00
2206063.5,4536526.5,108022,2018-10-25 00:00:00,2018-10-25 00:00:00
2206527.0,4536526.5,108023,2016-10-05 00:00:00,2016-10-14 00:00:00
2206990.2,4536526.5,108024,2011-09-21 00:00:00,2011-09-21 00:00:00
2211160.0,4536063.5,108025,2019-10-09 00:00:00,2019-10-12 00:00:00
2212550.0,4536526.5,108026,2008-10-15 00:00:00,2008-10-15 00:00:00
2214403.2,4536526.5,108027,2022-10-08 00:00:00,2022-10-08 00:00:00
2215793.2,4535600.0,108028,2012-09-17 00:00:00,2012-09-20 00:00:00
1712635.4,4536063.5,108037,2007-09-10 00:00:00,2007-09-10 00:00:00
1972553.9,4535600.0,108038,2001-10-06 00:00:00,2001-10-10 00:00:00
2201893.8,4536063.5,108039,2007-04-06 00:00:00,2007-04-06 00:00:00
2203747.0,4535136.5,108040,2019-10-10 00:00:00,2019-10-15 00:00:00
2203283.8,4536063.5,108041,2007-04-07 00:00:00,2007-04-07 00:00:00
2204210.2,4536063.5,108042,2004-09-12 00:00:00,2004-09-15 00:00:00
2204210.2,4536063.5,108043,2017-09-28 00:00:00,2017-09-28 00:00:00
2205137.0,4536063.5,108044,2021-10-05 00:00:00,2021-10-05 00:00:00
2207453.5,4536063.5,108045,2019-10-09 00:00:00,2019-10-09 00:00:00
2208380.2,4536063.5,108046,2014-10-10 00:00:00,2014-10-10 00:00:00
2209306.8,4536063.5,108047,2022-10-03 00:00:00,2022-10-03 00:00:00
2215793.2,4536063.5,108048,2022-10-20 00:00:00,2022-10-20 00:00:00
2215793.2,4535136.5,108049,2012-09-26 00:00:00,2012-09-29 00:00:00
2201430.5,4534673.5,108059,2016-10-05 00:00:00,2016-10-05 00:00:00
2202820.5,4535136.5,108060,2011-09-11 00:00:00,2011-09-11 00:00:00
2203747.0,4534673.5,108061,2015-10-28 00:00:00,2015-10-30 00:00:00
2203283.8,4535600.0,108062,2022-10-08 00:00:00,2022-10-10 00:00:00
2207453.5,4535136.5,108063,2005-10-03 00:00:00,2005-10-05 00:00:00
2206527.0,4535136.5,108064,2022-09-23 00:00:00,2022-09-23 00:00:00
1952168.1,4534673.5,108071,2007-06-27 00:00:00,2007-07-02 00:00:00
1973017.1,4534673.5,108072,2001-10-16 00:00:00,2001-10-20 00:00:00
2202357.0,4535136.5,108073,2009-10-07 00:00:00,2009-10-07 00:00:00
2203283.8,4534673.5,108074,2016-09-30 00:00:00,2016-10-05 00:00:00
2203747.0,4534673.5,108075,2008-09-18 00:00:00,2008-09-18 00:00:00
2204210.2,4535136.5,108076,2012-10-10 00:00:00,2012-10-10 00:00:00
2204210.2,4535136.5,108077,2016-09-24 00:00:00,2016-09-24 00:00:00
2204210.2,4535136.5,108078,2018-10-03 00:00:00,2018-10-03 00:00:00
2204673.8,4535136.5,108079,2014-10-11 00:00:00,2014-10-11 00:00:00
2206527.0,4535136.5,108080,2018-11-01 00:00:00,2018-11-01 00:00:00
2207453.5,4535136.5,108081,2021-09-23 00:00:00,2021-09-26 00:00:00
2208380.2,4535136.5,108082,2014-10-10 00:00:00,2014-10-10 00:00:00
2216256.5,4534673.5,108083,2019-09-07 00:00:00,2019-09-15 00:00:00
2215793.2,4535136.5,108084,2021-09-23 00:00:00,2021-09-23 00:00:00
2216256.5,4535136.5,108085,2014-10-06 00:00:00,2014-10-06 00:00:00
2216256.5,4534673.5,108086,2009-09-29 00:00:00,2009-09-29 00:00:00
2218573.0,4535136.5,108087,2012-09-28 00:00:00,2012-09-28 00:00:00
1713098.8,4533746.5,108093,2011-09-05 00:00:00,2011-09-07 00:00:00
2203283.8,4534673.5,108094,2011-09-19 00:00:00,2011-09-30 00:00:00
2202820.5,4534210.0,108095,2015-10-12 00:00:00,2015-10-20 00:00:00
2202820.5,4534673.5,108096,2012-10-07 00:00:00,2012-10-07 00:00:00
2203747.0,4534210.0,108097,2007-09-30 00:00:00,2007-09-30 00:00:00
2203747.0,4534673.5,108098,2011-09-16 00:00:00,2011-09-17 00:00:00
2203747.0,4534673.5,108099,2016-09-18 00:00:00,2016-09-18 00:00:00
2205137.0,4534673.5,108100,2018-10-26 00:00:00,2018-10-26 00:00:00
1973480.5,4534210.0,108102,2001-10-10 00:00:00,2001-10-10 00:00:00
2202820.5,4532357.0,108103,2014-09-30 00:00:00,2014-10-07 00:00:00
2201893.8,4534210.0,108104,2014-10-09 00:00:00,2014-10-09 00:00:00
2202820.5,4534210.0,108105,2005-10-04 00:00:00,2005-10-04 00:00:00
2202820.5,4534210.0,108106,2007-09-30 00:00:00,2007-09-30 00:00:00
2204210.2,4534210.0,108107,2016-09-24 00:00:00,2016-09-24 00:00:00
2221816.2,4533746.5,108108,2022-05-30 00:00:00,2022-05-30 00:00:00
1814564.2,4533746.5,108110,2011-09-22 00:00:00,2011-09-29 00:00:00
1828000.2,4533746.5,108111,2001-09-10 00:00:00,2001-09-10 00:00:00
1920199.5,4533746.5,108112,2006-08-08 00:00:00,2006-08-08 00:00:00
2200967.2,4533283.5,108113,2007-09-28 00:00:00,2007-10-03 00:00:00
2201430.5,4530967.0,108114,2007-09-15 00:00:00,2007-09-30 00:00:00
2203747.0,4533746.5,108115,2016-10-04 00:00:00,2016-10-06 00:00:00
1745530.6,4533283.5,108121,2001-07-03 00:00:00,2001-07-03 00:00:00
1747383.9,4533283.5,108122,2011-11-05 00:00:00,2011-11-05 00:00:00
1748310.5,4532820.0,108123,2023-07-31 00:00:00,2023-08-07 00:00:00
1749700.5,4533283.5,108124,2023-08-09 00:00:00,2023-08-09 00:00:00
1814564.2,4532357.0,108125,2001-09-16 00:00:00,2001-09-18 00:00:00
1815490.9,4532820.0,108126,2004-09-28 00:00:00,2004-10-01 00:00:00
2202357.0,4531893.5,108127,2008-09-18 00:00:00,2008-09-30 00:00:00
2201430.5,4533283.5,108128,2011-09-16 00:00:00,2011-09-16 00:00:00
1817344.1,4532820.0,108129,2013-12-11 00:00:00,2013-12-13 00:00:00
1749700.5,4532820.0,108134,2001-07-03 00:00:00,2001-07-03 00:00:00
2202357.0,4532357.0,108135,2012-11-15 00:00:00,2012-11-16 00:00:00
2201430.5,4532357.0,108136,2014-10-13 00:00:00,2014-10-13 00:00:00
2217183.0,4529113.5,108145,2022-10-01 00:00:00,2022-10-15 00:00:00
2215793.2,4531893.5,108146,2018-10-04 00:00:00,2018-10-04 00:00:00
1752017.0,4531893.5,108154,2001-06-23 00:00:00,2001-06-23 00:00:00
1752480.4,4529577.0,108155,2001-07-04 00:00:00,2001-07-05 00:00:00
1752943.6,4528187.0,108156,2001-06-22 00:00:00,2001-06-24 00:00:00
2201893.8,4531430.0,108157,2012-09-26 00:00:00,2012-09-28 00:00:00
2202357.0,4531893.5,108158,2016-10-25 00:00:00,2016-10-25 00:00:00
2203283.8,4531893.5,108159,2007-10-03 00:00:00,2007-10-03 00:00:00
2203747.0,4531893.5,108160,2007-09-24 00:00:00,2007-09-24 00:00:00
1897033.9,4530503.5,108161,2013-10-15 00:00:00,2013-10-15 00:00:00
2217183.0,4530967.0,108162,2018-09-22 00:00:00,2018-09-30 00:00:00
1676960.4,4531430.0,108170,2014-03-08 00:00:00,2014-03-10 00:00:00
1752480.4,4530967.0,108171,2014-08-03 00:00:00,2014-08-08 00:00:00
1753870.2,4531430.0,108172,2001-07-04 00:00:00,2001-07-04 00:00:00
2076335.9,4528650.5,108173,2016-09-03 00:00:00,2016-09-13 00:00:00
2197724.0,4530503.5,108174,2012-09-01 00:00:00,2012-09-01 00:00:00
2199114.0,4531430.0,108175,2012-09-14 00:00:00,2012-09-18 00:00:00
2201893.8,4531430.0,108176,2011-10-24 00:00:00,2011-10-24 00:00:00
2202357.0,4531430.0,108177,2014-10-09 00:00:00,2014-10-09 00:00:00
2216256.5,4531430.0,108178,2021-10-26 00:00:00,2021-10-26 00:00:00
2216719.8,4530967.0,108179,2017-10-03 00:00:00,2017-10-03 00:00:00
2222279.5,4531430.0,108180,2008-10-05 00:00:00,2008-10-18 00:00:00
2219963.0,4530503.5,108181,2023-10-14 00:00:00,2023-10-16 00:00:00
1670474.0,4530503.5,108187,2008-08-08 00:00:00,2008-08-10 00:00:00
1674643.8,4530503.5,108188,2007-07-29 00:00:00,2007-08-01 00:00:00
1751090.4,4530967.0,108189,2001-06-23 00:00:00,2001-06-23 00:00:00
1896107.2,4530503.5,108190,2001-02-06 00:00:00,2001-02-16 00:00:00
2215793.2,4530967.0,108191,2018-10-12 00:00:00,2018-10-12 00:00:00
2218573.0,4530967.0,108192,2018-10-06 00:00:00,2018-10-10 00:00:00
1747847.2,4530503.5,108202,2001-07-04 00:00:00,2001-07-04 00:00:00
2217183.0,4530503.5,108203,2016-10-02 00:00:00,2016-10-10 00:00:00
1962824.2,4530040.0,108204,2018-10-06 00:00:00,2018-10-14 00:00:00
2217183.0,4529577.0,108205,2018-10-06 00:00:00,2018-10-26 00:00:00
2219963.0,4529577.0,108206,2016-09-24 00:00:00,2016-09-30 00:00:00
2219963.0,4530503.5,108207,2016-10-12 00:00:00,2016-10-17 00:00:00
2222279.5,4529113.5,108208,2023-10-02 00:00:00,2023-10-08 00:00:00
2219963.0,4530503.5,108209,2008-10-18 00:00:00,2008-10-18 00:00:00
2220426.2,4530040.0,108210,2014-10-10 00:00:00,2014-10-11 00:00:00
2220889.5,4530040.0,108211,2009-11-05 00:00:00,2009-11-05 00:00:00
1897960.5,4529577.0,108221,2013-10-15 00:00:00,2013-10-15 00:00:00
1898423.9,4530040.0,108222,2013-10-05 00:00:00,2013-10-05 00:00:00
2219499.8,4530040.0,108223,2014-10-13 00:00:00,2014-10-13 00:00:00
2220426.2,4530040.0,108224,2008-10-08 00:00:00,2008-10-08 00:00:00
2222279.5,4530040.0,108225,2023-10-14 00:00:00,2023-10-14 00:00:00
2222742.8,4530040.0,108226,2014-10-02 00:00:00,2014-10-09 00:00:00
1678813.6,4529577.0,108238,2014-03-09 00:00:00,2014-03-10 00:00:00
1754333.6,4529577.0,108239,2001-07-03 00:00:00,2001-07-03 00:00:00
1898423.9,4529113.5,108240,2018-11-02 00:00:00,2018-11-05 00:00:00
1899813.8,4529577.0,108241,2013-10-15 00:00:00,2013-10-15 00:00:00
2218109.8,4529113.5,108242,2017-10-24 00:00:00,2017-10-24 00:00:00
1897033.9,4529113.5,108245,2013-10-15 00:00:00,2013-10-15 00:00:00
1899813.8,4529113.5,108246,2013-09-30 00:00:00,2013-10-09 00:00:00
2217183.0,4528650.5,108247,2017-10-04 00:00:00,2017-10-08 00:00:00
2217646.5,4528650.5,108248,2017-10-10 00:00:00,2017-10-14 00:00:00
1676033.8,4528650.5,108261,2023-08-24 00:00:00,2023-08-24 00:00:00
1749237.1,4528650.5,108262,2001-07-04 00:00:00,2001-07-05 00:00:00
1749700.5,4528650.5,108263,2001-06-23 00:00:00,2001-06-23 00:00:00
1753407.0,4528187.0,108264,2001-07-03 00:00:00,2001-07-04 00:00:00
1898887.1,4527723.5,108265,2013-10-15 00:00:00,2013-10-19 00:00:00
1899350.5,4528650.5,108266,2018-11-05 00:00:00,2018-11-05 00:00:00
2217646.5,4528650.5,108267,2016-10-19 00:00:00,2016-10-19 00:00:00
2222279.5,4528650.5,108268,2023-09-28 00:00:00,2023-09-28 00:00:00
1764063.1,4527723.5,108279,2007-08-23 00:00:00,2007-08-27 00:00:00
1900740.4,4524944.0,108280,2004-02-02 00:00:00,2004-02-11 00:00:00
1898423.9,4528187.0,108281,2013-10-04 00:00:00,2013-10-04 00:00:00
1908153.4,4525870.5,108282,2004-02-05 00:00:00,2004-02-09 00:00:00
1909080.0,4526333.5,108283,2024-01-24 00:00:00,2024-01-29 00:00:00
1751553.8,4524017.0,108294,2001-06-22 00:00:00,2001-06-24 00:00:00
1750163.8,4527723.5,108295,2001-07-16 00:00:00,2001-07-16 00:00:00
1686226.6,4527260.5,108306,2007-08-21 00:00:00,2007-08-24 00:00:00
1697346.1,4526797.0,108307,2007-06-15 00:00:00,2007-06-16 00:00:00
1771939.5,4525870.5,108308,2012-07-29 00:00:00,2012-08-04 00:00:00
1833560.0,4516141.0,108309,2005-01-02 00:00:00,2005-01-11 00:00:00
1908616.8,4526333.5,108310,2012-09-17 00:00:00,2012-09-17 00:00:00
1697809.4,4526797.0,108318,2007-06-09 00:00:00,2007-06-09 00:00:00
1750627.1,4526333.5,108319,2001-06-12 00:00:00,2001-06-12 00:00:00
1748310.5,4526333.5,108320,2001-07-04 00:00:00,2001-07-04 00:00:00
1770086.2,4526797.0,108321,2003-08-13 00:00:00,2003-08-13 00:00:00
1908153.4,4522627.0,108322,2011-02-01 00:00:00,2011-02-08 00:00:00
1908616.8,4524944.0,108323,2012-09-21 00:00:00,2012-09-26 00:00:00
1828000.2,4526333.5,108332,2020-02-07 00:00:00,2020-02-07 00:00:00
1904446.9,4524017.0,108333,2011-02-01 00:00:00,2011-02-04 00:00:00
1910470.0,4526333.5,108334,2001-10-27 00:00:00,2001-11-09 00:00:00
1911396.6,4522627.0,108335,2014-03-12 00:00:00,2014-03-17 00:00:00
1910470.0,4526333.5,108336,2007-10-01 00:00:00,2007-10-01 00:00:00
1748773.9,4525870.5,108346,2008-07-18 00:00:00,2008-07-18 00:00:00
1749237.1,4524944.0,108347,2008-07-21 00:00:00,2008-07-29 00:00:00
1749237.1,4525870.5,108348,2014-07-31 00:00:00,2014-07-31 00:00:00
1751090.4,4525407.0,108349,2019-09-08 00:00:00,2019-09-08 00:00:00
1897497.2,4525870.5,108350,2004-02-02 00:00:00,2004-02-02 00:00:00
1909080.0,4525407.0,108351,2001-11-07 00:00:00,2001-11-12 00:00:00
1910470.0,4525407.0,108352,2020-01-16 00:00:00,2020-01-16 00:00:00
1914639.8,4525870.5,108353,2011-02-02 00:00:00,2011-02-03 00:00:00
1698736.0,4524944.0,108359,2007-06-18 00:00:00,2007-06-18 00:00:00
1780742.4,4523090.5,108360,2007-07-23 00:00:00,2007-07-30 00:00:00
1910470.0,4525407.0,108361,2012-09-10 00:00:00,2012-09-10 00:00:00
1910006.6,4525407.0,108362,2020-01-22 00:00:00,2020-01-22 00:00:00
2086528.8,4525407.0,108363,2022-08-08 00:00:00,2022-08-19 00:00:00
1754796.9,4524017.0,108367,2001-07-05 00:00:00,2001-07-05 00:00:00
1899350.5,4524017.0,108368,2012-09-22 00:00:00,2012-09-27 00:00:00
1901667.0,4524944.0,108369,2007-10-01 00:00:00,2007-10-01 00:00:00
1910470.0,4524480.5,108370,2012-09-18 00:00:00,2012-09-22 00:00:00
1707075.6,4522164.0,108372,2017-08-03 00:00:00,2017-08-09 00:00:00
1888694.2,4524017.0,108373,2017-09-28 00:00:00,2017-10-08 00:00:00
1897960.5,4523554.0,108374,2012-09-24 00:00:00,2012-09-26 00:00:00
1902130.4,4524017.0,108375,2007-09-09 00:00:00,2007-09-11 00:00:00
1903520.2,4523554.0,108376,2012-09-17 00:00:00,2012-09-27 00:00:00
1778889.1,4524017.0,108385,2007-07-31 00:00:00,2007-07-31 00:00:00
1888694.2,4523090.5,108386,2017-09-19 00:00:00,2017-10-01 00:00:00
1908616.8,4524017.0,108387,2013-09-30 00:00:00,2013-09-30 00:00:00
1909080.0,4524017.0,108388,2006-11-01 00:00:00,2006-11-01 00:00:00
1909080.0,4522164.0,108389,2013-10-15 00:00:00,2013-10-16 00:00:00
1910470.0,4524017.0,108390,2001-10-18 00:00:00,2001-10-18 00:00:00
1910470.0,4524017.0,108391,2007-09-20 00:00:00,2007-09-22 00:00:00
1912323.2,4524017.0,108392,2006-03-31 00:00:00,2006-03-31 00:00:00
1919272.9,4521700.5,108393,2011-02-03 00:00:00,2011-02-05 00:00:00
2077725.9,4521700.5,108394,2016-09-03 00:00:00,2016-09-15 00:00:00
1909543.4,4523554.0,108400,2013-10-04 00:00:00,2013-10-04 00:00:00
1910470.0,4523554.0,108401,2013-10-01 00:00:00,2013-10-04 00:00:00
1914176.5,4523090.5,108402,2011-02-03 00:00:00,2011-02-06 00:00:00
1914176.5,4523554.0,108403,2017-03-23 00:00:00,2017-03-23 00:00:00
2067996.2,4521700.5,108404,2013-08-14 00:00:00,2013-08-18 00:00:00
1698736.0,4523090.5,108408,2021-06-27 00:00:00,2021-06-28 00:00:00
1732094.5,4522627.0,108409,2011-08-19 00:00:00,2011-08-25 00:00:00
1756650.1,4523090.5,108410,2001-07-05 00:00:00,2001-07-05 00:00:00
1832633.4,4518920.5,108411,2013-12-05 00:00:00,2013-12-14 00:00:00
1904446.9,4523090.5,108412,2007-10-01 00:00:00,2007-10-04 00:00:00
1911396.6,4523090.5,108413,2001-11-08 00:00:00,2001-11-12 00:00:00
1911859.9,4522164.0,108414,2020-01-18 00:00:00,2020-01-22 00:00:00
1914639.8,4523090.5,108415,2017-03-16 00:00:00,2017-03-16 00:00:00
1759893.4,4514287.5,108421,2007-08-21 00:00:00,2007-09-05 00:00:00
1884987.8,4521700.5,108422,2016-10-10 00:00:00,2016-10-10 00:00:00
1909543.4,4522627.0,108423,2013-10-02 00:00:00,2013-10-02 00:00:00
1916493.0,4517994.0,108424,2024-03-14 00:00:00,2024-03-22 00:00:00
1919272.9,4522627.0,108425,2006-10-01 00:00:00,2006-10-01 00:00:00
1959117.8,4522164.0,108426,2001-10-08 00:00:00,2001-10-16 00:00:00
1979503.5,4522164.0,108427,2012-05-30 00:00:00,2012-05-30 00:00:00
1885914.4,4522164.0,108429,2008-09-20 00:00:00,2008-09-26 00:00:00
1887767.6,4522164.0,108430,2017-09-21 00:00:00,2017-09-21 00:00:00
1910470.0,4522164.0,108431,2020-01-28 00:00:00,2020-01-28 00:00:00
1914176.5,4522164.0,108432,2013-10-18 00:00:00,2013-10-18 00:00:00
1910933.2,4521700.5,108434,2013-10-16 00:00:00,2013-10-16 00:00:00
1911396.6,4521700.5,108435,2013-10-08 00:00:00,2013-10-08 00:00:00
1913713.1,4521237.5,108436,2013-10-08 00:00:00,2013-10-12 00:00:00
1916029.8,4521237.5,108437,2017-03-18 00:00:00,2017-03-21 00:00:00
1657037.9,4521237.5,108445,2017-09-06 00:00:00,2017-09-12 00:00:00
1708465.6,4519847.5,108446,2017-07-31 00:00:00,2017-08-09 00:00:00
1878964.8,4520774.0,108447,2007-10-01 00:00:00,2007-10-03 00:00:00
1880818.0,4520310.5,108448,2007-10-01 00:00:00,2007-10-03 00:00:00
1904446.9,4521237.5,108449,2012-09-23 00:00:00,2012-09-23 00:00:00
1909080.0,4516604.0,108450,2011-02-01 00:00:00,2011-02-06 00:00:00
1906763.5,4519384.0,108451,2014-03-13 00:00:00,2014-03-16 00:00:00
1916493.0,4519847.5,108452,2001-10-31 00:00:00,2001-11-13 00:00:00
1979503.5,4520310.5,108453,2012-05-26 00:00:00,2012-05-30 00:00:00
1834486.6,4519847.5,108460,2007-01-07 00:00:00,2007-01-12 00:00:00
1838193.1,4520774.0,108461,2007-08-19 00:00:00,2007-08-23 00:00:00
1886377.8,4518457.5,108462,2008-09-27 00:00:00,2008-10-05 00:00:00
1904910.2,4520774.0,108463,2006-11-01 00:00:00,2006-11-01 00:00:00
1913249.9,4520774.0,108464,2013-10-16 00:00:00,2013-10-16 00:00:00
1915103.1,4519847.5,108465,2024-03-13 00:00:00,2024-03-18 00:00:00
1958654.5,4520774.0,108466,2001-10-10 00:00:00,2001-10-10 00:00:00
1659817.8,4520310.5,108470,2015-02-12 00:00:00,2015-02-12 00:00:00
1758966.8,4520310.5,108471,2007-09-11 00:00:00,2007-09-11 00:00:00
1825220.4,4519847.5,108472,2009-11-10 00:00:00,2009-11-17 00:00:00
1828463.6,4519847.5,108473,2001-11-02 00:00:00,2001-11-03 00:00:00
1832633.4,4517067.5,108474,2006-01-04 00:00:00,2006-01-12 00:00:00
1887304.4,4520310.5,108475,2008-09-29 00:00:00,2008-09-29 00:00:00
1911396.6,4519847.5,108476,2015-11-01 00:00:00,2015-11-04 00:00:00
1982746.8,4519384.0,108477,2001-10-02 00:00:00,2001-10-04 00:00:00
2086992.1,4514751.0,108478,2016-09-06 00:00:00,2016-09-14 00:00:00
1734874.4,4519384.0,108480,2017-08-18 00:00:00,2017-08-18 00:00:00
1761283.2,4519847.5,108481,2008-09-08 00:00:00,2008-09-08 00:00:00
1827537.0,4519384.0,108482,2001-11-09 00:00:00,2001-11-09 00:00:00
1878038.1,4519384.0,108483,2020-11-03 00:00:00,2020-11-11 00:00:00
1909543.4,4519847.5,108484,2013-10-01 00:00:00,2013-10-01 00:00:00
1915566.4,4519847.5,108485,2024-03-29 00:00:00,2024-03-29 00:00:00
1918809.6,4519847.5,108486,2001-11-01 00:00:00,2001-11-01 00:00:00
1775182.6,4517994.0,108492,2017-09-17 00:00:00,2017-09-22 00:00:00
1833560.0,4518920.5,108493,2006-12-25 00:00:00,2006-12-26 00:00:00
1880818.0,4519384.0,108494,2020-11-03 00:00:00,2020-11-03 00:00:00
1884524.5,4518457.5,108495,2017-09-26 00:00:00,2017-09-28 00:00:00
1920662.9,4517067.5,108496,2011-01-31 00:00:00,2011-02-03 00:00:00
1983210.0,4519384.0,108497,2001-10-10 00:00:00,2001-10-10 00:00:00
1830780.1,4517067.5,108498,2007-10-01 00:00:00,2007-10-05 00:00:00
1909543.4,4518457.5,108499,2013-10-12 00:00:00,2013-10-20 00:00:00
1915103.1,4518457.5,108500,2019-02-05 00:00:00,2019-02-10 00:00:00
1914639.8,4517994.0,108501,2024-03-13 00:00:00,2024-03-16 00:00:00
1679276.9,4517994.0,108503,2011-08-21 00:00:00,2011-08-25 00:00:00
1759893.4,4517531.0,108504,2011-08-13 00:00:00,2011-08-24 00:00:00
1832633.4,4517994.0,108505,2007-10-01 00:00:00,2007-10-03 00:00:00
1835413.2,4518457.5,108506,2007-01-09 00:00:00,2007-01-13 00:00:00
1878964.8,4518457.5,108507,2020-10-31 00:00:00,2020-10-31 00:00:00
1885451.1,4518457.5,108508,2008-09-17 00:00:00,2008-09-17 00:00:00
1924369.4,4518457.5,108509,2002-10-24 00:00:00,2002-10-24 00:00:00
1924832.6,4518457.5,108510,2002-10-15 00:00:00,2002-10-18 00:00:00
1983210.0,4518457.5,108511,2001-10-02 00:00:00,2001-10-02 00:00:00
1983673.4,4518457.5,108512,2001-10-08 00:00:00,2001-10-08 00:00:00
1696419.5,4517994.0,108514,2017-08-03 00:00:00,2017-08-03 00:00:00
1790935.2,4517994.0,108517,2004-09-30 00:00:00,2004-09-30 00:00:00
1910470.0,4517531.0,108518,2013-10-04 00:00:00,2013-10-05 00:00:00
1923442.8,4516141.0,108521,2001-10-31 00:00:00,2001-11-04 00:00:00
1924832.6,4517531.0,108522,2001-11-12 00:00:00,2001-11-12 00:00:00
1780279.1,4513361.0,108527,2007-07-23 00:00:00,2007-07-27 00:00:00
1833560.0,4517067.5,108528,2006-01-11 00:00:00,2006-01-12 00:00:00
1834950.0,4517067.5,108529,2006-01-04 00:00:00,2006-01-05 00:00:00
1908616.8,4517067.5,108530,2019-02-10 00:00:00,2019-02-10 00:00:00
1916493.0,4517067.5,108531,2013-10-02 00:00:00,2013-10-02 00:00:00
1924832.6,4516141.0,108532,2001-10-31 00:00:00,2001-11-08 00:00:00
1655648.0,4516604.0,108536,2021-07-28 00:00:00,2021-07-28 00:00:00
1833560.0,4516604.0,108537,2006-01-05 00:00:00,2006-01-05 00:00:00
1879428.0,4516604.0,108538,2014-10-08 00:00:00,2014-10-08 00:00:00
1911396.6,4516141.0,108539,2001-11-07 00:00:00,2001-11-08 00:00:00
1912786.5,4516604.0,108540,2001-11-15 00:00:00,2001-11-15 00:00:00
1924369.4,4516604.0,108541,2002-10-16 00:00:00,2002-10-20 00:00:00
1659354.5,4515214.0,108547,2020-09-14 00:00:00,2020-09-15 00:00:00
1660744.4,4516141.0,108548,2015-07-23 00:00:00,2015-07-28 00:00:00
1682056.8,4516141.0,108549,2011-09-23 00:00:00,2011-09-24 00:00:00
1692713.0,4515214.0,108550,2017-08-09 00:00:00,2017-08-10 00:00:00
1780279.1,4516141.0,108551,2007-08-01 00:00:00,2007-08-01 00:00:00
1837266.5,4512897.5,108552,2013-12-06 00:00:00,2013-12-09 00:00:00
1915103.1,4511044.5,108553,2001-10-31 00:00:00,2001-11-15 00:00:00
1922979.4,4515677.5,108554,2001-11-12 00:00:00,2001-11-12 00:00:00
1636652.1,4513361.0,108558,2011-08-24 00:00:00,2011-08-26 00:00:00
1763136.5,4514751.0,108559,2007-09-01 00:00:00,2007-09-10 00:00:00
1840509.8,4515677.5,108560,2008-10-02 00:00:00,2008-10-06 00:00:00
1913713.1,4515677.5,108561,2001-11-12 00:00:00,2001-11-12 00:00:00
1920199.5,4513824.5,108562,2011-01-31 00:00:00,2011-02-07 00:00:00
1925296.0,4515677.5,108563,2002-10-11 00:00:00,2002-10-11 00:00:00
1926222.6,4515214.0,108564,2001-11-04 00:00:00,2001-11-04 00:00:00
1834023.4,4514751.0,108570,2005-01-05 00:00:00,2005-01-08 00:00:00
1895180.6,4514287.5,108571,2017-03-16 00:00:00,2017-03-21 00:00:00
1911396.6,4514287.5,108572,2019-02-10 00:00:00,2019-02-12 00:00:00
1911396.6,4515214.0,108573,2001-11-08 00:00:00,2001-11-12 00:00:00
1833096.8,4513361.0,108574,2012-03-08 00:00:00,2012-03-13 00:00:00
1923906.0,4514751.0,108575,2008-01-19 00:00:00,2008-01-19 00:00:00
1926222.6,4512897.5,108576,2011-01-31 00:00:00,2011-02-04 00:00:00
1920662.9,4514287.5,108577,2021-03-02 00:00:00,2021-03-02 00:00:00
1831706.8,4514287.5,108578,2005-01-05 00:00:00,2005-01-05 00:00:00
1903983.6,4510118.0,108579,2004-02-06 00:00:00,2004-02-15 00:00:00
1832633.4,4512897.5,108582,2016-12-04 00:00:00,2016-12-12 00:00:00
1840509.8,4513824.5,108583,2008-10-05 00:00:00,2008-10-05 00:00:00
1912323.2,4513361.0,108584,2001-11-13 00:00:00,2001-11-13 00:00:00
1912323.2,4511507.5,108585,2021-02-25 00:00:00,2021-02-27 00:00:00
1915566.4,4513361.0,108586,2006-11-01 00:00:00,2006-11-01 00:00:00
1916029.8,4512897.5,108587,2021-02-21 00:00:00,2021-02-26 00:00:00
1637115.5,4511507.5,108590,2016-08-12 00:00:00,2016-08-13 00:00:00
1699199.4,4512897.5,108591,2011-09-03 00:00:00,2011-09-03 00:00:00
1706149.0,4512897.5,108592,2017-08-24 00:00:00,2017-08-27 00:00:00
1753870.2,4511971.0,108593,2008-07-04 00:00:00,2008-07-04 00:00:00
1833560.0,4512897.5,108594,2012-03-02 00:00:00,2012-03-02 00:00:00
1834950.0,4512434.5,108595,2012-03-08 00:00:00,2012-03-13 00:00:00
1839583.1,4512434.5,108596,2008-10-04 00:00:00,2008-10-04 00:00:00
1914639.8,4512434.5,108597,2020-01-15 00:00:00,2020-01-16 00:00:00
1915566.4,4512897.5,108598,2001-11-07 00:00:00,2001-11-07 00:00:00
1915566.4,4512434.5,108599,2020-01-22 00:00:00,2020-01-23 00:00:00
1915103.1,4511971.0,108601,2020-11-03 00:00:00,2020-11-07 00:00:00
1973480.5,4512434.5,108602,2012-09-21 00:00:00,2012-09-21 00:00:00
1759893.4,4511971.0,108605,2012-09-03 00:00:00,2012-09-03 00:00:00
1914639.8,4511507.5,108606,2006-11-01 00:00:00,2006-11-05 00:00:00
1983210.0,4511507.5,108607,2024-06-13 00:00:00,2024-06-15 00:00:00
1758966.8,4508728.0,108612,2012-08-23 00:00:00,2012-08-30 00:00:00
1834486.6,4510581.0,108613,2012-03-13 00:00:00,2012-03-13 00:00:00
1753870.2,4510581.0,108615,2008-07-03 00:00:00,2008-07-06 00:00:00
1833560.0,4511044.5,108616,2009-09-23 00:00:00,2009-09-26 00:00:00
1911396.6,4510118.0,108617,2011-02-02 00:00:00,2011-02-04 00:00:00
1911396.6,4510581.0,108618,2024-03-26 00:00:00,2024-03-29 00:00:00
1912786.5,4511044.5,108619,2006-11-01 00:00:00,2006-11-01 00:00:00
1913713.1,4510581.0,108620,2006-11-01 00:00:00,2006-11-03 00:00:00
1914639.8,4511044.5,108621,2011-02-02 00:00:00,2011-02-05 00:00:00
1696882.8,4510581.0,108624,2017-08-09 00:00:00,2017-08-09 00:00:00
1821977.2,4508728.0,108625,2014-09-20 00:00:00,2014-09-29 00:00:00
1912786.5,4510581.0,108626,2024-03-13 00:00:00,2024-03-30 00:00:00
1915103.1,4510581.0,108627,2020-11-08 00:00:00,2020-11-08 00:00:00
1637578.8,4509191.0,108628,2016-08-13 00:00:00,2016-08-13 00:00:00
1913249.9,4509654.5,108629,2006-11-01 00:00:00,2006-11-03 00:00:00
1915566.4,4510118.0,108630,2003-03-13 00:00:00,2003-03-13 00:00:00
1982283.4,4510118.0,108631,2024-05-18 00:00:00,2024-05-18 00:00:00
1984600.0,4510118.0,108632,2024-06-14 00:00:00,2024-06-14 00:00:00
1701515.9,4509654.5,108633,2017-08-04 00:00:00,2017-08-12 00:00:00
1808077.9,4509191.0,108634,2012-03-13 00:00:00,2012-03-21 00:00:00
1821977.2,4509191.0,108635,2006-09-30 00:00:00,2006-10-02 00:00:00
1822903.9,4509654.5,108636,2008-10-06 00:00:00,2008-10-06 00:00:00
1823367.1,4509654.5,108637,2014-10-09 00:00:00,2014-10-10 00:00:00
1825683.8,4506874.5,108638,2013-12-07 00:00:00,2013-12-10 00:00:00
1901667.0,4507338.0,108639,2001-11-01 00:00:00,2001-11-07 00:00:00
1913713.1,4509654.5,108640,2011-02-04 00:00:00,2011-02-05 00:00:00
1917883.0,4509654.5,108641,2022-03-14 00:00:00,2022-03-14 00:00:00
1982283.4,4509654.5,108642,2024-05-10 00:00:00,2024-05-10 00:00:00
1822903.9,4509191.0,108643,2019-10-11 00:00:00,2019-10-11 00:00:00
1834486.6,4508264.5,108644,2013-12-06 00:00:00,2013-12-13 00:00:00
1912786.5,4509191.0,108645,2024-03-28 00:00:00,2024-03-29 00:00:00
1915566.4,4507338.0,108646,2001-10-31 00:00:00,2001-11-03 00:00:00
1917419.6,4508728.0,108647,2022-03-20 00:00:00,2022-04-03 00:00:00
1782595.6,4508264.5,108648,2007-09-30 00:00:00,2007-10-05 00:00:00
1823367.1,4508728.0,108649,2008-10-06 00:00:00,2008-10-06 00:00:00
1701052.6,4508264.5,108650,2017-08-22 00:00:00,2017-08-22 00:00:00
1839583.1,4508264.5,108651,2008-10-05 00:00:00,2008-10-05 00:00:00
1905836.9,4508728.0,108652,2020-11-03 00:00:00,2020-11-03 00:00:00
1916956.4,4508728.0,108653,2024-01-26 00:00:00,2024-01-26 00:00:00
1671863.9,4508264.5,108655,2003-08-11 00:00:00,2003-08-11 00:00:00
1905836.9,4507338.0,108656,2011-03-31 00:00:00,2011-04-03 00:00:00
1906300.1,4508264.5,108657,2015-10-28 00:00:00,2015-10-29 00:00:00
1906763.5,4508264.5,108658,2015-11-04 00:00:00,2015-11-08 00:00:00
1909543.4,4508264.5,108659,2021-02-22 00:00:00,2021-02-22 00:00:00
1913713.1,4508264.5,108660,2001-11-07 00:00:00,2001-11-12 00:00:00
1917883.0,4507801.0,108661,2009-10-16 00:00:00,2009-10-19 00:00:00
1837729.9,4507801.0,108663,2008-10-02 00:00:00,2008-10-02 00:00:00
1840973.0,4506411.5,108664,2008-09-30 00:00:00,2008-10-06 00:00:00
1905373.5,4507801.0,108665,2020-11-02 00:00:00,2020-11-02 00:00:00
1906300.1,4507338.0,108666,2011-04-13 00:00:00,2011-04-14 00:00:00
1906300.1,4507801.0,108667,2020-11-08 00:00:00,2020-11-08 00:00:00
1913249.9,4507801.0,108668,2003-03-22 00:00:00,2003-03-22 00:00:00
1823830.5,4507338.0,108670,2014-10-11 00:00:00,2014-10-11 00:00:00
1906763.5,4507338.0,108671,2011-04-05 00:00:00,2011-04-05 00:00:00
1911859.9,4507338.0,108672,2012-10-17 00:00:00,2012-10-17 00:00:00
1664450.9,4506874.5,108674,2019-02-02 00:00:00,2019-02-02 00:00:00
1679276.9,4506874.5,108675,2021-07-31 00:00:00,2021-08-04 00:00:00
1834023.4,4505948.0,108676,2009-11-10 00:00:00,2009-11-17 00:00:00
1834950.0,4506874.5,108677,2015-02-14 00:00:00,2015-02-14 00:00:00
1967457.4,4505948.0,108678,2001-11-01 00:00:00,2001-11-01 00:00:00
1648698.2,4505948.0,108680,2008-08-08 00:00:00,2008-08-12 00:00:00
1966530.8,4506411.5,108681,2001-11-08 00:00:00,2001-11-08 00:00:00
1836339.9,4505948.0,108683,2009-09-26 00:00:00,2009-09-26 00:00:00
1836803.2,4505484.5,108684,2009-11-12 00:00:00,2009-11-16 00:00:00
1843289.6,4505484.5,108685,2001-09-09 00:00:00,2001-09-12 00:00:00
1908153.4,4505948.0,108686,2020-11-07 00:00:00,2020-11-07 00:00:00
1909080.0,4505484.5,108687,2020-10-29 00:00:00,2020-11-03 00:00:00
1908616.8,4504558.0,108691,2013-10-12 00:00:00,2013-10-17 00:00:00
1963287.6,4505484.5,108692,2001-10-17 00:00:00,2001-10-17 00:00:00
1681130.1,4505021.5,108693,2007-08-19 00:00:00,2007-08-24 00:00:00
1773792.8,4504558.0,108694,2007-10-02 00:00:00,2007-10-03 00:00:00
1808541.1,4505021.5,108695,2001-08-23 00:00:00,2001-08-28 00:00:00
1829390.2,4504094.5,108696,2001-09-11 00:00:00,2001-09-13 00:00:00
1910006.6,4504558.0,108697,2012-10-15 00:00:00,2012-10-21 00:00:00
1914639.8,4504558.0,108698,2012-11-09 00:00:00,2012-11-09 00:00:00
1728388.0,4503631.5,108701,2015-10-30 00:00:00,2015-11-07 00:00:00
1755260.2,4504094.5,108702,2012-09-04 00:00:00,2012-09-06 00:00:00
1787228.8,4504558.0,108703,2001-10-02 00:00:00,2001-10-02 00:00:00
1808077.9,4504558.0,108704,2001-08-16 00:00:00,2001-08-16 00:00:00
1829390.2,4503631.5,108705,2008-09-27 00:00:00,2008-10-08 00:00:00
1830316.9,4502705.0,108706,2007-01-11 00:00:00,2007-01-12 00:00:00
1964214.2,4504094.5,108707,2001-10-02 00:00:00,2001-10-03 00:00:00
1786765.5,4501778.0,108711,2001-09-18 00:00:00,2001-09-20 00:00:00
1807151.2,4503631.5,108712,2001-08-17 00:00:00,2001-08-18 00:00:00
1789545.4,4502241.5,108713,2009-11-11 00:00:00,2009-11-17 00:00:00
1793715.1,4501778.0,108714,2017-01-31 00:00:00,2017-02-14 00:00:00
1829853.5,4504094.5,108715,2008-10-11 00:00:00,2008-10-11 00:00:00
1911396.6,4503631.5,108716,2018-09-18 00:00:00,2018-09-24 00:00:00
1785838.9,4503631.5,108718,2001-09-30 00:00:00,2001-09-30 00:00:00
1781205.8,4503168.0,108719,2001-09-22 00:00:00,2001-09-22 00:00:00
1665840.9,4502241.5,108721,2008-07-15 00:00:00,2008-07-17 00:00:00
1695956.1,4502241.5,108722,2022-03-10 00:00:00,2022-03-14 00:00:00
1662134.4,4502241.5,108723,2008-08-25 00:00:00,2008-08-25 00:00:00
1669547.4,4501315.0,108725,2024-07-09 00:00:00,2024-07-09 00:00:00
1741824.1,4499925.0,108726,2007-08-21 00:00:00,2007-09-02 00:00:00
1753870.2,4501778.0,108727,2012-08-15 00:00:00,2012-08-15 00:00:00
1755723.5,4500388.0,108728,2012-08-05 00:00:00,2012-08-14 00:00:00
1762673.2,4500851.5,108729,2007-07-23 00:00:00,2007-07-24 00:00:00
1835413.2,4501778.0,108730,2010-10-31 00:00:00,2010-10-31 00:00:00
1738117.6,4500851.5,108734,2012-08-29 00:00:00,2012-09-07 00:00:00
1737654.2,4499461.5,108735,2007-07-17 00:00:00,2007-07-22 00:00:00
1752943.6,4500851.5,108736,2008-09-03 00:00:00,2008-09-06 00:00:00
1977187.0,4498998.5,108737,2001-09-27 00:00:00,2001-10-02 00:00:00
1767306.4,4500388.0,108740,2007-08-19 00:00:00,2007-08-26 00:00:00
1828463.6,4500388.0,108741,2001-10-10 00:00:00,2001-10-11 00:00:00
1832170.1,4500388.0,108742,2001-10-24 00:00:00,2001-10-31 00:00:00
1833096.8,4500388.0,108743,2005-11-03 00:00:00,2005-11-03 00:00:00
1974870.4,4500388.0,108744,2008-10-02 00:00:00,2008-10-09 00:00:00
1756186.9,4498998.5,108745,2012-08-29 00:00:00,2012-09-02 00:00:00
1782595.6,4500388.0,108746,2001-09-30 00:00:00,2001-09-30 00:00:00
1848849.4,4500388.0,108747,2004-08-04 00:00:00,2004-08-06 00:00:00
1755260.2,4498071.5,108748,2007-08-11 00:00:00,2007-08-24 00:00:00
1658427.9,4499461.5,108750,2011-09-03 00:00:00,2011-09-03 00:00:00
1665377.5,4498998.5,108751,2003-08-05 00:00:00,2003-08-08 00:00:00
1832170.1,4498998.5,108752,2001-10-19 00:00:00,2001-10-21 00:00:00
1831706.8,4499461.5,108753,2001-10-11 00:00:00,2001-10-13 00:00:00
1666767.5,4498535.0,108756,2020-07-28 00:00:00,2020-07-28 00:00:00
1742287.5,4498071.5,108757,2015-09-01 00:00:00,2015-09-06 00:00:00
1741824.1,4498535.0,108758,2015-09-11 00:00:00,2015-09-11 00:00:00
1801128.1,4498071.5,108759,2004-09-12 00:00:00,2004-09-14 00:00:00
1790472.0,4492975.0,108761,2007-10-01 00:00:00,2007-10-05 00:00:00
1801128.1,4497608.5,108762,2007-09-28 00:00:00,2007-10-01 00:00:00
1666767.5,4495292.0,108765,2020-09-03 00:00:00,2020-09-05 00:00:00
1635725.5,4494365.0,108773,2003-07-22 00:00:00,2003-07-29 00:00:00
1655184.6,4495755.0,108774,2005-08-01 00:00:00,2005-08-02 00:00:00
1675570.4,4496218.5,108775,2017-08-10 00:00:00,2017-08-10 00:00:00
1787692.1,4496218.5,108776,2008-10-05 00:00:00,2008-10-05 00:00:00
1866455.2,4495755.0,108777,2021-07-29 00:00:00,2021-08-08 00:00:00
1786765.5,4495755.0,108778,2008-10-05 00:00:00,2008-10-08 00:00:00
1637115.5,4493438.5,108784,2007-07-17 00:00:00,2007-07-24 00:00:00
1658427.9,4495755.0,108785,2005-08-12 00:00:00,2005-08-12 00:00:00
1660281.1,4494828.5,108788,2020-09-14 00:00:00,2020-09-16 00:00:00
1742287.5,4495292.0,108789,2007-08-15 00:00:00,2007-08-19 00:00:00
1652404.8,4494828.5,108791,2011-07-22 00:00:00,2011-07-25 00:00:00
1659817.8,4494828.5,108792,2007-09-01 00:00:00,2007-09-01 00:00:00
1667694.1,4494828.5,108793,2019-09-14 00:00:00,2019-09-14 00:00:00
1639895.4,4491122.0,108795,2012-08-30 00:00:00,2012-09-07 00:00:00
1652868.1,4493438.5,108797,2007-08-07 00:00:00,2007-08-13 00:00:00
1654721.4,4493438.5,108798,2007-07-20 00:00:00,2007-07-22 00:00:00
1653331.4,4492975.0,108801,2008-08-12 00:00:00,2008-08-19 00:00:00
1789545.4,4493438.5,108802,2001-09-20 00:00:00,2001-09-23 00:00:00
1637115.5,4492512.0,108807,2011-09-17 00:00:00,2011-09-30 00:00:00
1651478.1,4492512.0,108808,2007-08-08 00:00:00,2007-08-08 00:00:00
1653331.4,4492512.0,108809,2011-08-19 00:00:00,2011-08-28 00:00:00
1842363.0,4492048.5,108810,2007-06-24 00:00:00,2007-06-26 00:00:00
1651478.1,4492048.5,108816,2011-08-09 00:00:00,2011-08-14 00:00:00
1653331.4,4491585.5,108817,2006-08-03 00:00:00,2006-08-06 00:00:00
1654258.0,4491585.5,108818,2012-08-21 00:00:00,2012-08-27 00:00:00
1790935.2,4492512.0,108819,2007-10-11 00:00:00,2007-10-11 00:00:00
1653331.4,4491585.5,108827,2007-07-20 00:00:00,2007-07-21 00:00:00
1653794.8,4492048.5,108828,2017-08-20 00:00:00,2017-08-21 00:00:00
1771476.1,4491122.0,108829,2007-07-22 00:00:00,2007-07-25 00:00:00
1857189.0,4489732.0,108830,2008-10-02 00:00:00,2008-10-09 00:00:00
1663524.2,4491122.0,108833,2001-06-23 00:00:00,2001-06-23 00:00:00
1668620.8,4491122.0,108834,2011-08-31 00:00:00,2011-08-31 00:00:00
1856262.4,4490658.5,108835,2008-10-04 00:00:00,2008-10-04 00:00:00
1664450.9,4490658.5,108838,2001-07-03 00:00:00,2001-07-03 00:00:00
1667694.1,4489732.0,108839,2003-08-23 00:00:00,2003-08-27 00:00:00
1805761.2,4490658.5,108840,2008-10-04 00:00:00,2008-10-04 00:00:00
1652868.1,4473053.0,108843,2007-07-15 00:00:00,2007-07-28 00:00:00
1652868.1,4488805.5,108844,2011-09-01 00:00:00,2011-09-06 00:00:00
1669084.0,4490195.5,108845,2011-08-26 00:00:00,2011-08-26 00:00:00
1639432.0,4489732.0,108848,2003-08-09 00:00:00,2003-08-10 00:00:00
1639895.4,4489268.5,108849,2012-09-09 00:00:00,2012-09-12 00:00:00
1655184.6,4486025.5,108850,2021-07-26 00:00:00,2021-08-04 00:00:00
1663061.0,4489732.0,108851,2001-07-20 00:00:00,2001-07-20 00:00:00
1664450.9,4487415.5,108852,2001-07-03 00:00:00,2001-07-04 00:00:00
1668157.4,4489732.0,108853,2011-08-18 00:00:00,2011-08-18 00:00:00
1677887.0,4488805.5,108854,2003-08-10 00:00:00,2003-08-14 00:00:00
1806687.9,4484635.5,108855,2008-09-30 00:00:00,2008-10-13 00:00:00
1678350.2,4487879.0,108856,2004-08-25 00:00:00,2004-08-27 00:00:00
1839119.8,4489732.0,108857,2008-09-29 00:00:00,2008-10-04 00:00:00
2024908.2,4489732.0,108858,2013-10-08 00:00:00,2013-10-15 00:00:00
1654721.4,4487879.0,108862,2006-08-02 00:00:00,2006-08-04 00:00:00
1643138.5,4484172.5,108863,2011-09-03 00:00:00,2011-09-06 00:00:00
1852092.5,4489268.5,108864,2018-10-17 00:00:00,2018-10-17 00:00:00
1859505.5,4489268.5,108865,2008-09-15 00:00:00,2008-09-15 00:00:00
1684836.6,4488805.5,108869,2011-08-13 00:00:00,2011-08-13 00:00:00
1685300.0,4488805.5,108870,2011-08-19 00:00:00,2011-08-19 00:00:00
1839119.8,4488805.5,108871,2008-09-17 00:00:00,2008-09-17 00:00:00
1856725.6,4488805.5,108872,2008-10-02 00:00:00,2008-10-02 00:00:00
1661671.0,4488342.0,108874,2001-07-04 00:00:00,2001-07-05 00:00:00
1663987.6,4487879.0,108875,2001-06-23 00:00:00,2001-06-23 00:00:00
1685763.2,4486489.0,108876,2011-08-12 00:00:00,2011-08-12 00:00:00
1654721.4,4487415.5,108877,2017-07-30 00:00:00,2017-07-31 00:00:00
1654721.4,4487879.0,108878,2011-09-02 00:00:00,2011-09-02 00:00:00
1662134.4,4486025.5,108879,2021-08-03 00:00:00,2021-08-07 00:00:00
1664914.2,4487879.0,108880,2001-06-23 00:00:00,2001-06-23 00:00:00
1665840.9,4486952.0,108881,2001-06-23 00:00:00,2001-06-23 00:00:00
1686226.6,4487879.0,108882,2009-08-20 00:00:00,2009-08-23 00:00:00
1654721.4,4487415.5,108883,2006-08-11 00:00:00,2006-08-11 00:00:00
1669084.0,4486952.0,108884,2011-08-26 00:00:00,2011-08-26 00:00:00
2032784.5,4484172.5,108885,2012-08-04 00:00:00,2012-08-14 00:00:00
1983210.0,4486952.0,108887,2023-08-21 00:00:00,2023-08-23 00:00:00
1655184.6,4485562.0,108889,2003-08-11 00:00:00,2003-08-13 00:00:00
1654721.4,4486025.5,108890,2017-08-03 00:00:00,2017-08-10 00:00:00
1656574.6,4486025.5,108892,2011-09-03 00:00:00,2011-09-03 00:00:00
1667230.8,4486025.5,108893,2011-08-10 00:00:00,2011-08-10 00:00:00
1697809.4,4486025.5,108894,2011-09-01 00:00:00,2011-09-01 00:00:00
1781669.0,4484172.5,108895,2007-07-22 00:00:00,2007-07-27 00:00:00
1803908.0,4486025.5,108896,2007-09-30 00:00:00,2007-10-01 00:00:00
1804834.6,4485562.0,108897,2004-09-25 00:00:00,2004-09-30 00:00:00
1805298.0,4484172.5,108898,2001-09-16 00:00:00,2001-09-23 00:00:00
1643601.9,4485099.0,108899,2020-09-05 00:00:00,2020-09-05 00:00:00
1655648.0,4484172.5,108900,2011-09-19 00:00:00,2011-09-21 00:00:00
1656111.2,4485562.0,108901,2008-08-27 00:00:00,2008-08-29 00:00:00
1654721.4,4484635.5,108903,2007-07-14 00:00:00,2007-07-16 00:00:00
1669084.0,4484635.5,108904,2011-08-12 00:00:00,2011-08-12 00:00:00
1688543.1,4481392.5,108905,2024-07-29 00:00:00,2024-07-30 00:00:00
1804834.6,4483709.0,108906,2007-09-30 00:00:00,2007-10-03 00:00:00
1806687.9,4485099.0,108907,2001-09-29 00:00:00,2001-09-29 00:00:00
1642211.9,4484635.5,108909,2003-08-19 00:00:00,2003-08-20 00:00:00
1656111.2,4484172.5,108910,2003-08-11 00:00:00,2003-08-12 00:00:00
1689006.5,4482782.5,108911,2011-08-02 00:00:00,2011-08-05 00:00:00
1656574.6,4474906.0,108915,2021-07-22 00:00:00,2021-08-09 00:00:00
1660281.1,4482319.0,108916,2008-08-19 00:00:00,2008-08-26 00:00:00
1657501.2,4482319.0,108917,2003-08-08 00:00:00,2003-08-08 00:00:00
1644065.1,4482782.5,108918,2003-07-15 00:00:00,2003-07-19 00:00:00
1698736.0,4482782.5,108919,2011-08-09 00:00:00,2011-08-12 00:00:00
1699199.4,4482782.5,108920,2008-08-27 00:00:00,2008-08-30 00:00:00
1800201.5,4483245.5,108921,2001-09-23 00:00:00,2001-09-23 00:00:00
1807151.2,4483709.0,108922,2001-10-28 00:00:00,2001-10-28 00:00:00
2033711.1,4483709.0,108923,2012-07-30 00:00:00,2012-07-30 00:00:00
1643138.5,4483245.5,108925,2003-07-06 00:00:00,2003-07-06 00:00:00
1660744.4,4481392.5,108926,2017-08-02 00:00:00,2017-08-06 00:00:00
1671863.9,4482782.5,108927,2011-08-12 00:00:00,2011-08-12 00:00:00
1672327.2,4483245.5,108928,2011-08-06 00:00:00,2011-08-06 00:00:00
1688543.1,4482782.5,108929,2007-07-23 00:00:00,2007-07-23 00:00:00
1688543.1,4483245.5,108930,2014-08-14 00:00:00,2014-08-14 00:00:00
1832170.1,4482319.0,108931,2007-07-24 00:00:00,2007-07-26 00:00:00
1866918.5,4482319.0,108932,2007-07-24 00:00:00,2007-07-26 00:00:00
1745067.4,4481855.5,108935,2007-08-18 00:00:00,2007-08-23 00:00:00
1863675.4,4482319.0,108936,2019-09-01 00:00:00,2019-09-03 00:00:00
1697809.4,4481855.5,108937,2011-08-06 00:00:00,2011-08-06 00:00:00
1701515.9,4480466.0,108938,2011-08-05 00:00:00,2011-08-11 00:00:00
1914176.5,4481392.5,108939,2020-11-03 00:00:00,2020-11-10 00:00:00
2037881.0,4481392.5,108940,2012-08-28 00:00:00,2012-08-28 00:00:00
1646381.8,4480002.5,108941,2011-09-16 00:00:00,2011-09-24 00:00:00
1695492.9,4480466.0,108942,2024-07-20 00:00:00,2024-07-29 00:00:00
1695492.9,4480929.0,108943,2017-08-06 00:00:00,2017-08-06 00:00:00
1800664.9,4480929.0,108944,2001-09-18 00:00:00,2001-09-18 00:00:00
1801591.5,4480929.0,108945,2001-09-28 00:00:00,2001-09-28 00:00:00
1806224.6,4480466.0,108946,2008-10-05 00:00:00,2008-10-05 00:00:00
1649161.6,4479076.0,108949,2003-08-04 00:00:00,2003-08-09 00:00:00
1675107.1,4480002.5,108950,2017-08-02 00:00:00,2017-08-07 00:00:00
1675570.4,4480002.5,108951,2011-08-28 00:00:00,2011-09-01 00:00:00
1647771.6,4478149.0,108953,2011-08-21 00:00:00,2011-08-27 00:00:00
1647771.6,4480002.5,108954,2003-07-29 00:00:00,2003-07-29 00:00:00
1695492.9,4480002.5,108955,2017-08-04 00:00:00,2017-08-04 00:00:00
1695029.5,4479539.0,108957,2007-07-23 00:00:00,2007-07-23 00:00:00
1849776.0,4479539.0,108958,2004-09-11 00:00:00,2004-09-15 00:00:00
1689933.1,4478612.5,108960,2024-07-13 00:00:00,2024-07-15 00:00:00
1852092.5,4478612.5,108961,2001-09-12 00:00:00,2001-09-16 00:00:00
1652404.8,4478149.0,108962,2012-08-21 00:00:00,2012-08-24 00:00:00
1662134.4,4477686.0,108963,2012-08-21 00:00:00,2012-08-26 00:00:00
1803908.0,4477222.5,108964,2001-09-18 00:00:00,2001-09-18 00:00:00
1856725.6,4478612.5,108965,2008-09-23 00:00:00,2008-09-23 00:00:00
1649624.9,4474906.0,108966,2015-08-26 00:00:00,2015-09-04 00:00:00
1676960.4,4478149.0,108967,2017-08-28 00:00:00,2017-08-28 00:00:00
1699662.6,4478149.0,108968,2024-07-26 00:00:00,2024-07-26 00:00:00
1727461.4,4477686.0,108969,2001-07-27 00:00:00,2001-07-27 00:00:00
1651014.9,4477686.0,108971,2007-07-29 00:00:00,2007-07-29 00:00:00
1653331.4,4477686.0,108972,2003-07-20 00:00:00,2003-07-22 00:00:00
1854409.1,4477686.0,108973,2011-06-09 00:00:00,2011-06-09 00:00:00
1856262.4,4476759.5,108974,2011-06-17 00:00:00,2011-06-18 00:00:00
1856262.4,4477686.0,108975,2011-06-02 00:00:00,2011-06-08 00:00:00
1657964.5,4476759.5,108976,2021-07-23 00:00:00,2021-07-26 00:00:00
2004059.1,4475369.5,108977,2001-09-03 00:00:00,2001-09-07 00:00:00
1649624.9,4475832.5,108979,2005-07-31 00:00:00,2005-08-02 00:00:00
1651014.9,4476296.0,108980,2003-07-16 00:00:00,2003-07-17 00:00:00
1846996.1,4475832.5,108981,2001-09-12 00:00:00,2001-09-18 00:00:00
1854409.1,4476759.5,108982,2011-06-08 00:00:00,2011-06-08 00:00:00
1755723.5,4474906.0,108984,2007-07-20 00:00:00,2007-07-25 00:00:00
1854409.1,4476296.0,108985,2011-06-17 00:00:00,2011-06-17 00:00:00
1649624.9,4474906.0,108986,2020-09-01 00:00:00,2020-09-06 00:00:00
1714488.6,4475369.5,108987,2010-08-25 00:00:00,2010-08-27 00:00:00
1758503.4,4475832.5,108988,2007-07-30 00:00:00,2007-07-30 00:00:00
1815954.1,4475369.5,108989,2018-10-24 00:00:00,2018-11-02 00:00:00
1854409.1,4475832.5,108990,2011-06-08 00:00:00,2011-06-08 00:00:00
1855799.0,4472589.5,108991,2011-07-20 00:00:00,2011-07-22 00:00:00
1914176.5,4474442.5,108992,2008-10-04 00:00:00,2008-10-08 00:00:00
1653331.4,4473979.5,108995,2012-08-25 00:00:00,2012-09-01 00:00:00
1657964.5,4475369.5,108996,2017-08-01 00:00:00,2017-08-01 00:00:00
1704295.8,4475369.5,108997,2011-08-07 00:00:00,2011-08-09 00:00:00
1811784.4,4475369.5,108998,2008-10-07 00:00:00,2008-10-07 00:00:00
1882671.2,4472589.5,109001,2007-07-20 00:00:00,2007-08-05 00:00:00
1649624.9,4474442.5,109002,2007-07-16 00:00:00,2007-07-16 00:00:00
1815027.5,4474442.5,109003,2018-10-17 00:00:00,2018-10-17 00:00:00
1815954.1,4474442.5,109004,2018-10-16 00:00:00,2018-10-16 00:00:00
1854409.1,4474442.5,109005,2011-06-17 00:00:00,2011-06-17 00:00:00
1915566.4,4473979.5,109006,2006-11-03 00:00:00,2006-11-03 00:00:00
1650088.2,4473979.5,109007,2007-08-10 00:00:00,2007-08-10 00:00:00
1680203.5,4473979.5,109008,2008-09-04 00:00:00,2008-09-09 00:00:00
1815490.9,4473979.5,109009,2018-10-30 00:00:00,2018-10-30 00:00:00
1854872.4,4473979.5,109010,2011-06-02 00:00:00,2011-06-04 00:00:00
1811784.4,4473516.0,109012,2008-10-10 00:00:00,2008-10-10 00:00:00
1849312.6,4473516.0,109013,2004-09-09 00:00:00,2004-09-11 00:00:00
1858115.6,4473053.0,109014,2011-06-01 00:00:00,2011-06-08 00:00:00
1704759.1,4473053.0,109017,2007-08-12 00:00:00,2007-08-13 00:00:00
1708002.2,4473053.0,109018,2011-08-11 00:00:00,2011-08-12 00:00:00
1757576.8,4473053.0,109019,2007-07-30 00:00:00,2007-07-30 00:00:00
1821513.9,4472589.5,109020,2007-07-24 00:00:00,2007-07-24 00:00:00
1652868.1,4472589.5,109023,2003-07-18 00:00:00,2003-07-19 00:00:00
1655648.0,4470273.0,109024,2007-07-06 00:00:00,2007-07-10 00:00:00
1680203.5,4472589.5,109025,2021-08-06 00:00:00,2021-08-06 00:00:00
1814100.9,4472126.0,109026,2018-10-25 00:00:00,2018-10-27 00:00:00
1821050.6,4472589.5,109027,2007-07-31 00:00:00,2007-08-02 00:00:00
1858578.9,4472589.5,109028,2011-06-08 00:00:00,2011-06-14 00:00:00
1652868.1,4472126.0,109029,2017-09-26 00:00:00,2017-09-26 00:00:00
1659354.5,4468883.0,109030,2001-08-05 00:00:00,2001-08-16 00:00:00
1658891.1,4470736.0,109031,2011-08-17 00:00:00,2011-08-21 00:00:00
1813637.6,4472126.0,109032,2018-10-09 00:00:00,2018-10-09 00:00:00
1855799.0,4472126.0,109033,2011-06-04 00:00:00,2011-06-04 00:00:00
1660281.1,4468419.5,109034,2003-07-29 00:00:00,2003-08-12 00:00:00
1662134.4,4469809.5,109035,2007-07-17 00:00:00,2007-07-27 00:00:00
1678350.2,4471199.5,109036,2003-08-10 00:00:00,2003-08-15 00:00:00
1703832.5,4471663.0,109037,2011-09-02 00:00:00,2011-09-03 00:00:00
1812247.6,4471199.5,109038,2018-10-25 00:00:00,2018-10-29 00:00:00
1880354.6,4471663.0,109039,2007-08-08 00:00:00,2007-08-08 00:00:00
1882671.2,4471199.5,109040,2007-08-11 00:00:00,2007-08-11 00:00:00
1814100.9,4471199.5,109041,2018-10-09 00:00:00,2018-10-14 00:00:00
1666304.1,4470273.0,109042,2017-07-31 00:00:00,2017-07-31 00:00:00
1702442.5,4469346.5,109043,2008-08-22 00:00:00,2008-08-27 00:00:00
1813637.6,4470736.0,109044,2008-10-13 00:00:00,2008-10-13 00:00:00
1814100.9,4470273.0,109045,2008-10-05 00:00:00,2008-10-05 00:00:00
1883597.9,4470736.0,109046,2007-07-31 00:00:00,2007-07-31 00:00:00
1708465.6,4469346.5,109047,2008-08-16 00:00:00,2008-08-24 00:00:00
1658427.9,4469809.5,109048,2011-09-15 00:00:00,2011-09-23 00:00:00
1708928.9,4469809.5,109049,2003-08-11 00:00:00,2003-08-14 00:00:00
1708928.9,4469809.5,109050,2011-08-10 00:00:00,2011-08-11 00:00:00
1709392.2,4469346.5,109051,2003-08-25 00:00:00,2003-08-25 00:00:00
1712172.1,4469346.5,109052,2007-08-19 00:00:00,2007-08-19 00:00:00
1682983.4,4468883.0,109053,2017-08-05 00:00:00,2017-08-05 00:00:00
1708465.6,4468419.5,109054,2003-08-12 00:00:00,2003-08-14 00:00:00
1708465.6,4467956.5,109055,2005-08-05 00:00:00,2005-08-09 00:00:00
1661207.8,4468419.5,109056,2011-09-26 00:00:00,2011-09-26 00:00:00
1669084.0,4467029.5,109057,2022-07-12 00:00:00,2022-07-16 00:00:00
1681593.5,4467493.0,109058,2003-08-22 00:00:00,2003-08-28 00:00:00
1710782.1,4467956.5,109059,2010-08-22 00:00:00,2010-08-27 00:00:00
1681130.1,4467956.5,109060,2021-07-24 00:00:00,2021-07-31 00:00:00
1819197.4,4467493.0,109061,2007-10-05 00:00:00,2007-10-11 00:00:00
1913249.9,4467029.5,109063,2001-10-09 00:00:00,2001-10-11 00:00:00
1709855.5,4466103.0,109067,2008-08-17 00:00:00,2008-08-20 00:00:00
1758040.1,4466103.0,109068,2012-08-18 00:00:00,2012-08-27 00:00:00
1913249.9,4465640.0,109069,2001-10-13 00:00:00,2001-10-17 00:00:00
1757113.5,4464713.0,109070,2008-08-07 00:00:00,2008-08-18 00:00:00
2020738.4,4464250.0,109071,2001-07-03 00:00:00,2001-07-09 00:00:00
2182898.0,4463786.5,109072,2023-07-14 00:00:00,2023-07-16 00:00:00
1670010.6,4464250.0,109073,2007-08-26 00:00:00,2007-08-27 00:00:00
1687616.5,4465176.5,109074,2021-08-09 00:00:00,2021-08-13 00:00:00
1756186.9,4465176.5,109075,2008-07-28 00:00:00,2008-07-28 00:00:00
1674643.8,4464250.0,109077,2003-08-16 00:00:00,2003-08-24 00:00:00
1685763.2,4463786.5,109078,2017-08-03 00:00:00,2017-08-03 00:00:00
1711245.5,4464713.0,109079,2008-08-24 00:00:00,2008-08-26 00:00:00
1676033.8,4464250.0,109080,2003-08-24 00:00:00,2003-08-24 00:00:00
1681130.1,4464250.0,109081,2017-08-20 00:00:00,2017-08-21 00:00:00
1701979.2,4463786.5,109082,2008-08-19 00:00:00,2008-08-19 00:00:00
1822440.5,4464250.0,109083,2008-10-02 00:00:00,2008-10-02 00:00:00
1689933.1,4463323.0,109084,2008-08-23 00:00:00,2008-08-23 00:00:00
2189384.2,4461933.5,109085,2011-08-25 00:00:00,2011-08-27 00:00:00
1682056.8,4463323.0,109086,2017-08-08 00:00:00,2017-08-08 00:00:00
1686226.6,4461470.0,109087,2021-07-31 00:00:00,2021-08-09 00:00:00
1683910.0,4459153.5,109088,2011-09-02 00:00:00,2011-09-07 00:00:00
1685300.0,4461470.0,109089,2012-08-21 00:00:00,2012-08-27 00:00:00
1689006.5,4461933.5,109090,2021-07-30 00:00:00,2021-08-01 00:00:00
1692249.6,4462396.5,109091,2017-08-26 00:00:00,2017-08-26 00:00:00
1683446.8,4461933.5,109092,2007-07-21 00:00:00,2007-07-22 00:00:00
1682520.1,4460543.5,109093,2024-07-08 00:00:00,2024-07-12 00:00:00
1685300.0,4461933.5,109094,2003-07-21 00:00:00,2003-07-23 00:00:00
1691323.0,4461933.5,109095,2007-08-31 00:00:00,2007-08-31 00:00:00
1820124.0,4461470.0,109096,2001-10-27 00:00:00,2001-10-27 00:00:00
1713562.0,4460543.5,109098,2011-08-09 00:00:00,2011-08-10 00:00:00
1723291.6,4458690.0,109099,2017-08-23 00:00:00,2017-08-29 00:00:00
2037881.0,4460080.0,109100,2018-10-24 00:00:00,2018-10-26 00:00:00
1682520.1,4460080.0,109103,2021-08-30 00:00:00,2021-09-01 00:00:00
1821977.2,4458690.0,109104,2001-10-20 00:00:00,2001-11-02 00:00:00
1684836.6,4460543.5,109105,2017-08-15 00:00:00,2017-08-15 00:00:00
1709392.2,4459153.5,109106,2011-08-11 00:00:00,2011-08-21 00:00:00
1687153.2,4460080.0,109110,2017-08-27 00:00:00,2017-08-28 00:00:00
1689933.1,4460080.0,109111,2011-09-21 00:00:00,2011-09-21 00:00:00
1715415.2,4458227.0,109112,2021-08-02 00:00:00,2021-08-05 00:00:00
1820124.0,4460080.0,109113,2001-11-04 00:00:00,2001-11-04 00:00:00
1821513.9,4460080.0,109114,2008-10-06 00:00:00,2008-10-06 00:00:00
1821977.2,4459616.5,109115,2008-09-30 00:00:00,2008-10-06 00:00:00
1822440.5,4460080.0,109116,2004-09-28 00:00:00,2004-09-28 00:00:00
1837729.9,4460080.0,109117,2004-09-28 00:00:00,2004-09-28 00:00:00
1682520.1,4458227.0,109119,2007-07-12 00:00:00,2007-07-22 00:00:00
1836339.9,4459616.5,109120,2008-07-03 00:00:00,2008-07-03 00:00:00
1708465.6,4459153.5,109122,2009-09-07 00:00:00,2009-09-08 00:00:00
1710782.1,4454520.5,109123,2024-07-25 00:00:00,2024-07-30 00:00:00
1814100.9,4459153.5,109124,2008-10-06 00:00:00,2008-10-06 00:00:00
1838193.1,4459153.5,109125,2004-09-17 00:00:00,2004-09-17 00:00:00
2023981.6,4459153.5,109126,2004-09-03 00:00:00,2004-09-08 00:00:00
1710782.1,4457300.0,109127,2009-08-26 00:00:00,2009-09-01 00:00:00
1821050.6,4458690.0,109128,2007-10-03 00:00:00,2007-10-03 00:00:00
1899350.5,4457763.5,109129,2011-10-19 00:00:00,2011-10-21 00:00:00
1683446.8,4456837.0,109132,2005-07-31 00:00:00,2005-08-01 00:00:00
1684836.6,4454983.5,109133,2007-08-14 00:00:00,2007-08-17 00:00:00
1899813.8,4457300.0,109134,2011-10-28 00:00:00,2011-10-28 00:00:00
1721901.6,4456373.5,109137,2011-09-24 00:00:00,2011-09-24 00:00:00
1814564.2,4456373.5,109138,2008-09-28 00:00:00,2008-10-06 00:00:00
1815954.1,4456837.0,109139,2001-10-21 00:00:00,2001-10-22 00:00:00
1682983.4,4455910.0,109140,2011-09-01 00:00:00,2011-09-01 00:00:00
1724681.5,4454983.5,109141,2007-08-17 00:00:00,2007-08-18 00:00:00
1901203.8,4456373.5,109142,2017-06-07 00:00:00,2017-06-07 00:00:00
1695956.1,4454983.5,109147,2014-08-13 00:00:00,2014-08-19 00:00:00
1695492.9,4455447.0,109148,2020-09-02 00:00:00,2020-09-05 00:00:00
1841436.4,4454983.5,109149,2013-10-15 00:00:00,2013-10-22 00:00:00
1842826.2,4455447.0,109150,2001-09-17 00:00:00,2001-09-18 00:00:00
1881744.6,4452203.5,109151,2001-10-20 00:00:00,2001-10-29 00:00:00
1701052.6,4451740.5,109153,2012-08-20 00:00:00,2012-08-30 00:00:00
1741360.9,4453130.5,109154,2019-08-12 00:00:00,2019-08-16 00:00:00
1840046.4,4453130.5,109155,2001-09-13 00:00:00,2001-09-19 00:00:00
1841436.4,4454983.5,109156,2004-09-20 00:00:00,2004-09-20 00:00:00
1841899.6,4454057.0,109157,2007-09-24 00:00:00,2007-10-02 00:00:00
1842826.2,4454983.5,109158,2004-09-22 00:00:00,2004-09-22 00:00:00
1907690.1,4454983.5,109159,2011-10-21 00:00:00,2011-10-21 00:00:00
1908153.4,4454983.5,109160,2011-10-28 00:00:00,2011-10-28 00:00:00
1693176.2,4454057.0,109161,2009-08-20 00:00:00,2009-08-20 00:00:00
1708465.6,4452203.5,109162,2024-07-08 00:00:00,2024-07-12 00:00:00
1725608.1,4454520.5,109163,2011-08-10 00:00:00,2011-08-12 00:00:00
1727461.4,4452667.0,109164,2007-07-20 00:00:00,2007-07-23 00:00:00
1841436.4,4454520.5,109165,2004-09-14 00:00:00,2004-09-14 00:00:00
1842826.2,4453130.5,109166,2005-09-16 00:00:00,2005-09-19 00:00:00
1841436.4,4454520.5,109167,2011-10-02 00:00:00,2011-10-02 00:00:00
1841899.6,4454057.0,109168,2019-09-25 00:00:00,2019-09-28 00:00:00
1842363.0,4454520.5,109169,2008-10-10 00:00:00,2008-10-10 00:00:00
1845142.9,4454520.5,109170,2004-09-27 00:00:00,2004-09-29 00:00:00
1697809.4,4454057.0,109172,2003-07-09 00:00:00,2003-07-11 00:00:00
1696419.5,4453593.5,109173,2017-08-10 00:00:00,2017-08-10 00:00:00
1701052.6,4453593.5,109174,2020-09-13 00:00:00,2020-09-16 00:00:00
1841899.6,4454057.0,109175,2011-09-22 00:00:00,2011-09-22 00:00:00
1842363.0,4454057.0,109176,2004-09-20 00:00:00,2004-09-20 00:00:00
1692713.0,4453130.5,109177,2008-08-21 00:00:00,2008-08-26 00:00:00
1698272.8,4452667.0,109179,2017-08-04 00:00:00,2017-08-08 00:00:00
1704295.8,4453130.5,109180,2017-08-11 00:00:00,2017-08-17 00:00:00
1842826.2,4453593.5,109181,2008-10-07 00:00:00,2008-10-07 00:00:00
1845142.9,4453593.5,109182,2019-09-25 00:00:00,2019-09-25 00:00:00
1697346.1,4453130.5,109184,2011-09-10 00:00:00,2011-09-10 00:00:00
1693639.6,4451740.5,109185,2007-08-20 00:00:00,2007-08-25 00:00:00
1699199.4,4452203.5,109186,2017-08-07 00:00:00,2017-08-07 00:00:00
1704295.8,4452667.0,109187,2007-09-17 00:00:00,2007-09-17 00:00:00
1812247.6,4452203.5,109188,2008-10-05 00:00:00,2008-10-05 00:00:00
1818270.8,4451277.0,109189,2004-09-18 00:00:00,2004-09-30 00:00:00
1817807.4,4452667.0,109190,2004-09-28 00:00:00,2004-09-28 00:00:00
1843289.6,4452667.0,109191,2008-10-06 00:00:00,2008-10-06 00:00:00
1844216.2,4452667.0,109192,2017-10-03 00:00:00,2017-10-03 00:00:00
1705685.8,4452203.5,109195,2007-09-15 00:00:00,2007-09-23 00:00:00
1705685.8,4451740.5,109196,2022-08-08 00:00:00,2022-08-18 00:00:00
1816880.8,4452203.5,109197,2007-10-01 00:00:00,2007-10-03 00:00:00
1818734.0,4450350.5,109198,2008-09-28 00:00:00,2008-10-07 00:00:00
1715415.2,4451277.0,109199,2007-07-21 00:00:00,2007-07-21 00:00:00
1833096.8,4452203.5,109200,2001-10-20 00:00:00,2001-10-20 00:00:00
1701052.6,4448497.0,109201,2008-08-12 00:00:00,2008-08-18 00:00:00
1700126.0,4450814.0,109202,2023-09-09 00:00:00,2023-09-12 00:00:00
1714952.0,4451277.0,109203,2011-08-10 00:00:00,2011-08-10 00:00:00
1819197.4,4451277.0,109204,2001-09-11 00:00:00,2001-09-17 00:00:00
1833096.8,4451740.5,109205,2001-10-27 00:00:00,2001-10-27 00:00:00
1846069.5,4451740.5,109206,2019-09-27 00:00:00,2019-09-28 00:00:00
1699199.4,4451277.0,109207,2011-08-10 00:00:00,2011-08-10 00:00:00
1713562.0,4451277.0,109208,2012-08-12 00:00:00,2012-08-12 00:00:00
1820587.2,4451277.0,109209,2004-09-18 00:00:00,2004-09-18 00:00:00
1883597.9,4451277.0,109210,2015-10-26 00:00:00,2015-11-04 00:00:00
1701052.6,4450814.0,109211,2011-08-20 00:00:00,2011-08-20 00:00:00
1702905.9,4450350.5,109212,2007-07-29 00:00:00,2007-08-01 00:00:00
1717731.9,4450350.5,109213,2011-09-03 00:00:00,2011-09-07 00:00:00
1697346.1,4449424.0,109220,2020-09-03 00:00:00,2020-09-07 00:00:00
1821050.6,4450350.5,109223,2004-09-28 00:00:00,2004-09-28 00:00:00
1698736.0,4448960.5,109227,2011-07-19 00:00:00,2011-07-20 00:00:00
1701515.9,4448960.5,109228,2012-09-10 00:00:00,2012-09-11 00:00:00
1705222.4,4449887.0,109229,2003-07-05 00:00:00,2003-07-05 00:00:00
1717268.5,4449887.0,109230,2019-08-06 00:00:00,2019-08-06 00:00:00
1839119.8,4449887.0,109231,2008-10-15 00:00:00,2008-10-15 00:00:00
1844216.2,4449887.0,109232,2011-09-29 00:00:00,2011-09-29 00:00:00
2000352.6,4449887.0,109234,2006-08-29 00:00:00,2006-08-29 00:00:00
1701052.6,4449424.0,109238,2012-09-18 00:00:00,2012-09-18 00:00:00
1725608.1,4449424.0,109240,2011-09-11 00:00:00,2011-09-11 00:00:00
1727461.4,4448960.5,109241,2011-09-12 00:00:00,2011-09-14 00:00:00
1844679.5,4449424.0,109242,2008-10-07 00:00:00,2008-10-07 00:00:00
1725144.9,4448960.5,109244,2011-09-21 00:00:00,2011-09-21 00:00:00
1839119.8,4448497.0,109245,2008-10-06 00:00:00,2008-10-06 00:00:00
2231545.8,4444327.5,109303,2019-10-07 00:00:00,2019-10-07 00:00:00
2234325.8,4443864.0,109304,2019-10-06 00:00:00,2019-10-09 00:00:00
2235715.5,4442474.0,109321,2019-10-09 00:00:00,2019-10-09 00:00:00
2232472.5,4442011.0,109323,2019-10-09 00:00:00,2019-10-09 00:00:00
2233399.0,4438304.5,109377,2024-06-29 00:00:00,2024-07-02 00:00:00
2232935.8,4436451.0,109399,2024-06-30 00:00:00,2024-06-30 00:00:00
2274634.0,4435524.5,109407,2002-07-12 00:00:00,2002-07-12 00:00:00
2232935.8,4435524.5,109418,2024-06-30 00:00:00,2024-06-30 00:00:00
2232472.5,4434134.5,109444,2024-06-30 00:00:00,2024-06-30 00:00:00
2337181.0,4433671.0,109445,2020-06-27 00:00:00,2020-06-27 00:00:00
2337181.0,4433671.0,109456,2021-11-17 00:00:00,2021-11-17 00:00:00
2269074.0,4429964.5,109584,2011-08-18 00:00:00,2011-08-18 00:00:00
2279267.0,4428111.5,109623,2024-07-15 00:00:00,2024-07-15 00:00:00
2264441.0,4412359.0,110336,2017-07-02 00:00:00,2017-07-03 00:00:00
2321891.8,4404946.0,110554,2012-09-05 00:00:00,2012-09-14 00:00:00
2277413.8,4406335.5,110716,2008-08-02 00:00:00,2008-08-02 00:00:00
2313088.8,4397069.5,111291,2023-06-17 00:00:00,2023-06-17 00:00:00
2240812.0,4396143.0,111315,2003-07-20 00:00:00,2003-07-23 00:00:00
2239885.5,4393826.5,111539,2010-08-20 00:00:00,2010-08-20 00:00:00
2239885.5,4391509.5,111676,2003-07-21 00:00:00,2003-07-21 00:00:00
2375172.8,4384560.0,112078,2008-07-07 00:00:00,2008-07-10 00:00:00
2378879.2,4372977.0,112829,2007-05-28 00:00:00,2007-05-28 00:00:00
2293166.5,4367881.0,113060,2006-07-03 00:00:00,2006-07-03 00:00:00
2234325.8,4366491.0,113130,2022-10-31 00:00:00,2022-11-08 00:00:00
2364053.2,4363711.0,113169,2010-08-19 00:00:00,2010-08-22 00:00:00
2390462.0,4360468.0,113170,2024-07-10 00:00:00,2024-07-19 00:00:00
2232009.0,4365101.0,113188,2011-10-25 00:00:00,2011-10-25 00:00:00
2234789.0,4364637.5,113189,2022-11-09 00:00:00,2022-11-11 00:00:00
2234325.8,4362784.5,113256,2015-09-28 00:00:00,2015-09-28 00:00:00
2237105.5,4358614.5,113460,2011-10-15 00:00:00,2011-10-15 00:00:00
2237105.5,4358151.0,113480,2011-10-09 00:00:00,2011-10-09 00:00:00
2362200.0,4356761.5,113542,2016-10-09 00:00:00,2016-10-09 00:00:00
2356177.0,4356298.0,113566,2021-10-16 00:00:00,2021-10-16 00:00:00
2363126.5,4355834.5,113590,2016-10-10 00:00:00,2016-10-10 00:00:00
2352470.5,4355371.5,113611,2016-10-02 00:00:00,2016-10-02 00:00:00
2352007.0,4353518.0,113612,2016-10-09 00:00:00,2016-10-18 00:00:00
2362663.2,4353981.5,113613,2016-10-09 00:00:00,2016-10-14 00:00:00
2364516.5,4352128.0,113633,2016-10-08 00:00:00,2016-10-14 00:00:00
2364053.2,4353518.0,113671,2016-10-22 00:00:00,2016-10-23 00:00:00
2388608.8,4353981.5,113672,2016-11-17 00:00:00,2016-11-17 00:00:00
2362663.2,4353518.0,113696,2016-10-25 00:00:00,2016-10-25 00:00:00
2350153.8,4352591.5,113719,2016-09-30 00:00:00,2016-09-30 00:00:00
2350617.2,4352591.5,113720,2016-10-08 00:00:00,2016-10-17 00:00:00
2358493.5,4353055.0,113721,2012-11-09 00:00:00,2012-11-09 00:00:00
2364979.8,4352591.5,113749,2016-10-22 00:00:00,2016-10-22 00:00:00
2341814.2,4350738.0,113785,2011-08-23 00:00:00,2011-08-25 00:00:00
2349690.5,4351665.0,113786,2016-10-01 00:00:00,2016-10-01 00:00:00
2358493.5,4352128.0,113787,2012-11-11 00:00:00,2012-11-11 00:00:00
2391388.8,4348885.0,113822,2016-10-07 00:00:00,2016-10-12 00:00:00
2393242.0,4349811.5,113823,2011-12-22 00:00:00,2011-12-26 00:00:00
2391852.0,4350275.0,113861,2008-11-03 00:00:00,2008-11-06 00:00:00
2393705.2,4348421.5,113862,2017-09-30 00:00:00,2017-10-11 00:00:00
2393242.0,4350738.0,113863,2007-10-08 00:00:00,2007-10-08 00:00:00
2390925.2,4350738.0,113899,2017-10-09 00:00:00,2017-10-14 00:00:00
2393705.2,4350738.0,113900,2007-10-25 00:00:00,2007-10-26 00:00:00
2351543.8,4349811.5,113925,2008-11-04 00:00:00,2008-11-04 00:00:00
2395558.5,4348421.5,113927,2007-10-07 00:00:00,2007-10-15 00:00:00
2395558.5,4350275.0,113928,2007-10-08 00:00:00,2007-10-08 00:00:00
2350617.2,4349348.5,113990,2016-10-13 00:00:00,2016-10-13 00:00:00
2393705.2,4347958.5,113991,2016-10-09 00:00:00,2016-10-13 00:00:00
2394168.5,4348421.5,113992,2005-10-20 00:00:00,2005-10-20 00:00:00
2349690.5,4348885.0,114020,2008-10-31 00:00:00,2008-10-31 00:00:00
2395558.5,4347958.5,114021,2005-10-20 00:00:00,2005-10-20 00:00:00
2394631.8,4347958.5,114055,2012-10-12 00:00:00,2012-10-12 00:00:00
2350153.8,4347958.5,114059,2008-10-31 00:00:00,2008-10-31 00:00:00
2334864.5,4346568.5,114144,2004-09-03 00:00:00,2004-09-03 00:00:00
2255638.0,4344252.0,114172,2011-08-03 00:00:00,2011-08-06 00:00:00
2328841.5,4345642.0,114173,2023-06-02 00:00:00,2023-06-02 00:00:00
2333011.2,4344715.0,114222,2023-06-02 00:00:00,2023-06-02 00:00:00
2345057.5,4345178.5,114223,2014-11-03 00:00:00,2014-11-03 00:00:00
2255638.0,4344715.0,114253,2011-08-15 00:00:00,2011-08-15 00:00:00
2331621.2,4344715.0,114254,2023-06-14 00:00:00,2023-06-14 00:00:00
2264441.0,4342398.5,114309,2022-07-21 00:00:00,2022-07-27 00:00:00
2354323.8,4343325.0,114311,2023-07-25 00:00:00,2023-07-27 00:00:00
2294556.2,4338692.0,114312,2015-08-28 00:00:00,2015-09-03 00:00:00
2320038.5,4341935.5,114407,2004-09-05 00:00:00,2004-09-06 00:00:00
2294093.0,4339618.5,114431,2006-07-19 00:00:00,2006-07-24 00:00:00
2320501.8,4340545.5,114462,2003-07-21 00:00:00,2003-07-24 00:00:00
2322818.5,4328962.5,115078,2024-07-25 00:00:00,2024-07-25 00:00:00
2342277.5,4321086.0,115388,2015-07-23 00:00:00,2015-07-23 00:00:00
2342277.5,4320623.0,115389,2015-07-14 00:00:00,2015-07-17 00:00:00
2380732.5,4318769.5,115390,2023-07-23 00:00:00,2023-07-25 00:00:00
2338107.8,4320159.5,115413,2023-07-09 00:00:00,2023-07-09 00:00:00
2339961.0,4319233.0,115435,2023-05-31 00:00:00,2023-06-04 00:00:00
2345057.5,4318306.5,115486,2023-08-11 00:00:00,2023-08-13 00:00:00
2347374.0,4314600.0,115562,2014-07-23 00:00:00,2014-07-23 00:00:00
2344594.0,4315063.0,115589,2004-07-01 00:00:00,2004-07-05 00:00:00
2382122.5,4310893.5,115763,2012-10-04 00:00:00,2012-10-09 00:00:00
2328378.2,4304870.5,115864,2009-06-20 00:00:00,2009-06-23 00:00:00
2383049.0,4305333.5,115865,2005-10-16 00:00:00,2005-10-16 00:00:00
2383975.8,4307187.0,115866,2013-10-19 00:00:00,2013-10-23 00:00:00
2385365.5,4308577.0,115867,2013-10-20 00:00:00,2013-10-20 00:00:00
2385365.5,4308113.5,115888,2013-10-03 00:00:00,2013-10-06 00:00:00
2385829.0,4307650.0,115889,2007-09-24 00:00:00,2007-09-25 00:00:00
2382585.8,4303480.5,115904,2008-09-30 00:00:00,2008-10-05 00:00:00
2383512.2,4301627.0,115905,2006-09-24 00:00:00,2006-09-30 00:00:00
2385829.0,4307650.0,115906,2005-10-19 00:00:00,2005-10-19 00:00:00
2386292.2,4307650.0,115907,2005-10-12 00:00:00,2005-10-12 00:00:00
2388145.5,4305797.0,115908,2005-10-11 00:00:00,2005-10-20 00:00:00
2381195.8,4306723.5,115924,2013-10-16 00:00:00,2013-10-19 00:00:00
2381195.8,4307187.0,115925,2008-10-05 00:00:00,2008-10-05 00:00:00
2382122.5,4307187.0,115926,2014-11-01 00:00:00,2014-11-01 00:00:00
2386755.5,4304870.5,115927,2005-09-25 00:00:00,2005-10-10 00:00:00
2337644.5,4306723.5,115938,2008-05-02 00:00:00,2008-05-02 00:00:00
2379805.8,4305333.5,115939,2013-10-01 00:00:00,2013-10-08 00:00:00
2381195.8,4305797.0,115940,2016-09-25 00:00:00,2016-10-07 00:00:00
2386292.2,4295604.0,115941,2007-09-13 00:00:00,2007-10-03 00:00:00
2383975.8,4306260.0,115954,2005-10-20 00:00:00,2005-10-20 00:00:00
2384439.0,4306260.0,115955,2005-10-14 00:00:00,2005-10-14 00:00:00
2384439.0,4305797.0,115956,2007-08-16 00:00:00,2007-08-18 00:00:00
2389072.0,4306260.0,115957,2005-09-22 00:00:00,2005-09-22 00:00:00
2381195.8,4305797.0,115972,2011-10-12 00:00:00,2011-10-12 00:00:00
2381195.8,4303943.5,115973,2017-09-26 00:00:00,2017-10-05 00:00:00
2383512.2,4305797.0,115974,2014-11-02 00:00:00,2014-11-02 00:00:00
2384439.0,4305797.0,115975,2014-11-01 00:00:00,2014-11-01 00:00:00
2385829.0,4305797.0,115976,2014-11-01 00:00:00,2014-11-01 00:00:00
2345984.0,4304870.5,115991,2014-06-12 00:00:00,2014-06-17 00:00:00
2345520.8,4305333.5,115992,2014-06-21 00:00:00,2014-06-21 00:00:00
2380732.5,4305333.5,115993,2013-10-03 00:00:00,2013-10-03 00:00:00
2388608.8,4304870.5,116008,2005-10-20 00:00:00,2005-10-20 00:00:00
2388608.8,4304870.5,116009,2007-09-15 00:00:00,2007-09-15 00:00:00
2380732.5,4304407.0,116024,2013-10-03 00:00:00,2013-10-03 00:00:00
2328841.5,4303943.5,116033,2024-07-17 00:00:00,2024-07-19 00:00:00
2384439.0,4303943.5,116034,2008-10-03 00:00:00,2008-10-03 00:00:00
2387218.8,4301627.0,116035,2005-10-12 00:00:00,2005-10-20 00:00:00
2331158.0,4303480.5,116046,2007-04-23 00:00:00,2007-04-26 00:00:00
2333011.2,4303480.5,116047,2007-04-22 00:00:00,2007-04-22 00:00:00
2372856.2,4303480.5,116048,2007-10-03 00:00:00,2007-10-03 00:00:00
2372856.2,4301627.0,116049,2007-09-27 00:00:00,2007-10-02 00:00:00
2382585.8,4303017.0,116051,2005-10-19 00:00:00,2005-10-20 00:00:00
2381195.8,4302090.5,116052,2010-09-30 00:00:00,2010-10-05 00:00:00
2384439.0,4302553.5,116053,2016-09-21 00:00:00,2016-09-23 00:00:00
2372856.2,4303017.0,116061,2007-10-23 00:00:00,2007-10-23 00:00:00
2380269.2,4303017.0,116062,2007-09-21 00:00:00,2007-09-21 00:00:00
2332548.0,4302090.5,116063,2014-07-04 00:00:00,2014-07-04 00:00:00
2382585.8,4302553.5,116064,2011-10-09 00:00:00,2011-10-09 00:00:00
2382122.5,4303017.0,116065,2016-09-27 00:00:00,2016-09-27 00:00:00
2384439.0,4302553.5,116066,2011-10-12 00:00:00,2011-10-12 00:00:00
2383975.8,4301164.0,116077,2008-09-26 00:00:00,2008-10-02 00:00:00
2383975.8,4301627.0,116078,2010-10-02 00:00:00,2010-10-02 00:00:00
2384902.2,4301627.0,116079,2005-10-16 00:00:00,2005-10-19 00:00:00
2387682.2,4302090.5,116080,2014-11-02 00:00:00,2014-11-02 00:00:00
2388145.5,4302553.5,116081,2008-09-20 00:00:00,2008-09-20 00:00:00
2387682.2,4300237.0,116082,2008-10-01 00:00:00,2008-10-06 00:00:00
2384902.2,4302090.5,116096,2004-10-17 00:00:00,2004-10-17 00:00:00
2386292.2,4301627.0,116097,2014-11-01 00:00:00,2014-11-01 00:00:00
2379342.5,4301164.0,116104,2008-10-04 00:00:00,2008-10-04 00:00:00
2380732.5,4301164.0,116105,2008-10-31 00:00:00,2008-11-03 00:00:00
2383512.2,4300700.5,116106,2008-10-03 00:00:00,2008-10-07 00:00:00
2385365.5,4301627.0,116107,2008-09-22 00:00:00,2008-09-22 00:00:00
2387218.8,4301627.0,116108,2008-09-20 00:00:00,2008-09-26 00:00:00
2384902.2,4301164.0,116127,2005-10-10 00:00:00,2005-10-10 00:00:00
2384902.2,4300700.5,116128,2008-10-03 00:00:00,2008-10-07 00:00:00
2387218.8,4301164.0,116129,2008-10-04 00:00:00,2008-10-04 00:00:00
2381659.0,4300700.5,116137,2005-10-09 00:00:00,2005-10-12 00:00:00
2382122.5,4300700.5,116138,2005-10-19 00:00:00,2005-10-19 00:00:00
2381659.0,4300237.0,116139,2008-10-04 00:00:00,2008-10-07 00:00:00
2384439.0,4300237.0,116140,2005-10-01 00:00:00,2005-10-01 00:00:00
2384439.0,4300700.5,116141,2008-09-20 00:00:00,2008-09-20 00:00:00
2385829.0,4300237.0,116142,2005-10-01 00:00:00,2005-10-03 00:00:00
2386292.2,4299774.0,116152,2013-10-03 00:00:00,2013-10-06 00:00:00
2387218.8,4300237.0,116153,2016-09-21 00:00:00,2016-09-21 00:00:00
2387682.2,4299774.0,116154,2013-09-19 00:00:00,2013-09-19 00:00:00
2388608.8,4299310.5,116155,2007-09-13 00:00:00,2007-09-13 00:00:00
2341351.0,4299774.0,116176,2012-08-06 00:00:00,2012-08-07 00:00:00
2380269.2,4299774.0,116177,2008-11-03 00:00:00,2008-11-03 00:00:00
2381659.0,4299774.0,116178,2008-10-18 00:00:00,2008-10-19 00:00:00
2386292.2,4299774.0,116179,2014-11-02 00:00:00,2014-11-02 00:00:00
2387682.2,4299310.5,116180,2008-09-24 00:00:00,2008-09-26 00:00:00
2389998.8,4296994.0,116181,2016-09-20 00:00:00,2016-09-28 00:00:00
2391852.0,4298847.0,116196,2014-11-02 00:00:00,2014-11-02 00:00:00
2393242.0,4298384.0,116197,2014-10-31 00:00:00,2014-10-31 00:00:00
2382585.8,4298847.0,116211,2008-10-07 00:00:00,2008-10-07 00:00:00
2392315.2,4297920.5,116212,2015-09-19 00:00:00,2015-09-26 00:00:00
2334401.2,4297920.5,116222,2010-09-30 00:00:00,2010-10-01 00:00:00
2386755.5,4296067.5,116223,2017-09-24 00:00:00,2017-09-30 00:00:00
2386755.5,4298384.0,116224,2008-11-04 00:00:00,2008-11-04 00:00:00
2390462.0,4296994.0,116225,2014-11-01 00:00:00,2014-11-03 00:00:00
2391852.0,4298384.0,116226,2007-10-03 00:00:00,2007-10-03 00:00:00
2392315.2,4297920.5,116227,2010-10-01 00:00:00,2010-10-04 00:00:00
2392315.2,4298384.0,116228,2012-09-23 00:00:00,2012-09-30 00:00:00
2394631.8,4296067.5,116229,2013-09-22 00:00:00,2013-10-06 00:00:00
2384902.2,4297920.5,116237,2005-10-12 00:00:00,2005-10-12 00:00:00
2385829.0,4297920.5,116238,2005-09-30 00:00:00,2005-10-04 00:00:00
2387218.8,4295604.0,116239,2006-09-27 00:00:00,2006-10-02 00:00:00
2387218.8,4297920.5,116240,2013-10-21 00:00:00,2013-10-24 00:00:00
2386292.2,4297920.5,116241,2005-10-12 00:00:00,2005-10-12 00:00:00
2389072.0,4295140.5,116242,2005-10-14 00:00:00,2005-10-22 00:00:00
2386755.5,4297920.5,116243,2014-11-02 00:00:00,2014-11-02 00:00:00
2386755.5,4296530.5,116244,2010-10-01 00:00:00,2010-10-07 00:00:00
2387682.2,4297920.5,116245,2014-11-02 00:00:00,2014-11-05 00:00:00
2388608.8,4297920.5,116246,2014-11-05 00:00:00,2014-11-05 00:00:00
2389535.5,4296994.0,116247,2012-10-14 00:00:00,2012-10-14 00:00:00
2391388.8,4296994.0,116248,2014-11-03 00:00:00,2014-11-03 00:00:00
2391388.8,4297920.5,116249,2014-11-01 00:00:00,2014-11-01 00:00:00
2391852.0,4297920.5,116250,2013-10-22 00:00:00,2013-10-22 00:00:00
2387218.8,4297457.5,116268,2005-10-03 00:00:00,2005-10-03 00:00:00
2388145.5,4296994.0,116269,2012-10-03 00:00:00,2012-10-10 00:00:00
2388145.5,4297457.5,116270,2006-11-14 00:00:00,2006-11-14 00:00:00
2389535.5,4296067.5,116271,2006-11-10 00:00:00,2006-11-24 00:00:00
2389998.8,4296994.0,116272,2006-11-12 00:00:00,2006-11-14 00:00:00
2391388.8,4297457.5,116273,2008-11-02 00:00:00,2008-11-02 00:00:00
2392778.5,4294214.0,116274,2007-09-13 00:00:00,2007-10-04 00:00:00
2331158.0,4296994.0,116282,2005-10-19 00:00:00,2005-10-21 00:00:00
2386755.5,4295604.0,116283,2005-10-09 00:00:00,2005-10-19 00:00:00
2386755.5,4296994.0,116284,2013-10-19 00:00:00,2013-10-19 00:00:00
2389535.5,4295140.5,116285,2013-10-01 00:00:00,2013-10-07 00:00:00
2388608.8,4296530.5,116286,2004-10-15 00:00:00,2004-10-22 00:00:00
2387218.8,4296530.5,116287,2005-09-30 00:00:00,2005-10-05 00:00:00
2391388.8,4296994.0,116288,2007-09-29 00:00:00,2007-09-29 00:00:00
2395558.5,4296994.0,116289,2016-09-21 00:00:00,2016-09-29 00:00:00
2330694.8,4296530.5,116298,2005-10-12 00:00:00,2005-10-12 00:00:00
2333011.2,4296530.5,116299,2005-11-06 00:00:00,2005-11-06 00:00:00
2333011.2,4296530.5,116300,2011-11-02 00:00:00,2011-11-02 00:00:00
2333938.0,4296530.5,116301,2005-10-13 00:00:00,2005-10-29 00:00:00
2335327.8,4296530.5,116302,2005-10-13 00:00:00,2005-10-13 00:00:00
2337181.0,4296530.5,116303,2005-10-19 00:00:00,2005-10-19 00:00:00
2340424.2,4296530.5,116304,2007-09-22 00:00:00,2007-09-22 00:00:00
2339961.0,4296067.5,116305,2007-09-15 00:00:00,2007-09-15 00:00:00
2390462.0,4296530.5,116306,2013-10-04 00:00:00,2013-10-04 00:00:00
2392778.5,4296530.5,116307,2010-10-04 00:00:00,2010-10-04 00:00:00
2393705.2,4296530.5,116308,2007-08-13 00:00:00,2007-08-13 00:00:00
2393705.2,4296530.5,116309,2014-10-02 00:00:00,2014-10-02 00:00:00
2394168.5,4296067.5,116310,2010-09-30 00:00:00,2010-10-02 00:00:00
2395558.5,4296530.5,116311,2008-09-30 00:00:00,2008-09-30 00:00:00
2334401.2,4296067.5,116327,2011-10-14 00:00:00,2011-10-18 00:00:00
2340887.5,4296067.5,116328,2007-09-24 00:00:00,2007-10-07 00:00:00
2386755.5,4296067.5,116329,2010-10-18 00:00:00,2010-10-18 00:00:00
2387682.2,4296067.5,116330,2004-10-03 00:00:00,2004-10-03 00:00:00
2388608.8,4295604.0,116331,2006-11-09 00:00:00,2006-11-12 00:00:00
2390462.0,4296067.5,116332,2015-10-12 00:00:00,2015-10-12 00:00:00
2390925.2,4296067.5,116333,2006-11-08 00:00:00,2006-11-08 00:00:00
2392778.5,4296067.5,116334,2013-10-22 00:00:00,2013-10-22 00:00:00
2395095.2,4295604.0,116335,2013-10-24 00:00:00,2013-10-25 00:00:00
2396948.5,4295140.5,116336,2008-10-01 00:00:00,2008-10-07 00:00:00
2330694.8,4295604.0,116353,2005-10-13 00:00:00,2005-10-13 00:00:00
2331621.2,4295604.0,116354,2005-11-02 00:00:00,2005-11-02 00:00:00
2333474.5,4295140.5,116355,2011-10-19 00:00:00,2011-10-28 00:00:00
2340424.2,4295604.0,116356,2007-09-21 00:00:00,2007-09-21 00:00:00
2389535.5,4295604.0,116357,2010-09-24 00:00:00,2010-09-29 00:00:00
2388145.5,4295140.5,116358,2005-10-09 00:00:00,2005-10-09 00:00:00
2389998.8,4295140.5,116359,2006-11-22 00:00:00,2006-11-23 00:00:00
2390462.0,4294677.5,116360,2013-10-02 00:00:00,2013-10-05 00:00:00
2396485.0,4295140.5,116361,2010-10-09 00:00:00,2010-10-15 00:00:00
2397411.8,4295140.5,116362,2005-10-15 00:00:00,2005-10-17 00:00:00
2336717.8,4295140.5,116375,2005-10-12 00:00:00,2005-10-12 00:00:00
2388608.8,4295140.5,116376,2008-11-02 00:00:00,2008-11-02 00:00:00
2389535.5,4295140.5,116377,2006-11-29 00:00:00,2006-11-29 00:00:00
2390462.0,4295140.5,116378,2010-10-15 00:00:00,2010-10-16 00:00:00
2392315.2,4295140.5,116379,2008-11-02 00:00:00,2008-11-02 00:00:00
2393242.0,4295140.5,116380,2010-10-23 00:00:00,2010-10-23 00:00:00
2394168.5,4294677.5,116381,2010-10-16 00:00:00,2010-10-20 00:00:00
2394631.8,4295140.5,116382,2004-10-13 00:00:00,2004-10-13 00:00:00
2289923.2,4294214.0,116393,2019-09-01 00:00:00,2019-09-02 00:00:00
2332084.8,4294677.5,116394,2005-10-14 00:00:00,2005-10-14 00:00:00
2335791.2,4294214.0,116395,2019-10-05 00:00:00,2019-10-15 00:00:00
2341351.0,4294677.5,116396,2007-09-24 00:00:00,2007-09-24 00:00:00
2389072.0,4294677.5,116397,2005-10-12 00:00:00,2005-10-12 00:00:00
2390462.0,4294677.5,116398,2006-11-12 00:00:00,2006-11-12 00:00:00
2389072.0,4294214.0,116399,2007-10-01 00:00:00,2007-10-01 00:00:00
2391388.8,4294677.5,116400,2008-11-02 00:00:00,2008-11-02 00:00:00
2336717.8,4294214.0,116414,2005-10-19 00:00:00,2005-10-22 00:00:00
2337181.0,4294214.0,116415,2019-10-25 00:00:00,2019-10-25 00:00:00
2336717.8,4292361.0,116425,2019-10-10 00:00:00,2019-10-17 00:00:00
2335791.2,4293287.5,116426,2007-09-22 00:00:00,2007-10-08 00:00:00
2335791.2,4293751.0,116427,2019-10-18 00:00:00,2019-10-18 00:00:00
2337644.5,4293751.0,116428,2019-10-15 00:00:00,2019-10-15 00:00:00
2360346.8,4290507.5,116429,2008-06-16 00:00:00,2008-06-19 00:00:00
2391388.8,4293751.0,116430,2007-09-23 00:00:00,2007-09-23 00:00:00
2396021.8,4290507.5,116431,2005-10-09 00:00:00,2005-10-23 00:00:00
2333474.5,4293287.5,116443,2007-09-19 00:00:00,2007-09-19 00:00:00
2333938.0,4293287.5,116444,2007-09-13 00:00:00,2007-09-13 00:00:00
2347374.0,4292361.0,116445,2004-10-23 00:00:00,2004-10-29 00:00:00
2349690.5,4291434.0,116446,2004-11-23 00:00:00,2004-11-26 00:00:00
2395558.5,4291897.5,116447,2012-09-30 00:00:00,2012-10-12 00:00:00
2397875.0,4290971.0,116448,2010-10-01 00:00:00,2010-10-03 00:00:00
2399728.2,4293287.5,116449,2010-10-13 00:00:00,2010-10-20 00:00:00
2399265.0,4291897.5,116450,2008-10-03 00:00:00,2008-10-06 00:00:00
2336717.8,4292824.0,116465,2007-10-17 00:00:00,2007-10-17 00:00:00
2338107.8,4292361.0,116466,2019-10-30 00:00:00,2019-11-05 00:00:00
2393705.2,4292361.0,116467,2005-10-11 00:00:00,2005-10-19 00:00:00
2397411.8,4292824.0,116468,2008-09-20 00:00:00,2008-09-25 00:00:00
2397875.0,4292824.0,116469,2010-09-29 00:00:00,2010-10-04 00:00:00
2402971.5,4284484.5,116470,2007-09-13 00:00:00,2007-10-01 00:00:00
2334401.2,4292361.0,116484,2007-09-17 00:00:00,2007-09-17 00:00:00
2346447.2,4292361.0,116485,2004-11-09 00:00:00,2004-11-11 00:00:00
2356177.0,4290971.0,116486,2011-08-22 00:00:00,2011-08-24 00:00:00
2393242.0,4292361.0,116487,2005-10-01 00:00:00,2005-10-04 00:00:00
2393242.0,4292361.0,116488,2015-09-22 00:00:00,2015-09-22 00:00:00
2394168.5,4291897.5,116489,2005-10-25 00:00:00,2005-10-25 00:00:00
2399265.0,4291897.5,116490,2012-10-05 00:00:00,2012-10-12 00:00:00
2336254.5,4291897.5,116501,2001-10-21 00:00:00,2001-10-24 00:00:00
2337181.0,4291897.5,116502,2019-10-03 00:00:00,2019-10-03 00:00:00
2396485.0,4291897.5,116503,2008-10-01 00:00:00,2008-10-01 00:00:00
2397875.0,4287727.5,116504,2013-09-29 00:00:00,2013-10-08 00:00:00
2399728.2,4291897.5,116505,2015-10-06 00:00:00,2015-10-06 00:00:00
2346910.8,4291434.0,116524,2004-10-16 00:00:00,2004-10-24 00:00:00
2394168.5,4291434.0,116525,2005-10-16 00:00:00,2005-10-16 00:00:00
2394631.8,4291434.0,116526,2005-10-09 00:00:00,2005-10-09 00:00:00
2395095.2,4291434.0,116527,2005-10-15 00:00:00,2005-10-16 00:00:00
2395558.5,4291434.0,116528,2005-10-09 00:00:00,2005-10-09 00:00:00
2395558.5,4290971.0,116529,2013-10-05 00:00:00,2013-10-07 00:00:00
2396485.0,4291434.0,116530,2013-09-22 00:00:00,2013-09-22 00:00:00
2398801.8,4291434.0,116531,2010-10-01 00:00:00,2010-10-01 00:00:00
2291313.2,4290507.5,116548,2004-09-03 00:00:00,2004-09-04 00:00:00
2398801.8,4290971.0,116549,2015-09-29 00:00:00,2015-09-29 00:00:00
2400191.5,4290507.5,116550,2017-09-18 00:00:00,2017-09-30 00:00:00
2400191.5,4290507.5,116551,2013-09-22 00:00:00,2013-09-22 00:00:00
2395558.5,4290507.5,116562,2005-10-08 00:00:00,2005-10-08 00:00:00
2397411.8,4290507.5,116563,2013-09-28 00:00:00,2013-09-29 00:00:00
2398801.8,4290044.5,116564,2014-11-02 00:00:00,2014-11-03 00:00:00
2402971.5,4285874.5,116565,2010-09-28 00:00:00,2010-10-08 00:00:00
2398801.8,4290507.5,116566,2015-10-05 00:00:00,2015-10-08 00:00:00
2395558.5,4290044.5,116567,2007-09-13 00:00:00,2007-09-13 00:00:00
2400655.0,4290507.5,116568,2017-10-10 00:00:00,2017-10-10 00:00:00
2403898.0,4285874.5,116581,2016-09-20 00:00:00,2016-10-02 00:00:00
2402044.8,4290044.5,116582,2007-09-13 00:00:00,2007-09-14 00:00:00
2341351.0,4289581.0,116598,2019-10-11 00:00:00,2019-10-11 00:00:00
2396485.0,4289581.0,116599,2014-11-01 00:00:00,2014-11-02 00:00:00
2396485.0,4288654.5,116600,2010-10-16 00:00:00,2010-10-16 00:00:00
2397411.8,4289581.0,116601,2013-09-19 00:00:00,2013-09-21 00:00:00
2399728.2,4289117.5,116602,2013-09-19 00:00:00,2013-09-24 00:00:00
2399728.2,4289581.0,116603,2017-09-17 00:00:00,2017-09-17 00:00:00
2401118.2,4287264.5,116604,2015-09-22 00:00:00,2015-09-27 00:00:00
2399265.0,4289117.5,116617,2014-11-01 00:00:00,2014-11-01 00:00:00
2399265.0,4289117.5,116618,2015-10-13 00:00:00,2015-10-13 00:00:00
2377489.2,4288191.0,116619,2007-08-12 00:00:00,2007-08-14 00:00:00
2400655.0,4289117.5,116620,2015-10-03 00:00:00,2015-10-03 00:00:00
2402508.2,4288191.0,116621,2013-09-17 00:00:00,2013-09-21 00:00:00
2402971.5,4289117.5,116622,2012-10-08 00:00:00,2012-10-09 00:00:00
2403434.8,4289117.5,116623,2013-10-21 00:00:00,2013-10-21 00:00:00
2403898.0,4289117.5,116624,2015-10-05 00:00:00,2015-10-14 00:00:00
2401581.5,4288191.0,116625,2015-10-04 00:00:00,2015-10-06 00:00:00
2341351.0,4288191.0,116633,2001-10-14 00:00:00,2001-10-21 00:00:00
2347837.2,4288654.5,116634,2005-10-17 00:00:00,2005-10-17 00:00:00
2401581.5,4288654.5,116635,2006-10-01 00:00:00,2006-10-01 00:00:00
2402508.2,4288654.5,116636,2006-10-12 00:00:00,2006-10-12 00:00:00
2401581.5,4287727.5,116637,2008-09-23 00:00:00,2008-09-24 00:00:00
2402971.5,4288654.5,116638,2016-10-11 00:00:00,2016-10-11 00:00:00
2402971.5,4288654.5,116639,2017-10-11 00:00:00,2017-10-11 00:00:00
2404824.8,4284948.0,116640,2019-10-02 00:00:00,2019-10-10 00:00:00
2403898.0,4288654.5,116641,2013-09-21 00:00:00,2013-09-21 00:00:00
2404824.8,4288654.5,116642,2007-09-14 00:00:00,2007-09-14 00:00:00
2408068.0,4288654.5,116643,2007-09-10 00:00:00,2007-09-14 00:00:00
2398338.2,4288191.0,116665,2010-10-13 00:00:00,2010-10-13 00:00:00
2403898.0,4284948.0,116666,2011-10-09 00:00:00,2011-10-12 00:00:00
2402044.8,4287727.5,116667,2019-09-25 00:00:00,2019-09-30 00:00:00
2404824.8,4288191.0,116668,2014-10-11 00:00:00,2014-10-13 00:00:00
2404824.8,4286801.0,116669,2015-09-21 00:00:00,2015-09-27 00:00:00
2405288.0,4287264.5,116670,2015-10-01 00:00:00,2015-10-07 00:00:00
2408531.2,4288191.0,116671,2007-09-28 00:00:00,2007-09-30 00:00:00
2396485.0,4287727.5,116688,2010-10-16 00:00:00,2010-10-16 00:00:00
2401581.5,4287264.5,116689,2008-09-26 00:00:00,2008-10-07 00:00:00
2400655.0,4287727.5,116690,2008-10-18 00:00:00,2008-10-18 00:00:00
2402044.8,4287727.5,116691,2014-11-01 00:00:00,2014-11-01 00:00:00
2403434.8,4287727.5,116692,2006-10-12 00:00:00,2006-10-12 00:00:00
2404824.8,4287727.5,116693,2007-09-13 00:00:00,2007-09-17 00:00:00
2405751.2,4287727.5,116694,2010-10-20 00:00:00,2010-10-20 00:00:00
2350153.8,4287264.5,116706,2005-10-19 00:00:00,2005-10-19 00:00:00
2399265.0,4287264.5,116707,2010-10-13 00:00:00,2010-10-13 00:00:00
2401581.5,4287264.5,116708,2006-09-30 00:00:00,2006-09-30 00:00:00
2402508.2,4286338.0,116709,2006-09-29 00:00:00,2006-10-06 00:00:00
2402508.2,4285874.5,116710,2015-10-05 00:00:00,2015-10-13 00:00:00
2403898.0,4286801.0,116711,2010-10-20 00:00:00,2010-10-20 00:00:00
2413164.5,4286801.0,116712,2021-11-07 00:00:00,2021-11-10 00:00:00
2355250.2,4284948.0,116730,2002-07-01 00:00:00,2002-07-05 00:00:00
2377489.2,4284484.5,116731,2007-08-14 00:00:00,2007-08-18 00:00:00
2394168.5,4286801.0,116732,2021-06-19 00:00:00,2021-06-21 00:00:00
2402508.2,4286338.0,116733,2014-10-17 00:00:00,2014-10-17 00:00:00
2402508.2,4286801.0,116734,2006-10-10 00:00:00,2006-10-10 00:00:00
2403434.8,4286801.0,116735,2019-09-25 00:00:00,2019-09-26 00:00:00
2349227.2,4285874.5,116752,2002-10-17 00:00:00,2002-10-17 00:00:00
2401581.5,4285874.5,116753,2007-09-23 00:00:00,2007-09-23 00:00:00
2403434.8,4285874.5,116754,2008-09-30 00:00:00,2008-10-05 00:00:00
2404824.8,4286338.0,116755,2019-10-19 00:00:00,2019-10-19 00:00:00
2407604.8,4285874.5,116756,2013-10-03 00:00:00,2013-10-03 00:00:00
2349227.2,4285411.0,116763,2002-10-25 00:00:00,2002-10-25 00:00:00
2402508.2,4285411.0,116764,2014-10-29 00:00:00,2014-11-03 00:00:00
2402508.2,4285874.5,116765,2019-09-30 00:00:00,2019-09-30 00:00:00
2404361.5,4284948.0,116766,2019-09-25 00:00:00,2019-09-25 00:00:00
2404361.5,4285874.5,116767,2011-10-26 00:00:00,2011-10-26 00:00:00
2404824.8,4285874.5,116768,2014-10-07 00:00:00,2014-10-11 00:00:00
2405751.2,4285874.5,116769,2013-10-07 00:00:00,2013-10-09 00:00:00
2406678.0,4285874.5,116770,2015-09-24 00:00:00,2015-09-24 00:00:00
2407141.2,4285874.5,116771,2013-10-19 00:00:00,2013-10-19 00:00:00
2255638.0,4281704.5,116784,2007-07-24 00:00:00,2007-07-27 00:00:00
2278803.8,4284948.0,116785,2012-08-06 00:00:00,2012-08-09 00:00:00
2400655.0,4285411.0,116786,2007-09-20 00:00:00,2007-09-20 00:00:00
2401118.2,4285411.0,116787,2007-09-13 00:00:00,2007-09-13 00:00:00
2403434.8,4285411.0,116788,2013-10-09 00:00:00,2013-10-09 00:00:00
2404824.8,4284948.0,116789,2014-10-17 00:00:00,2014-10-20 00:00:00
2404361.5,4285411.0,116790,2013-10-16 00:00:00,2013-10-16 00:00:00
2404824.8,4285411.0,116791,2013-10-03 00:00:00,2013-10-03 00:00:00
2404824.8,4285411.0,116792,2019-10-18 00:00:00,2019-10-18 00:00:00
2405751.2,4285411.0,116793,2015-10-07 00:00:00,2015-10-07 00:00:00
2410384.5,4284948.0,116794,2007-09-23 00:00:00,2007-09-23 00:00:00
2412701.0,4284948.0,116795,2016-09-23 00:00:00,2016-09-23 00:00:00
2412237.8,4285411.0,116796,2016-09-14 00:00:00,2016-09-14 00:00:00
2414091.0,4284021.0,116797,2021-11-07 00:00:00,2021-11-07 00:00:00
2261661.0,4280314.5,116820,2011-08-25 00:00:00,2011-08-30 00:00:00
2269074.0,4284948.0,116821,2002-07-27 00:00:00,2002-07-27 00:00:00
2347837.2,4284948.0,116822,2005-10-19 00:00:00,2005-10-20 00:00:00
2403434.8,4284484.5,116823,2015-10-07 00:00:00,2015-10-07 00:00:00
2404361.5,4284948.0,116824,2013-10-10 00:00:00,2013-10-10 00:00:00
2404361.5,4284948.0,116825,2017-10-02 00:00:00,2017-10-02 00:00:00
2404361.5,4284484.5,116826,2008-09-30 00:00:00,2008-10-01 00:00:00
2404824.8,4284948.0,116827,2013-10-24 00:00:00,2013-10-24 00:00:00
2413164.5,4283558.0,116828,2021-10-15 00:00:00,2021-10-23 00:00:00
2345520.8,4284484.5,116843,2014-05-15 00:00:00,2014-05-15 00:00:00
2401118.2,4284484.5,116844,2015-10-07 00:00:00,2015-10-07 00:00:00
2401581.5,4284021.0,116860,2014-11-02 00:00:00,2014-11-02 00:00:00
2402044.8,4283094.5,116861,2021-10-20 00:00:00,2021-10-24 00:00:00
2404361.5,4283558.0,116879,2015-10-09 00:00:00,2015-10-09 00:00:00
2345984.0,4282631.5,116896,2014-05-19 00:00:00,2014-05-22 00:00:00
2349690.5,4282631.5,116912,2014-05-11 00:00:00,2014-05-11 00:00:00
2404361.5,4282631.5,116913,2015-10-11 00:00:00,2015-10-11 00:00:00
2373319.5,4278924.5,116982,2009-07-16 00:00:00,2009-07-17 00:00:00
2424747.2,4279388.0,116983,2013-08-04 00:00:00,2013-08-04 00:00:00
2315405.5,4277998.0,117003,2004-07-20 00:00:00,2004-07-21 00:00:00
2427527.0,4275218.0,117015,2020-07-30 00:00:00,2020-08-05 00:00:00
2387682.2,4277535.0,117040,2003-06-01 00:00:00,2003-06-01 00:00:00
2307529.0,4275218.0,117060,2021-08-13 00:00:00,2021-08-18 00:00:00
2387218.8,4276145.0,117076,2003-06-01 00:00:00,2003-06-02 00:00:00
2428917.0,4276608.0,117077,2001-09-06 00:00:00,2001-09-06 00:00:00
2260734.5,4275681.5,117082,2016-08-25 00:00:00,2016-08-27 00:00:00
2306602.5,4275681.5,117083,2016-09-15 00:00:00,2016-09-15 00:00:00
2307992.5,4274755.0,117102,2005-09-06 00:00:00,2005-09-08 00:00:00
2265831.0,4250199.5,117124,2012-08-14 00:00:00,2012-08-25 00:00:00
2263977.8,4270122.0,117148,2024-06-30 00:00:00,2024-07-06 00:00:00
2311699.0,4272438.5,117202,2020-08-11 00:00:00,2020-08-16 00:00:00
2318648.5,4269195.0,117313,2021-08-07 00:00:00,2021-08-08 00:00:00
2306139.2,4261782.0,117414,2007-07-06 00:00:00,2007-07-17 00:00:00
2332084.8,4265488.5,117458,2024-07-30 00:00:00,2024-07-30 00:00:00
2306139.2,4261782.0,117575,2024-06-28 00:00:00,2024-06-30 00:00:00
2371929.5,4261319.0,117576,2024-07-13 00:00:00,2024-07-21 00:00:00
2314478.8,4259929.0,117624,2007-07-12 00:00:00,2007-07-14 00:00:00
2424284.0,4256222.5,117647,2017-07-24 00:00:00,2017-07-29 00:00:00
2269074.0,4255296.0,117675,2016-07-22 00:00:00,2016-07-28 00:00:00
2425673.8,4261319.0,117676,2017-08-03 00:00:00,2017-08-03 00:00:00
2403898.0,4257149.0,117702,2005-08-12 00:00:00,2005-08-16 00:00:00
2377952.5,4258075.5,117751,2016-08-03 00:00:00,2016-08-04 00:00:00
2354323.8,4247419.5,117773,2019-08-15 00:00:00,2019-08-21 00:00:00
2293629.8,4258539.0,117774,2011-08-11 00:00:00,2011-08-11 00:00:00
2364516.5,4256222.5,117875,2004-07-18 00:00:00,2004-07-20 00:00:00
2311235.5,4253442.5,117919,2022-07-12 00:00:00,2022-07-18 00:00:00
2377489.2,4254369.0,117941,2005-05-27 00:00:00,2005-05-30 00:00:00
2308455.8,4255296.0,117968,2019-08-06 00:00:00,2019-08-06 00:00:00
2317258.8,4254832.5,117969,2003-09-18 00:00:00,2003-09-19 00:00:00
2344594.0,4255296.0,117999,2007-06-28 00:00:00,2007-06-30 00:00:00
2345057.5,4254832.5,118000,2012-08-20 00:00:00,2012-08-20 00:00:00
2425673.8,4253442.5,118037,2001-08-07 00:00:00,2001-08-10 00:00:00
2374246.0,4254369.0,118062,2005-05-30 00:00:00,2005-05-30 00:00:00
2426600.5,4253906.0,118088,2001-08-16 00:00:00,2001-08-16 00:00:00
2300579.5,4252052.5,118144,2008-07-10 00:00:00,2008-07-11 00:00:00
2329304.8,4248809.5,118196,2024-07-29 00:00:00,2024-07-29 00:00:00
2301042.8,4251126.0,118232,2024-07-15 00:00:00,2024-07-15 00:00:00
2386755.5,4249272.5,118233,2005-05-25 00:00:00,2005-06-04 00:00:00
2367759.8,4248809.5,118256,2008-07-19 00:00:00,2008-07-25 00:00:00
2332084.8,4248346.0,118304,2019-08-15 00:00:00,2019-08-19 00:00:00
2375636.0,4248346.0,118328,2023-07-09 00:00:00,2023-07-10 00:00:00
2276487.2,4248346.0,118340,2011-08-11 00:00:00,2011-08-12 00:00:00
2370076.2,4246956.0,118404,2008-07-27 00:00:00,2008-07-27 00:00:00
2380269.2,4245566.0,118405,2009-10-18 00:00:00,2009-10-19 00:00:00
2391852.0,4246956.0,118406,2005-06-04 00:00:00,2005-06-04 00:00:00
2372856.2,4246029.5,118420,2007-05-21 00:00:00,2007-05-21 00:00:00
2392315.2,4246493.0,118421,2018-06-30 00:00:00,2018-06-30 00:00:00
2390925.2,4246029.5,118432,2005-06-02 00:00:00,2005-06-02 00:00:00
2391388.8,4246029.5,118433,2013-05-13 00:00:00,2013-05-13 00:00:00
2411774.5,4244176.5,118434,2024-07-19 00:00:00,2024-07-30 00:00:00
2443743.0,4246029.5,118435,2021-05-01 00:00:00,2021-05-01 00:00:00
2380269.2,4245566.0,118451,2013-10-19 00:00:00,2013-10-19 00:00:00
2441426.5,4245103.0,118452,2008-10-11 00:00:00,2008-10-12 00:00:00
2377489.2,4245103.0,118465,2009-11-15 00:00:00,2009-11-15 00:00:00
2380732.5,4243249.5,118466,2014-10-06 00:00:00,2014-10-13 00:00:00
2394168.5,4244176.5,118467,2005-06-01 00:00:00,2005-06-02 00:00:00
2440963.2,4245103.0,118468,2008-10-26 00:00:00,2008-10-30 00:00:00
2360346.8,4240006.5,118477,2016-08-01 00:00:00,2016-08-08 00:00:00
2366369.8,4242786.5,118478,2017-06-28 00:00:00,2017-07-04 00:00:00
2440499.8,4244639.5,118479,2008-10-12 00:00:00,2008-10-12 00:00:00
2377026.0,4243249.5,118494,2013-10-01 00:00:00,2013-10-06 00:00:00
2379342.5,4244176.5,118495,2013-10-03 00:00:00,2013-10-03 00:00:00
2440499.8,4244176.5,118496,2008-10-18 00:00:00,2008-10-18 00:00:00
2382122.5,4243713.0,118502,2010-10-02 00:00:00,2010-10-02 00:00:00
2434940.0,4241859.5,118503,2003-11-11 00:00:00,2003-11-16 00:00:00
2437720.0,4243713.0,118504,2008-10-16 00:00:00,2008-10-16 00:00:00
2440963.2,4243249.5,118505,2008-10-11 00:00:00,2008-10-12 00:00:00
2377952.5,4243249.5,118512,2013-10-01 00:00:00,2013-10-01 00:00:00
2381659.0,4243249.5,118513,2013-10-03 00:00:00,2013-10-06 00:00:00
2420577.5,4242786.5,118514,2024-07-25 00:00:00,2024-07-29 00:00:00
2410384.5,4242786.5,118522,2024-07-25 00:00:00,2024-07-29 00:00:00
2439573.2,4242786.5,118523,2008-10-09 00:00:00,2008-10-09 00:00:00
2348300.5,4239080.0,118531,2020-07-30 00:00:00,2020-08-02 00:00:00
2347374.0,4242323.0,118532,2017-10-18 00:00:00,2017-10-18 00:00:00
2430307.0,4241859.5,118533,2003-11-12 00:00:00,2003-11-17 00:00:00
2441426.5,4242323.0,118534,2008-10-21 00:00:00,2008-10-21 00:00:00
2440499.8,4241859.5,118540,2008-10-11 00:00:00,2008-10-11 00:00:00
2353860.2,4230740.0,118545,2009-08-07 00:00:00,2009-08-12 00:00:00
2379805.8,4240933.0,118546,2013-10-01 00:00:00,2013-10-04 00:00:00
2383049.0,4241396.5,118547,2014-10-01 00:00:00,2014-10-05 00:00:00
2430770.2,4241859.5,118548,2003-11-22 00:00:00,2003-11-22 00:00:00
2401581.5,4240933.0,118556,2010-10-02 00:00:00,2010-10-02 00:00:00
2433086.8,4240006.5,118557,2003-11-09 00:00:00,2003-11-17 00:00:00
2400655.0,4240470.0,118559,2013-10-21 00:00:00,2013-10-21 00:00:00
2402044.8,4239080.0,118560,2010-10-07 00:00:00,2010-10-12 00:00:00
2402044.8,4240470.0,118561,2010-10-21 00:00:00,2010-10-21 00:00:00
2402971.5,4240006.5,118565,2023-08-04 00:00:00,2023-08-04 00:00:00
2358956.8,4238153.0,118566,2011-08-22 00:00:00,2011-08-25 00:00:00
2393705.2,4237226.5,118576,2008-10-01 00:00:00,2008-10-06 00:00:00
2400191.5,4238153.0,118577,2023-08-02 00:00:00,2023-08-02 00:00:00
2414091.0,4238153.0,118578,2024-07-22 00:00:00,2024-07-22 00:00:00
2355713.5,4235373.5,118583,2004-07-01 00:00:00,2004-07-04 00:00:00
2395095.2,4237226.5,118584,2008-09-25 00:00:00,2008-09-25 00:00:00
2391388.8,4234910.0,118589,2018-07-13 00:00:00,2018-07-14 00:00:00
2418724.2,4236300.0,118590,2007-06-18 00:00:00,2007-06-18 00:00:00
2404361.5,4235836.5,118593,2024-07-25 00:00:00,2024-07-29 00:00:00
2391388.8,4234910.0,118603,2003-07-16 00:00:00,2003-07-16 00:00:00
2408068.0,4233520.0,118604,2024-06-28 00:00:00,2024-07-01 00:00:00
2407141.2,4233520.0,118606,2011-08-19 00:00:00,2011-08-20 00:00:00
2379342.5,4228423.5,118637,2020-07-31 00:00:00,2020-08-03 00:00:00
2383975.8,4225644.0,118638,2007-07-06 00:00:00,2007-07-13 00:00:00
2382122.5,4228423.5,118640,2005-06-21 00:00:00,2005-06-23 00:00:00
2459032.2,4227960.5,118643,2015-08-24 00:00:00,2015-08-28 00:00:00
2403434.8,4222864.0,118667,2008-07-10 00:00:00,2008-07-11 00:00:00
2451156.0,4217767.5,118700,2007-08-25 00:00:00,2007-08-29 00:00:00
2396485.0,4209428.0,118720,2006-08-18 00:00:00,2006-08-25 00:00:00
2394168.5,4214524.5,118736,2024-06-28 00:00:00,2024-07-02 00:00:00
2450229.5,4210818.0,118889,2020-08-03 00:00:00,2020-08-03 00:00:00
2477101.5,4210354.5,118890,2021-10-17 00:00:00,2021-10-21 00:00:00
2468762.0,4207111.5,118897,2015-04-12 00:00:00,2015-04-12 00:00:00
2469688.5,4210354.5,118923,2015-04-22 00:00:00,2015-04-27 00:00:00
2477101.5,4209891.0,118933,2016-09-23 00:00:00,2016-09-23 00:00:00
2467835.2,4208038.0,118959,2016-09-22 00:00:00,2016-09-22 00:00:00
2434013.5,4206184.5,118986,2010-03-13 00:00:00,2010-03-26 00:00:00
2474785.0,4207574.5,118987,2015-10-24 00:00:00,2015-10-24 00:00:00
2453936.0,4204794.5,119013,2003-11-09 00:00:00,2003-11-17 00:00:00
2467372.0,4206648.0,119014,2016-09-30 00:00:00,2016-09-30 00:00:00
2420577.5,4203868.0,119027,2013-10-17 00:00:00,2013-10-22 00:00:00
2416871.0,4205721.5,119035,2013-10-19 00:00:00,2013-10-20 00:00:00
2462275.5,4204331.5,119036,2008-09-28 00:00:00,2008-10-06 00:00:00
2478954.8,4205721.5,119037,2013-07-25 00:00:00,2013-07-25 00:00:00
2420577.5,4205258.0,119045,2013-10-19 00:00:00,2013-10-19 00:00:00
2420114.0,4203405.0,119046,2010-09-25 00:00:00,2010-10-04 00:00:00
2436330.0,4205258.0,119047,2010-03-27 00:00:00,2010-03-27 00:00:00
2453472.5,4204794.5,119048,2011-10-19 00:00:00,2011-10-24 00:00:00
2461349.0,4205258.0,119049,2008-10-16 00:00:00,2008-10-16 00:00:00
2412701.0,4204331.5,119062,2022-07-25 00:00:00,2022-07-28 00:00:00
2418260.8,4204794.5,119063,2013-10-03 00:00:00,2013-10-08 00:00:00
2424284.0,4204794.5,119064,2008-09-25 00:00:00,2008-09-29 00:00:00
2428453.8,4204794.5,119065,2003-04-27 00:00:00,2003-04-27 00:00:00
2426137.2,4203405.0,119066,2013-10-07 00:00:00,2013-10-24 00:00:00
2428917.0,4204794.5,119067,2008-11-02 00:00:00,2008-11-02 00:00:00
2419650.8,4204331.5,119081,2007-09-20 00:00:00,2007-10-01 00:00:00
2420577.5,4204331.5,119083,2007-09-15 00:00:00,2007-09-15 00:00:00
2421504.0,4203405.0,119084,2007-09-21 00:00:00,2007-09-24 00:00:00
2420114.0,4203868.0,119085,2013-10-10 00:00:00,2013-10-10 00:00:00
2423820.5,4203868.0,119086,2013-10-19 00:00:00,2013-10-21 00:00:00
2433550.2,4204331.5,119087,2010-03-19 00:00:00,2010-03-21 00:00:00
2463665.5,4204331.5,119088,2008-09-25 00:00:00,2008-09-25 00:00:00
2451619.2,4203405.0,119092,2011-10-22 00:00:00,2011-10-22 00:00:00
2421040.8,4203868.0,119102,2013-10-05 00:00:00,2013-10-05 00:00:00
2426137.2,4202941.5,119103,2008-10-16 00:00:00,2008-10-18 00:00:00
2427063.8,4203405.0,119104,2008-10-18 00:00:00,2008-10-19 00:00:00
2427527.0,4203868.0,119105,2008-10-07 00:00:00,2008-10-11 00:00:00
2436330.0,4203868.0,119106,2008-10-05 00:00:00,2008-10-05 00:00:00
2437256.8,4203868.0,119107,2008-10-05 00:00:00,2008-10-05 00:00:00
2424747.2,4203405.0,119118,2008-10-03 00:00:00,2008-10-03 00:00:00
2427527.0,4203405.0,119119,2013-10-12 00:00:00,2013-10-12 00:00:00
2441889.8,4203405.0,119120,2007-09-25 00:00:00,2007-09-25 00:00:00
2415481.0,4202941.5,119126,2013-10-08 00:00:00,2013-10-08 00:00:00
2416871.0,4202941.5,119127,2013-10-08 00:00:00,2013-10-08 00:00:00
2420577.5,4202015.0,119128,2007-09-12 00:00:00,2007-09-25 00:00:00
2420114.0,4201551.5,119129,2013-10-08 00:00:00,2013-10-12 00:00:00
2421040.8,4202941.5,119130,2008-09-30 00:00:00,2008-09-30 00:00:00
2421040.8,4202941.5,119131,2010-09-20 00:00:00,2010-09-20 00:00:00
2421040.8,4202941.5,119132,2013-10-01 00:00:00,2013-10-01 00:00:00
2423820.5,4202015.0,119133,2008-09-30 00:00:00,2008-10-05 00:00:00
2431697.0,4202941.5,119134,2008-10-31 00:00:00,2008-10-31 00:00:00
2435866.8,4202478.0,119135,2010-10-17 00:00:00,2010-10-22 00:00:00
2441889.8,4202941.5,119136,2007-10-01 00:00:00,2007-10-01 00:00:00
2445133.0,4201088.0,119137,2004-12-02 00:00:00,2004-12-06 00:00:00
2416871.0,4202478.0,119150,2013-10-17 00:00:00,2013-10-19 00:00:00
2418724.2,4202478.0,119151,2008-09-30 00:00:00,2008-09-30 00:00:00
2421040.8,4202015.0,119152,2008-10-17 00:00:00,2008-10-19 00:00:00
2429843.8,4202478.0,119153,2008-11-02 00:00:00,2008-11-02 00:00:00
2417797.5,4201551.5,119162,2007-10-04 00:00:00,2007-10-06 00:00:00
2419187.5,4202015.0,119163,2013-10-02 00:00:00,2013-10-02 00:00:00
2421504.0,4201551.5,119164,2008-10-03 00:00:00,2008-10-03 00:00:00
2423357.2,4201551.5,119165,2013-10-01 00:00:00,2013-10-03 00:00:00
2423820.5,4202015.0,119166,2002-04-30 00:00:00,2002-05-02 00:00:00
2423820.5,4202015.0,119167,2007-10-06 00:00:00,2007-10-06 00:00:00
2427063.8,4202015.0,119168,2013-10-08 00:00:00,2013-10-08 00:00:00
2428917.0,4202015.0,119169,2008-10-16 00:00:00,2008-10-20 00:00:00
2431697.0,4201551.5,119170,2002-05-03 00:00:00,2002-05-10 00:00:00
2435403.5,4202015.0,119171,2008-10-17 00:00:00,2008-10-17 00:00:00
2437720.0,4201551.5,119172,2010-09-27 00:00:00,2010-10-06 00:00:00
2440963.2,4202015.0,119173,2007-09-21 00:00:00,2007-09-26 00:00:00
2360810.0,4201088.0,119184,2021-07-14 00:00:00,2021-07-17 00:00:00
2417797.5,4201088.0,119185,2008-09-30 00:00:00,2008-09-30 00:00:00
2421967.2,4201551.5,119186,2013-10-01 00:00:00,2013-10-01 00:00:00
2428917.0,4201551.5,119187,2013-10-03 00:00:00,2013-10-03 00:00:00
2433550.2,4201088.0,119188,2005-10-31 00:00:00,2005-11-01 00:00:00
2433550.2,4201551.5,119189,2010-10-22 00:00:00,2010-10-22 00:00:00
2434940.0,4200161.5,119190,2002-05-01 00:00:00,2002-05-08 00:00:00
2435403.5,4201551.5,119191,2010-10-17 00:00:00,2010-10-21 00:00:00
2438183.2,4200625.0,119192,2016-11-12 00:00:00,2016-11-17 00:00:00
2417797.5,4200625.0,119203,2013-10-18 00:00:00,2013-10-19 00:00:00
2418260.8,4201088.0,119204,2008-10-18 00:00:00,2008-10-18 00:00:00
2421504.0,4201088.0,119205,2007-09-28 00:00:00,2007-09-28 00:00:00
2423357.2,4201088.0,119206,2008-10-18 00:00:00,2008-10-19 00:00:00
2439573.2,4201088.0,119207,2010-11-01 00:00:00,2010-11-01 00:00:00
2441889.8,4201088.0,119208,2010-11-01 00:00:00,2010-11-01 00:00:00
2442353.0,4201088.0,119209,2016-11-13 00:00:00,2016-11-13 00:00:00
2443279.8,4201088.0,119210,2007-09-10 00:00:00,2007-09-17 00:00:00
2438183.2,4200625.0,119221,2007-09-23 00:00:00,2007-09-28 00:00:00
2439573.2,4200625.0,119222,2007-10-14 00:00:00,2007-10-14 00:00:00
2442816.5,4199235.0,119228,2007-08-18 00:00:00,2007-08-18 00:00:00
2420114.0,4200161.5,119233,2008-10-03 00:00:00,2008-10-03 00:00:00
2440963.2,4199698.5,119234,2010-09-25 00:00:00,2010-09-30 00:00:00
2443279.8,4200161.5,119235,2008-09-30 00:00:00,2008-10-01 00:00:00
2362200.0,4199698.5,119254,2021-07-15 00:00:00,2021-07-17 00:00:00
2421504.0,4199698.5,119255,2008-11-02 00:00:00,2008-11-02 00:00:00
2439573.2,4199698.5,119256,2010-09-30 00:00:00,2010-09-30 00:00:00
2442816.5,4199698.5,119257,2005-10-03 00:00:00,2005-10-03 00:00:00
2443279.8,4199235.0,119263,2007-08-29 00:00:00,2007-08-29 00:00:00
2363126.5,4197381.5,119268,2010-07-28 00:00:00,2010-08-04 00:00:00
2418724.2,4199235.0,119269,2002-04-30 00:00:00,2002-04-30 00:00:00
2421967.2,4199235.0,119270,2008-10-03 00:00:00,2008-10-03 00:00:00
2421967.2,4198771.5,119271,2010-09-27 00:00:00,2010-10-01 00:00:00
2441889.8,4199235.0,119272,2008-10-02 00:00:00,2008-10-02 00:00:00
2369149.8,4197845.0,119286,2010-07-21 00:00:00,2010-07-21 00:00:00
2412701.0,4198308.5,119287,2003-11-10 00:00:00,2003-11-11 00:00:00
2413164.5,4196918.5,119288,2003-11-14 00:00:00,2003-11-17 00:00:00
2444206.2,4197845.0,119289,2008-10-01 00:00:00,2008-10-01 00:00:00
2415017.8,4197381.5,119291,2005-10-31 00:00:00,2005-10-31 00:00:00
2366833.0,4195992.0,119300,2007-07-07 00:00:00,2007-07-15 00:00:00
2367296.5,4196455.0,119301,2016-07-06 00:00:00,2016-07-12 00:00:00
2416407.5,4196455.0,119302,2003-11-12 00:00:00,2003-11-21 00:00:00
2342740.8,4197381.5,119317,2010-08-10 00:00:00,2010-08-10 00:00:00
2345984.0,4193211.8,119318,2010-07-31 00:00:00,2010-08-04 00:00:00
2413164.5,4197381.5,119319,2003-11-23 00:00:00,2003-11-23 00:00:00
2342740.8,4196918.5,119328,2010-07-26 00:00:00,2010-07-26 00:00:00
2412701.0,4196918.5,119329,2003-11-11 00:00:00,2003-11-11 00:00:00
2416407.5,4196918.5,119330,2005-11-06 00:00:00,2005-11-06 00:00:00
2416871.0,4196455.0,119331,2008-09-28 00:00:00,2008-10-03 00:00:00
2408068.0,4194138.2,119347,2020-09-26 00:00:00,2020-09-28 00:00:00
2415944.2,4195528.5,119348,2008-09-30 00:00:00,2008-09-30 00:00:00
2419187.5,4194602.0,119349,2008-09-25 00:00:00,2008-10-05 00:00:00
2415481.0,4195528.5,119361,2005-10-27 00:00:00,2005-10-27 00:00:00
2369613.0,4195065.0,119371,2007-07-15 00:00:00,2007-07-15 00:00:00
2413627.8,4194602.0,119388,2005-10-20 00:00:00,2005-10-28 00:00:00
2414554.2,4193211.8,119389,2005-10-09 00:00:00,2005-10-13 00:00:00
2415481.0,4194138.2,119406,2003-11-10 00:00:00,2003-11-10 00:00:00
2412237.8,4193675.0,119415,2005-10-31 00:00:00,2005-10-31 00:00:00
2418724.2,4193675.0,119416,2008-10-18 00:00:00,2008-10-18 00:00:00
2410847.8,4193211.8,119431,2005-10-10 00:00:00,2005-10-10 00:00:00
2414091.0,4193211.8,119432,2005-10-24 00:00:00,2005-10-27 00:00:00
2415017.8,4192748.2,119447,2005-10-03 00:00:00,2005-10-03 00:00:00
2418260.8,4192748.2,119448,2005-10-09 00:00:00,2005-10-16 00:00:00
2419187.5,4192285.0,119449,2005-10-21 00:00:00,2005-10-27 00:00:00
2408994.5,4191358.5,119468,2003-10-26 00:00:00,2003-10-27 00:00:00
2409921.2,4191821.8,119484,2009-06-10 00:00:00,2009-06-10 00:00:00
2419187.5,4191821.8,119485,2008-10-18 00:00:00,2008-10-18 00:00:00
2341814.2,4191358.5,119508,2022-07-11 00:00:00,2022-07-15 00:00:00
2406214.8,4189505.2,119509,2003-09-21 00:00:00,2003-09-27 00:00:00
2410384.5,4189968.5,119510,2003-11-09 00:00:00,2003-11-11 00:00:00
2419187.5,4191358.5,119511,2008-10-01 00:00:00,2008-10-01 00:00:00
2415017.8,4190895.0,119541,2020-10-16 00:00:00,2020-10-19 00:00:00
2405751.2,4186725.2,119745,2000-11-01 00:00:00,2000-11-01 00:00:00
2406214.8,4187188.5,119746,2011-11-01 00:00:00,2011-11-01 00:00:00
2407141.2,4187188.5,119747,2011-11-14 00:00:00,2011-11-14 00:00:00
2408994.5,4187188.5,119748,2000-11-01 00:00:00,2000-11-01 00:00:00
2407604.8,4185798.8,119819,2020-10-13 00:00:00,2020-10-13 00:00:00
2406214.8,4185798.8,119848,2016-12-09 00:00:00,2016-12-09 00:00:00
2315868.8,4183945.5,119965,2003-08-13 00:00:00,2003-08-13 00:00:00
2400191.5,4183018.8,119995,2004-07-04 00:00:00,2004-07-19 00:00:00
2415944.2,4183018.8,119996,2003-11-10 00:00:00,2003-11-13 00:00:00
2414091.0,4182092.2,119998,2003-11-11 00:00:00,2003-11-11 00:00:00
2415017.8,4182555.5,120051,2003-11-02 00:00:00,2003-11-02 00:00:00
2416407.5,4182555.5,120052,2003-10-31 00:00:00,2003-10-31 00:00:00
2487757.8,4182555.5,120053,2021-06-21 00:00:00,2021-06-21 00:00:00
2413164.5,4182092.2,120081,2020-10-15 00:00:00,2020-10-19 00:00:00
2403434.8,4181628.8,120096,2004-07-28 00:00:00,2004-07-28 00:00:00
2415481.0,4180702.2,120141,2003-11-02 00:00:00,2003-11-02 00:00:00
2415481.0,4180239.0,120142,2003-11-08 00:00:00,2003-11-20 00:00:00
2402044.8,4177459.0,120223,2014-10-31 00:00:00,2014-10-31 00:00:00
2408994.5,4177459.0,120224,2020-10-15 00:00:00,2020-10-22 00:00:00
2410384.5,4176995.8,120225,2005-10-03 00:00:00,2005-10-11 00:00:00
2413627.8,4177459.0,120226,2005-10-31 00:00:00,2005-10-31 00:00:00
2404824.8,4176995.8,120239,2021-10-21 00:00:00,2021-10-21 00:00:00
2402044.8,4176532.5,120248,2014-10-31 00:00:00,2014-10-31 00:00:00
2403898.0,4175142.5,120249,2021-10-09 00:00:00,2021-10-18 00:00:00
2409458.0,4176532.5,120250,2005-10-02 00:00:00,2005-10-02 00:00:00
2399728.2,4176069.0,120256,2014-10-31 00:00:00,2014-10-31 00:00:00
2412701.0,4175142.5,120276,2005-10-17 00:00:00,2005-10-22 00:00:00
2413164.5,4175605.8,120277,2005-11-04 00:00:00,2005-11-04 00:00:00
2411774.5,4174679.2,120287,2020-10-15 00:00:00,2020-10-19 00:00:00
2413627.8,4174215.8,120302,2005-11-04 00:00:00,2005-11-04 00:00:00
2415017.8,4173752.5,120310,2005-10-31 00:00:00,2005-10-31 00:00:00
2507680.2,4153366.8,120355,2021-07-30 00:00:00,2021-08-11 00:00:00
2475248.2,4167729.5,120375,2021-08-03 00:00:00,2021-08-11 00:00:00
2475711.5,4167729.5,120410,2021-08-12 00:00:00,2021-08-12 00:00:00
2437720.0,4165413.0,120433,2005-09-11 00:00:00,2005-09-12 00:00:00
2473858.2,4166339.5,120441,2020-07-31 00:00:00,2020-08-02 00:00:00
2475248.2,4164949.5,120483,2001-08-27 00:00:00,2001-08-27 00:00:00
2408531.2,4164486.2,120495,2020-05-24 00:00:00,2020-05-24 00:00:00
2411774.5,4162169.8,120547,2005-06-30 00:00:00,2005-07-03 00:00:00
2530382.5,4159389.8,120743,2022-09-09 00:00:00,2022-09-09 00:00:00
2407604.8,4159389.8,120826,2006-08-20 00:00:00,2006-08-20 00:00:00
2445596.2,4158463.2,120927,2020-08-08 00:00:00,2020-08-08 00:00:00
2232009.0,4157073.2,120928,2017-10-23 00:00:00,2017-10-23 00:00:00
2442353.0,4156610.0,121040,2021-08-20 00:00:00,2021-08-22 00:00:00
2444206.2,4154756.8,121115,2021-08-16 00:00:00,2021-08-20 00:00:00
2516483.0,4156146.8,121116,2001-08-09 00:00:00,2001-08-10 00:00:00
2444669.8,4155220.0,121215,2014-04-28 00:00:00,2014-04-28 00:00:00
2461812.2,4152903.5,121365,2019-08-17 00:00:00,2019-08-20 00:00:00
2445596.2,4153366.8,121422,2014-04-28 00:00:00,2014-04-28 00:00:00
2438646.5,4147807.0,122119,2021-08-03 00:00:00,2021-08-10 00:00:00
2458569.0,4145953.8,122451,2005-05-31 00:00:00,2005-05-31 00:00:00
2535015.5,4145953.8,122452,2021-08-03 00:00:00,2021-08-03 00:00:00
2526676.0,4139930.8,123307,2005-07-20 00:00:00,2005-07-22 00:00:00
2448839.5,4139930.8,123441,2018-05-31 00:00:00,2018-05-31 00:00:00
2523432.8,4138540.8,123510,2008-08-22 00:00:00,2008-08-25 00:00:00
2450229.5,4137614.0,123571,2023-07-12 00:00:00,2023-07-15 00:00:00
2377026.0,4132981.0,124106,2004-09-10 00:00:00,2004-09-12 00:00:00
2375636.0,4133444.2,124265,2004-09-20 00:00:00,2004-09-20 00:00:00
2442353.0,4132517.8,124266,2023-07-12 00:00:00,2023-07-13 00:00:00
2258418.0,4130664.5,124393,2016-11-07 00:00:00,2016-11-13 00:00:00
2442816.5,4131127.8,124394,2007-07-13 00:00:00,2007-07-14 00:00:00
2260734.5,4131127.8,124578,2016-11-21 00:00:00,2016-11-21 00:00:00
2458569.0,4121861.5,125067,2021-07-27 00:00:00,2021-08-09 00:00:00
2252394.8,4126494.5,125132,2012-05-12 00:00:00,2012-05-14 00:00:00
2459495.8,4115838.5,125133,2006-08-19 00:00:00,2006-08-24 00:00:00
2263514.2,4124641.2,125254,2023-07-12 00:00:00,2023-07-16 00:00:00
2238958.8,4120008.2,125407,2021-06-25 00:00:00,2021-06-28 00:00:00
2453009.2,4124178.0,125465,2006-09-29 00:00:00,2006-09-29 00:00:00
2490537.5,4124178.0,125466,2017-09-03 00:00:00,2017-09-11 00:00:00
2459032.2,4122324.8,125565,2019-08-18 00:00:00,2019-08-21 00:00:00
2233862.2,4122788.0,125608,2020-09-25 00:00:00,2020-09-29 00:00:00
2475711.5,4117691.8,125688,2014-08-21 00:00:00,2014-08-24 00:00:00
2472931.8,4121861.5,125689,2002-08-02 00:00:00,2002-08-04 00:00:00
2480808.0,4121861.5,125690,2013-07-28 00:00:00,2013-07-28 00:00:00
2420114.0,4119545.0,125792,2021-08-09 00:00:00,2021-08-11 00:00:00
2433086.8,4119545.0,125793,2003-07-14 00:00:00,2003-07-16 00:00:00
2562351.0,4111205.2,125794,2021-07-28 00:00:00,2021-08-10 00:00:00
2593393.0,4120934.8,125795,2021-06-22 00:00:00,2021-06-22 00:00:00
2423820.5,4119081.5,125827,2016-07-09 00:00:00,2016-07-09 00:00:00
2440499.8,4113521.8,125828,2007-07-05 00:00:00,2007-07-11 00:00:00
2420577.5,4120008.2,125871,2015-07-04 00:00:00,2015-07-04 00:00:00
2232472.5,4119545.0,125900,2018-07-31 00:00:00,2018-08-05 00:00:00
2238495.5,4119081.5,125928,2002-09-15 00:00:00,2002-09-17 00:00:00
2436793.2,4116765.0,126002,2021-07-30 00:00:00,2021-07-31 00:00:00
2558181.2,4117228.2,126003,2021-07-29 00:00:00,2021-07-29 00:00:00
2393242.0,4113521.8,126090,2009-07-16 00:00:00,2009-07-18 00:00:00
2514629.8,4112595.2,126110,2002-08-14 00:00:00,2002-08-17 00:00:00
2536405.5,4114448.5,126111,2015-08-14 00:00:00,2015-08-15 00:00:00
2424284.0,4113058.5,126145,2016-06-16 00:00:00,2016-06-17 00:00:00
2423820.5,4111668.5,126201,2003-08-24 00:00:00,2003-08-26 00:00:00
2425673.8,4110278.8,126359,2003-07-11 00:00:00,2003-07-12 00:00:00
2578567.0,4107962.0,126568,2003-08-18 00:00:00,2003-08-18 00:00:00
2526212.8,4101475.8,127282,2008-07-14 00:00:00,2008-07-14 00:00:00
2506753.5,4096842.5,127325,2022-06-20 00:00:00,2022-06-25 00:00:00
2522042.8,4096842.5,127575,2022-09-20 00:00:00,2022-09-24 00:00:00
2511386.8,4097306.0,127576,2021-08-06 00:00:00,2021-08-06 00:00:00
2512776.5,4083406.5,127608,2021-07-26 00:00:00,2021-08-04 00:00:00
2566057.5,4096842.5,127637,2013-08-15 00:00:00,2013-08-21 00:00:00
2411774.5,4095916.0,127674,2013-10-04 00:00:00,2013-10-05 00:00:00
2410847.8,4094526.0,127713,2005-10-27 00:00:00,2005-10-29 00:00:00
2414554.2,4094989.2,127714,2024-06-30 00:00:00,2024-07-06 00:00:00
2568837.5,4095452.8,127715,2021-10-04 00:00:00,2021-10-07 00:00:00
2497024.0,4094989.2,127755,2007-08-25 00:00:00,2007-08-25 00:00:00
2415017.8,4093136.0,127791,2017-07-12 00:00:00,2017-07-16 00:00:00
2415017.8,4091746.2,127875,2007-07-13 00:00:00,2007-07-17 00:00:00
2415017.8,4093599.5,127876,2003-09-04 00:00:00,2003-09-04 00:00:00
2577640.5,4089429.5,127989,2019-07-07 00:00:00,2019-07-13 00:00:00
2415944.2,4088966.2,128241,2012-08-07 00:00:00,2012-08-13 00:00:00
2499803.8,4088966.2,128289,2001-08-18 00:00:00,2001-08-18 00:00:00
2477564.8,4088503.0,128290,2006-08-31 00:00:00,2006-09-03 00:00:00
2251931.5,4087576.2,128330,2015-08-19 00:00:00,2015-08-23 00:00:00
2416407.5,4088503.0,128331,2012-07-30 00:00:00,2012-07-30 00:00:00
2509533.5,4087113.0,128382,2003-07-06 00:00:00,2003-07-08 00:00:00
2482661.2,4085723.0,128522,2006-08-31 00:00:00,2006-09-01 00:00:00
2255638.0,4086186.5,128575,2017-09-07 00:00:00,2017-09-10 00:00:00
2458569.0,4080163.2,128867,2022-07-11 00:00:00,2022-07-16 00:00:00
2467372.0,4082480.0,128868,2005-09-03 00:00:00,2005-09-03 00:00:00
2238958.8,4079236.8,129090,2015-09-03 00:00:00,2015-09-07 00:00:00
2452546.0,4076456.8,129193,2019-06-26 00:00:00,2019-07-02 00:00:00
2225522.8,4071360.5,129400,2003-08-14 00:00:00,2003-08-14 00:00:00
2619338.5,4057924.2,129540,2021-08-01 00:00:00,2021-08-03 00:00:00
2446523.0,4052828.0,129646,2002-09-16 00:00:00,2002-09-16 00:00:00
2521579.5,4045878.2,129796,2015-08-22 00:00:00,2015-08-22 00:00:00
2515556.5,4039855.2,129859,2021-07-30 00:00:00,2021-08-04 00:00:00
2511386.8,4038928.5,129904,2012-08-27 00:00:00,2012-08-29 00:00:00
2513703.2,4040781.8,129905,2021-08-06 00:00:00,2021-08-06 00:00:00
2510460.0,4006033.2,130111,2023-07-18 00:00:00,2023-07-28 00:00:00
2468298.5,4029662.2,130153,2020-09-04 00:00:00,2020-09-04 00:00:00
2510923.2,4029199.0,130157,2012-08-03 00:00:00,2012-08-03 00:00:00
2507680.2,4026882.5,130175,2015-07-22 00:00:00,2015-07-26 00:00:00
2503973.8,4023176.0,130186,2008-07-20 00:00:00,2008-07-28 00:00:00
2493317.5,4019006.0,130189,2010-09-27 00:00:00,2010-10-03 00:00:00
2502583.8,4005570.0,130195,2013-07-26 00:00:00,2013-08-01 00:00:00
2499340.5,4009276.5,130203,2016-06-17 00:00:00,2016-06-19 00:00:00
2503973.8,4011129.8,130209,2005-08-02 00:00:00,2005-08-02 00:00:00
2516483.0,4010203.0,130218,2023-07-28 00:00:00,2023-07-28 00:00:00
2508606.8,4008349.8,130224,2007-05-22 00:00:00,2007-05-25 00:00:00
2452546.0,3961555.2,130691,2021-09-22 00:00:00,2021-09-22 00:00:00
2450229.5,3960628.8,130708,2004-06-17 00:00:00,2004-06-17 00:00:00
2448839.5,3959702.0,130715,2004-06-17 00:00:00,2004-06-18 00:00:00
2459495.8,3953679.0,130794,2021-09-22 00:00:00,2021-09-24 00:00:00
2232009.0,3926343.5,131058,2016-06-12 00:00:00,2016-06-14 00:00:00
2228766.0,3922173.8,131103,2004-09-25 00:00:00,2004-09-26 00:00:00
2338107.8,3922173.8,131104,2007-06-01 00:00:00,2007-06-03 00:00:00
2236642.2,3918930.5,131111,2012-07-23 00:00:00,2012-07-23 00:00:00
2337181.0,3918467.2,131113,2007-05-30 00:00:00,2007-05-31 00:00:00
2293166.5,3918004.0,131114,2011-08-29 00:00:00,2011-08-30 00:00:00
2228766.0,3912444.2,131122,2009-08-26 00:00:00,2009-08-26 00:00:00
2225522.8,3910591.0,131125,2008-08-20 00:00:00,2008-08-24 00:00:00
2238032.2,3906421.0,131128,2011-07-28 00:00:00,2011-07-30 00:00:00
2378879.2,3911054.2,131129,2009-06-13 00:00:00,2009-06-13 00:00:00
2378416.0,3910591.0,131131,2007-07-13 00:00:00,2007-07-15 00:00:00
2230619.2,3906884.5,131132,2012-07-27 00:00:00,2012-07-30 00:00:00
2233399.0,3909664.2,131133,2007-07-29 00:00:00,2007-07-31 00:00:00
2225522.8,3909201.0,131136,2021-07-07 00:00:00,2021-07-07 00:00:00
2383512.2,3907347.8,131139,2012-08-26 00:00:00,2012-09-01 00:00:00
2236179.0,3908274.2,131141,2024-06-24 00:00:00,2024-06-25 00:00:00
2243128.5,3907811.0,131142,2022-07-13 00:00:00,2022-07-18 00:00:00
2270464.0,3908737.8,131143,2003-07-16 00:00:00,2003-07-19 00:00:00
2238958.8,3906884.5,131146,2003-08-07 00:00:00,2003-08-10 00:00:00
2307065.8,3907347.8,131147,2024-07-01 00:00:00,2024-07-01 00:00:00
2369613.0,3905031.2,131150,2018-07-11 00:00:00,2018-07-13 00:00:00
2367759.8,3904567.8,131155,2015-09-03 00:00:00,2015-09-07 00:00:00
2244518.5,3903641.2,131160,2008-07-09 00:00:00,2008-07-11 00:00:00
2237105.5,3904567.8,131165,2016-07-28 00:00:00,2016-08-02 00:00:00
2237105.5,3904104.5,131166,2011-07-13 00:00:00,2011-07-15 00:00:00
2242202.0,3903178.0,131167,2016-07-29 00:00:00,2016-08-01 00:00:00
2244055.2,3903178.0,131168,2003-07-21 00:00:00,2003-07-24 00:00:00
2325598.2,3902714.5,131180,2016-07-15 00:00:00,2016-07-18 00:00:00
2373319.5,3901324.8,131186,2014-07-03 00:00:00,2014-07-05 00:00:00
2326525.0,3901324.8,131190,2009-07-24 00:00:00,2009-07-25 00:00:00
2312625.5,3891595.0,131198,2012-07-27 00:00:00,2012-08-02 00:00:00
2366833.0,3897618.2,131204,2008-07-15 00:00:00,2008-07-18 00:00:00
2334864.5,3896228.2,131211,2017-07-06 00:00:00,2017-07-08 00:00:00
2334864.5,3893911.8,131217,2016-04-15 00:00:00,2016-04-21 00:00:00
2260734.5,3891131.8,131219,2005-08-02 00:00:00,2005-08-08 00:00:00
2328841.5,3893448.2,131220,2012-08-06 00:00:00,2012-08-08 00:00:00
2334401.2,3893448.2,131221,2016-04-14 00:00:00,2016-04-14 00:00:00
2334864.5,3893448.2,131222,2016-04-07 00:00:00,2016-04-07 00:00:00
2266757.5,3889741.8,131225,2013-07-26 00:00:00,2013-07-31 00:00:00
2267684.2,3885108.8,131239,2014-07-04 00:00:00,2014-07-05 00:00:00
2343667.5,3877695.8,131283,2022-05-21 00:00:00,2022-05-23 00:00:00
2225522.8,4730654.5,763968,2007-06-22 00:00:00,2007-06-22 00:00:00
2226912.8,4730191.5,763969,2007-06-13 00:00:00,2007-06-13 00:00:00
2226912.8,4730191.5,763975,2001-08-03 00:00:00,2001-08-03 00:00:00
2230619.2,4727875.0,763978,2009-06-30 00:00:00,2009-07-05 00:00:00
2226912.8,4729264.5,763986,2007-07-16 00:00:00,2007-07-17 00:00:00
2225986.0,4729728.0,763987,2008-08-06 00:00:00,2008-08-09 00:00:00
2227839.2,4729728.0,763988,2001-07-25 00:00:00,2001-07-25 00:00:00
2230619.2,4728801.5,763989,2002-07-30 00:00:00,2002-08-03 00:00:00
2228766.0,4726948.0,763990,2001-07-04 00:00:00,2001-07-10 00:00:00
2224596.0,4729264.5,763991,2001-07-04 00:00:00,2001-07-04 00:00:00
2225986.0,4729264.5,763992,2001-07-05 00:00:00,2001-07-05 00:00:00
2225986.0,4728801.5,763993,2010-08-22 00:00:00,2010-08-28 00:00:00
2226912.8,4729264.5,763994,2001-07-05 00:00:00,2001-07-05 00:00:00
2226912.8,4729264.5,763995,2001-07-31 00:00:00,2001-07-31 00:00:00
2229229.2,4729264.5,763996,2001-08-07 00:00:00,2001-08-07 00:00:00
2225059.5,4728801.5,764003,2001-07-11 00:00:00,2001-07-11 00:00:00
2225522.8,4728801.5,764004,2007-06-10 00:00:00,2007-06-14 00:00:00
2228302.5,4727875.0,764005,2008-08-10 00:00:00,2008-08-15 00:00:00
2230619.2,4727875.0,764006,2001-08-09 00:00:00,2001-08-17 00:00:00
2227839.2,4728338.0,764007,2001-07-04 00:00:00,2001-07-04 00:00:00
2224596.0,4727875.0,764010,2001-07-05 00:00:00,2001-07-05 00:00:00
2225059.5,4727411.5,764011,2010-08-24 00:00:00,2010-09-01 00:00:00
2225522.8,4727411.5,764012,2008-08-16 00:00:00,2008-08-17 00:00:00
2225986.0,4727875.0,764013,2007-06-13 00:00:00,2007-06-13 00:00:00
2228302.5,4727875.0,764014,2006-08-15 00:00:00,2006-08-15 00:00:00
2228766.0,4727875.0,764015,2001-07-31 00:00:00,2001-07-31 00:00:00
2225059.5,4726948.0,764017,2001-07-05 00:00:00,2001-07-07 00:00:00
2226449.2,4727411.5,764018,2007-06-19 00:00:00,2007-06-19 00:00:00
2227376.0,4726948.0,764019,2001-07-27 00:00:00,2001-07-27 00:00:00
2231545.8,4726948.0,764020,2006-08-10 00:00:00,2006-08-18 00:00:00
2235252.2,4725558.0,764021,2001-07-05 00:00:00,2001-07-11 00:00:00
2225986.0,4726948.0,764023,2003-08-12 00:00:00,2003-08-16 00:00:00
2228302.5,4726021.5,764024,2001-07-05 00:00:00,2001-07-05 00:00:00
2225986.0,4726021.5,764026,2006-07-21 00:00:00,2006-07-23 00:00:00
2226912.8,4726485.0,764027,2007-07-15 00:00:00,2007-07-16 00:00:00
2228302.5,4726485.0,764028,2011-11-04 00:00:00,2011-11-04 00:00:00
2228766.0,4726485.0,764029,2001-08-24 00:00:00,2001-08-24 00:00:00
2230619.2,4726485.0,764030,2001-07-19 00:00:00,2001-07-19 00:00:00
2233862.2,4725558.0,764031,2018-08-03 00:00:00,2018-08-16 00:00:00
2232472.5,4726021.5,764032,2001-07-04 00:00:00,2001-07-05 00:00:00
2231545.8,4726021.5,764033,2008-08-22 00:00:00,2008-08-22 00:00:00
2225059.5,4726021.5,764036,2004-06-16 00:00:00,2004-06-21 00:00:00
2225986.0,4726021.5,764037,2007-06-24 00:00:00,2007-06-24 00:00:00
2230155.8,4725095.0,764038,2016-08-04 00:00:00,2016-08-08 00:00:00
2230155.8,4726021.5,764039,2018-08-21 00:00:00,2018-08-21 00:00:00
2236179.0,4726021.5,764040,2002-07-03 00:00:00,2002-07-03 00:00:00
2225986.0,4725558.0,764041,2001-07-04 00:00:00,2001-07-04 00:00:00
2225986.0,4725558.0,764042,2007-06-18 00:00:00,2007-06-18 00:00:00
2229692.5,4725558.0,764043,2010-08-11 00:00:00,2010-08-11 00:00:00
2230155.8,4725558.0,764044,2015-08-18 00:00:00,2015-08-18 00:00:00
2232472.5,4725558.0,764045,2001-07-19 00:00:00,2001-07-19 00:00:00
2234789.0,4725558.0,764046,2016-08-30 00:00:00,2016-08-30 00:00:00
2224596.0,4724631.5,764048,2006-08-01 00:00:00,2006-08-01 00:00:00
2226912.8,4725095.0,764049,2001-07-11 00:00:00,2001-07-11 00:00:00
2228302.5,4725095.0,764050,2006-08-10 00:00:00,2006-08-13 00:00:00
2228766.0,4725095.0,764051,2001-07-15 00:00:00,2001-07-16 00:00:00
2230155.8,4725095.0,764052,2012-08-03 00:00:00,2012-08-06 00:00:00
2231082.5,4725095.0,764053,2008-08-20 00:00:00,2008-08-20 00:00:00
2225522.8,4724631.5,764055,2001-07-03 00:00:00,2001-07-03 00:00:00
2229229.2,4723705.0,764056,2001-07-05 00:00:00,2001-07-08 00:00:00
2231082.5,4723241.5,764057,2004-06-04 00:00:00,2004-06-11 00:00:00
2228766.0,4724631.5,764058,2007-06-06 00:00:00,2007-06-06 00:00:00
2230619.2,4724168.5,764059,2016-06-10 00:00:00,2016-06-17 00:00:00
2233862.2,4724631.5,764060,2001-07-11 00:00:00,2001-07-11 00:00:00
2236179.0,4724631.5,764061,2001-08-12 00:00:00,2001-08-12 00:00:00
2236179.0,4724631.5,764062,2006-08-19 00:00:00,2006-08-19 00:00:00
2236179.0,4724631.5,764063,2008-08-07 00:00:00,2008-08-07 00:00:00
2226912.8,4722315.0,764064,2001-07-04 00:00:00,2001-07-10 00:00:00
2229692.5,4724168.5,764065,2018-09-23 00:00:00,2018-09-23 00:00:00
2231082.5,4724168.5,764066,2001-07-05 00:00:00,2001-07-05 00:00:00
2232009.0,4724168.5,764067,2016-08-30 00:00:00,2016-08-30 00:00:00
2232472.5,4723241.5,764068,2008-08-07 00:00:00,2008-08-13 00:00:00
2232472.5,4724168.5,764069,2018-08-17 00:00:00,2018-08-17 00:00:00
2234325.8,4724168.5,764070,2017-08-09 00:00:00,2017-08-09 00:00:00
2234789.0,4724168.5,764071,2001-08-10 00:00:00,2001-08-10 00:00:00
2227839.2,4723241.5,764074,2016-06-07 00:00:00,2016-06-10 00:00:00
2228302.5,4723705.0,764075,2004-07-15 00:00:00,2004-07-15 00:00:00
2228766.0,4723705.0,764076,2011-08-17 00:00:00,2011-08-17 00:00:00
2230155.8,4723241.5,764077,2001-08-02 00:00:00,2001-08-02 00:00:00
2229692.5,4723705.0,764078,2012-07-29 00:00:00,2012-07-29 00:00:00
2232472.5,4723705.0,764079,2017-07-31 00:00:00,2017-07-31 00:00:00
2234325.8,4721388.5,764080,2001-07-27 00:00:00,2001-08-05 00:00:00
2226449.2,4721851.5,764082,2004-07-14 00:00:00,2004-07-18 00:00:00
2226912.8,4723241.5,764083,2016-06-17 00:00:00,2016-06-17 00:00:00
2230619.2,4723241.5,764084,2017-09-14 00:00:00,2017-09-15 00:00:00
2232472.5,4723241.5,764085,2016-07-25 00:00:00,2016-07-25 00:00:00
2233399.0,4723241.5,764086,2001-08-02 00:00:00,2001-08-05 00:00:00
2233399.0,4723241.5,764087,2017-08-03 00:00:00,2017-08-03 00:00:00
2234325.8,4723241.5,764088,2008-07-26 00:00:00,2008-07-26 00:00:00
2234789.0,4723241.5,764089,2022-08-12 00:00:00,2022-08-15 00:00:00
2238032.2,4723241.5,764090,2008-08-13 00:00:00,2008-08-22 00:00:00
2238495.5,4722315.0,764091,2001-07-05 00:00:00,2001-07-05 00:00:00
2238032.2,4723241.5,764092,2001-09-13 00:00:00,2001-09-13 00:00:00
2239422.0,4723241.5,764093,2001-07-10 00:00:00,2001-07-10 00:00:00
2225986.0,4722778.5,764097,2001-07-04 00:00:00,2001-07-04 00:00:00
2227839.2,4722778.5,764098,2001-07-11 00:00:00,2001-07-11 00:00:00
2228766.0,4722778.5,764099,2006-08-01 00:00:00,2006-08-01 00:00:00
2232935.8,4722778.5,764100,2001-07-04 00:00:00,2001-07-05 00:00:00
2234325.8,4722315.0,764101,2001-07-05 00:00:00,2001-07-05 00:00:00
2240812.0,4721851.5,764102,2001-08-01 00:00:00,2001-08-03 00:00:00
2228766.0,4720462.0,764104,2014-06-13 00:00:00,2014-06-21 00:00:00
2225986.0,4721851.5,764105,2001-08-02 00:00:00,2001-08-02 00:00:00
2232009.0,4721388.5,764106,2016-07-19 00:00:00,2016-07-24 00:00:00
2232009.0,4722315.0,764107,2006-08-12 00:00:00,2006-08-12 00:00:00
2225522.8,4721851.5,764109,2004-08-18 00:00:00,2004-08-18 00:00:00
2232009.0,4719998.5,764110,2001-07-04 00:00:00,2001-07-05 00:00:00
2231082.5,4721851.5,764111,2006-08-13 00:00:00,2006-08-13 00:00:00
2231545.8,4721851.5,764112,2016-06-09 00:00:00,2016-06-09 00:00:00
2229229.2,4721388.5,764114,2004-06-18 00:00:00,2004-06-18 00:00:00
2231545.8,4721388.5,764115,2016-06-01 00:00:00,2016-06-01 00:00:00
2237105.5,4721388.5,764116,2001-07-05 00:00:00,2001-07-05 00:00:00
2238032.2,4721388.5,764117,2001-07-05 00:00:00,2001-07-05 00:00:00
2227839.2,4720925.0,764118,2006-08-11 00:00:00,2006-08-11 00:00:00
2228302.5,4720925.0,764119,2002-07-27 00:00:00,2002-07-27 00:00:00
2227839.2,4720462.0,764120,2004-06-30 00:00:00,2004-07-08 00:00:00
2229229.2,4720925.0,764121,2001-07-05 00:00:00,2001-07-05 00:00:00
2231082.5,4720925.0,764122,2016-06-10 00:00:00,2016-06-15 00:00:00
2232009.0,4720925.0,764123,2001-08-30 00:00:00,2001-08-30 00:00:00
2232935.8,4720925.0,764124,2001-07-05 00:00:00,2001-07-05 00:00:00
2233399.0,4720925.0,764125,2006-08-11 00:00:00,2006-08-11 00:00:00
2233862.2,4720925.0,764126,2001-07-04 00:00:00,2001-07-04 00:00:00
2235715.5,4719535.0,764127,2006-08-09 00:00:00,2006-08-15 00:00:00
2227839.2,4720462.0,764128,2016-08-30 00:00:00,2016-08-30 00:00:00
2228766.0,4719535.0,764129,2004-06-04 00:00:00,2004-06-09 00:00:00
2236179.0,4720462.0,764130,2001-07-05 00:00:00,2001-07-05 00:00:00
2227839.2,4719998.5,764132,2001-08-06 00:00:00,2001-08-06 00:00:00
2227839.2,4719998.5,764133,2017-08-01 00:00:00,2017-08-01 00:00:00
2228302.5,4719998.5,764134,2017-08-09 00:00:00,2017-08-09 00:00:00
2229692.5,4719998.5,764135,2001-07-11 00:00:00,2001-07-11 00:00:00
2230155.8,4719072.0,764136,2001-07-05 00:00:00,2001-07-08 00:00:00
2233862.2,4719998.5,764137,2001-07-05 00:00:00,2001-07-05 00:00:00
2227376.0,4719535.0,764139,2010-11-08 00:00:00,2010-11-08 00:00:00
2230155.8,4719072.0,764140,2004-07-14 00:00:00,2004-07-17 00:00:00
2236642.2,4719535.0,764141,2001-07-05 00:00:00,2001-07-05 00:00:00
2238958.8,4719072.0,764142,2001-07-05 00:00:00,2001-07-05 00:00:00
2225522.8,4719072.0,764143,2010-10-20 00:00:00,2010-10-22 00:00:00
2226912.8,4719072.0,764144,2001-07-20 00:00:00,2001-07-20 00:00:00
2227376.0,4719072.0,764145,2010-10-25 00:00:00,2010-10-25 00:00:00
2229692.5,4719072.0,764146,2011-11-03 00:00:00,2011-11-04 00:00:00
2230619.2,4719072.0,764147,2004-07-03 00:00:00,2004-07-03 00:00:00
2227376.0,4718608.5,764148,2001-07-04 00:00:00,2001-07-04 00:00:00
2228302.5,4718608.5,764149,2006-08-16 00:00:00,2006-08-16 00:00:00
2233399.0,4718608.5,764150,2010-10-16 00:00:00,2010-10-20 00:00:00
2240348.8,4718608.5,764151,2007-08-07 00:00:00,2007-08-07 00:00:00
2241275.2,4718608.5,764152,2007-08-16 00:00:00,2007-08-16 00:00:00
2227839.2,4717682.0,764153,2010-10-15 00:00:00,2010-10-29 00:00:00
2228766.0,4717682.0,764154,2001-07-04 00:00:00,2001-07-11 00:00:00
2230155.8,4718145.0,764155,2001-08-08 00:00:00,2001-08-08 00:00:00
2231545.8,4718145.0,764156,2010-10-16 00:00:00,2010-10-23 00:00:00
2232009.0,4718145.0,764157,2011-11-02 00:00:00,2011-11-05 00:00:00
2231545.8,4718145.0,764158,2001-07-11 00:00:00,2001-07-11 00:00:00
2234325.8,4718145.0,764159,2001-07-04 00:00:00,2001-07-08 00:00:00
2234789.0,4718145.0,764160,2010-10-10 00:00:00,2010-10-10 00:00:00
2241738.8,4715828.5,764161,2001-07-04 00:00:00,2001-07-11 00:00:00
2231082.5,4717682.0,764162,2004-06-26 00:00:00,2004-06-26 00:00:00
2230155.8,4717218.5,764163,2010-10-29 00:00:00,2010-11-02 00:00:00
2234325.8,4717218.5,764164,2022-11-10 00:00:00,2022-11-16 00:00:00
2235252.2,4717218.5,764165,2010-10-02 00:00:00,2010-10-02 00:00:00
2235715.5,4717218.5,764166,2010-10-20 00:00:00,2010-10-20 00:00:00
2228302.5,4716755.5,764167,2001-08-03 00:00:00,2001-08-08 00:00:00
2228302.5,4716755.5,764168,2004-09-03 00:00:00,2004-09-05 00:00:00
2231545.8,4716292.0,764169,2002-08-02 00:00:00,2002-08-02 00:00:00
2227839.2,4716292.0,764170,2001-07-04 00:00:00,2001-07-04 00:00:00
2236179.0,4716292.0,764171,2010-11-08 00:00:00,2010-11-11 00:00:00
2235252.2,4716755.5,764172,2022-11-19 00:00:00,2022-11-19 00:00:00
2235715.5,4716755.5,764173,2001-07-12 00:00:00,2001-07-12 00:00:00
2236179.0,4716755.5,764174,2001-07-04 00:00:00,2001-07-04 00:00:00
2236642.2,4716755.5,764175,2001-07-11 00:00:00,2001-07-11 00:00:00
2240812.0,4716755.5,764176,2001-07-26 00:00:00,2001-07-26 00:00:00
2242665.2,4716755.5,764177,2001-07-11 00:00:00,2001-07-11 00:00:00
2240812.0,4715828.5,764178,2001-07-11 00:00:00,2001-07-11 00:00:00
2231545.8,4714438.5,764179,2001-07-04 00:00:00,2001-07-08 00:00:00
2235252.2,4715828.5,764180,2010-10-31 00:00:00,2010-10-31 00:00:00
2237105.5,4715828.5,764181,2001-07-05 00:00:00,2001-07-05 00:00:00
2225059.5,4715365.5,764182,2004-10-21 00:00:00,2004-10-21 00:00:00
2226449.2,4715365.5,764183,2001-07-05 00:00:00,2001-07-07 00:00:00
2229692.5,4715365.5,764184,2001-07-05 00:00:00,2001-07-05 00:00:00
2226449.2,4714902.0,764185,2010-10-20 00:00:00,2010-10-25 00:00:00
2234789.0,4714438.5,764186,2001-07-04 00:00:00,2001-07-08 00:00:00
2229692.5,4713512.0,764187,2001-07-04 00:00:00,2001-07-08 00:00:00
2238495.5,4710732.0,764188,2001-07-04 00:00:00,2001-07-11 00:00:00
2232935.8,4713975.5,764190,2001-07-08 00:00:00,2001-07-08 00:00:00
2235252.2,4713975.5,764191,2016-07-23 00:00:00,2016-07-23 00:00:00
2236642.2,4713975.5,764192,2001-07-06 00:00:00,2001-07-06 00:00:00
2237568.8,4713512.0,764193,2001-07-30 00:00:00,2001-07-31 00:00:00
2250541.5,4713512.0,764194,2001-08-05 00:00:00,2001-08-05 00:00:00
2251005.0,4713512.0,764195,2007-07-16 00:00:00,2007-07-16 00:00:00
2226449.2,4713049.0,764196,2004-08-30 00:00:00,2004-08-30 00:00:00
2229229.2,4713049.0,764197,2024-06-09 00:00:00,2024-06-09 00:00:00
2229229.2,4712585.5,764198,2024-06-15 00:00:00,2024-06-16 00:00:00
2225522.8,4712585.5,764199,2004-09-06 00:00:00,2004-09-06 00:00:00
2236179.0,4713049.0,764200,2001-07-05 00:00:00,2001-07-10 00:00:00
2255638.0,4712122.0,764201,2007-06-30 00:00:00,2007-07-04 00:00:00
2257028.0,4712585.5,764202,2007-06-12 00:00:00,2007-06-12 00:00:00
2230155.8,4712585.5,764203,2024-07-13 00:00:00,2024-07-13 00:00:00
2234789.0,4712585.5,764204,2001-07-05 00:00:00,2001-07-05 00:00:00
2259807.8,4712585.5,764205,2023-09-01 00:00:00,2023-09-01 00:00:00
2248688.2,4712122.0,764206,2007-06-12 00:00:00,2007-06-12 00:00:00
2257954.5,4712122.0,764207,2007-06-08 00:00:00,2007-06-08 00:00:00
2228766.0,4711659.0,764208,2001-07-04 00:00:00,2001-07-04 00:00:00
2252394.8,4711659.0,764209,2007-07-15 00:00:00,2007-07-15 00:00:00
2261661.0,4710269.0,764210,2009-06-22 00:00:00,2009-06-30 00:00:00
2260734.5,4710732.0,764211,2011-06-28 00:00:00,2011-06-29 00:00:00
2225059.5,4711195.5,764212,2016-08-03 00:00:00,2016-08-08 00:00:00
2235252.2,4710732.0,764213,2002-07-31 00:00:00,2002-08-02 00:00:00
2257491.2,4711195.5,764214,2007-06-03 00:00:00,2007-06-03 00:00:00
2258418.0,4710732.0,764215,2008-06-10 00:00:00,2008-06-14 00:00:00
2258881.2,4711195.5,764216,2007-06-17 00:00:00,2007-06-17 00:00:00
2235715.5,4710732.0,764217,2007-06-08 00:00:00,2007-06-10 00:00:00
2236642.2,4710732.0,764218,2001-07-05 00:00:00,2001-07-05 00:00:00
2238495.5,4710732.0,764219,2007-06-11 00:00:00,2007-06-11 00:00:00
2254711.5,4710732.0,764220,2007-06-08 00:00:00,2007-06-08 00:00:00
2260271.2,4709342.5,764221,2008-06-19 00:00:00,2008-06-19 00:00:00
2237105.5,4710269.0,764222,2007-07-19 00:00:00,2007-07-19 00:00:00
2257954.5,4708879.0,764223,2007-06-02 00:00:00,2007-06-09 00:00:00
2260271.2,4710269.0,764224,2009-06-30 00:00:00,2009-06-30 00:00:00
2238495.5,4708415.5,764225,2007-06-03 00:00:00,2007-06-13 00:00:00
2259344.5,4709805.5,764226,2007-06-11 00:00:00,2007-06-11 00:00:00
2237105.5,4709342.5,764227,2007-06-19 00:00:00,2007-06-19 00:00:00
2259807.8,4709342.5,764228,2008-06-10 00:00:00,2008-06-10 00:00:00
2259344.5,4708879.0,764229,2007-06-05 00:00:00,2007-06-05 00:00:00
2259807.8,4708879.0,764230,2007-06-13 00:00:00,2007-06-13 00:00:00
2238958.8,4707952.5,764231,2007-06-19 00:00:00,2007-06-19 00:00:00
2244981.8,4707952.5,764232,2018-08-03 00:00:00,2018-08-03 00:00:00
2228302.5,4707489.0,764233,2007-07-11 00:00:00,2007-07-13 00:00:00
2245908.5,4707025.5,764234,2001-09-13 00:00:00,2001-09-15 00:00:00
2228766.0,4707025.5,764235,2007-08-05 00:00:00,2007-08-05 00:00:00
2246835.0,4707025.5,764236,2001-09-22 00:00:00,2001-09-22 00:00:00
2268147.5,4707025.5,764237,2008-08-13 00:00:00,2008-08-13 00:00:00
2245445.2,4706562.5,764238,2001-09-23 00:00:00,2001-09-23 00:00:00
2265831.0,4706099.0,764239,2006-08-11 00:00:00,2006-08-11 00:00:00
2262124.5,4705172.5,764240,2007-07-17 00:00:00,2007-07-17 00:00:00
2248688.2,4704709.0,764241,2008-08-05 00:00:00,2008-08-05 00:00:00
2262124.5,4704709.0,764242,2007-07-01 00:00:00,2007-07-01 00:00:00
2264904.2,4704246.0,764243,2008-07-31 00:00:00,2008-08-04 00:00:00
2225522.8,4704246.0,764244,2001-07-04 00:00:00,2001-07-04 00:00:00
2263051.0,4703319.0,764246,2008-08-03 00:00:00,2008-08-03 00:00:00
2263514.2,4703319.0,764247,2007-07-01 00:00:00,2007-07-01 00:00:00
2225986.0,4701466.0,764248,2001-07-04 00:00:00,2001-07-04 00:00:00
2225986.0,4701466.0,764249,2001-08-14 00:00:00,2001-08-17 00:00:00
2225522.8,4701002.5,764250,2012-09-25 00:00:00,2012-09-25 00:00:00
2225522.8,4700539.5,764251,2001-07-04 00:00:00,2001-07-04 00:00:00
2227839.2,4700539.5,764252,2001-07-04 00:00:00,2001-07-07 00:00:00
2258418.0,4699612.5,764253,2001-07-04 00:00:00,2001-07-04 00:00:00
2261661.0,4698223.0,764255,2001-07-04 00:00:00,2001-07-04 00:00:00
2252858.2,4697759.5,764257,2008-09-01 00:00:00,2008-09-01 00:00:00
2225522.8,4695443.0,764258,2005-03-12 00:00:00,2005-03-12 00:00:00
2225059.5,4694053.0,764261,2012-09-21 00:00:00,2012-09-21 00:00:00
2233399.0,4688493.0,764262,2001-09-07 00:00:00,2001-09-13 00:00:00
2235715.5,4691273.0,764263,2008-08-02 00:00:00,2008-08-02 00:00:00
2237105.5,4689883.0,764264,2008-08-26 00:00:00,2008-08-30 00:00:00
2225986.0,4689883.0,764265,2016-09-16 00:00:00,2016-09-16 00:00:00
2225986.0,4689420.0,764266,2001-07-05 00:00:00,2001-07-05 00:00:00
2230619.2,4686176.5,764268,2001-09-24 00:00:00,2001-09-28 00:00:00
2224596.0,4687566.5,764269,2001-06-13 00:00:00,2001-06-13 00:00:00
2228766.0,4687103.5,764270,2001-07-04 00:00:00,2001-07-07 00:00:00
2226912.8,4686640.0,764271,2001-07-11 00:00:00,2001-07-12 00:00:00
2224596.0,4686176.5,764272,2001-07-05 00:00:00,2001-07-05 00:00:00
2225522.8,4686176.5,764273,2001-07-11 00:00:00,2001-07-11 00:00:00
2228766.0,4685250.0,764274,2001-06-23 00:00:00,2001-06-25 00:00:00
2225986.0,4684786.5,764275,2001-07-05 00:00:00,2001-07-05 00:00:00
2228766.0,4684323.5,764277,2001-06-13 00:00:00,2001-06-13 00:00:00
2229229.2,4683860.0,764278,2001-07-04 00:00:00,2001-07-04 00:00:00
2230155.8,4684323.5,764279,2001-07-05 00:00:00,2001-07-05 00:00:00
2226449.2,4683860.0,764280,2012-09-03 00:00:00,2012-09-03 00:00:00
2234325.8,4682933.5,764281,2023-08-18 00:00:00,2023-08-22 00:00:00
2225522.8,4682007.0,764282,2012-09-11 00:00:00,2012-09-18 00:00:00
2232935.8,4683397.0,764283,2023-09-08 00:00:00,2023-09-08 00:00:00
2234789.0,4683397.0,764284,2023-09-04 00:00:00,2023-09-04 00:00:00
2227839.2,4682470.0,764285,2001-07-05 00:00:00,2001-07-05 00:00:00
2227839.2,4681543.5,764287,2012-09-24 00:00:00,2012-09-25 00:00:00
2225986.0,4681080.0,764290,2001-08-28 00:00:00,2001-08-28 00:00:00
2227839.2,4678300.5,764292,2001-07-04 00:00:00,2001-07-07 00:00:00
2225522.8,4678763.5,764294,2019-07-26 00:00:00,2019-07-31 00:00:00
2225522.8,4677837.0,764295,2001-07-10 00:00:00,2001-07-10 00:00:00
2225522.8,4677373.5,764296,2001-08-20 00:00:00,2001-08-20 00:00:00
2229229.2,4676910.5,764297,2001-07-04 00:00:00,2001-07-04 00:00:00
2225986.0,4675983.5,764298,2001-07-06 00:00:00,2001-07-06 00:00:00
2226912.8,4675983.5,764299,2001-08-23 00:00:00,2001-08-23 00:00:00
2225986.0,4675057.0,764300,2024-07-25 00:00:00,2024-07-27 00:00:00
2273707.2,4669960.5,764301,2001-07-04 00:00:00,2001-07-04 00:00:00
2287606.8,4667644.0,764302,2006-09-07 00:00:00,2006-09-07 00:00:00
2229692.5,4663474.5,764303,2024-07-08 00:00:00,2024-07-12 00:00:00
2232009.0,4640308.5,764307,2011-11-01 00:00:00,2011-11-02 00:00:00
2242202.0,4637992.0,764308,2015-10-31 00:00:00,2015-10-31 00:00:00
2232009.0,4636139.0,764309,2023-10-24 00:00:00,2023-10-28 00:00:00
2234789.0,4636602.0,764310,2016-09-15 00:00:00,2016-09-20 00:00:00
2238495.5,4636602.0,764311,2019-10-11 00:00:00,2019-10-13 00:00:00
2244981.8,4637529.0,764314,2017-03-21 00:00:00,2017-03-21 00:00:00
2228766.0,4635675.5,764318,2018-09-25 00:00:00,2018-10-04 00:00:00
2245445.2,4636602.0,764319,2017-03-21 00:00:00,2017-03-21 00:00:00
2226912.8,4634285.5,764321,2016-09-26 00:00:00,2016-09-27 00:00:00
2289923.2,4633822.5,764324,2001-08-20 00:00:00,2001-08-21 00:00:00
2228766.0,4632895.5,764340,2016-09-27 00:00:00,2016-09-27 00:00:00
2240812.0,4629652.5,764354,2023-10-05 00:00:00,2023-10-07 00:00:00
2262124.5,4630579.0,764355,2013-10-06 00:00:00,2013-10-06 00:00:00
2242202.0,4629189.0,764368,2023-10-25 00:00:00,2023-10-28 00:00:00
2238495.5,4628726.0,764377,2023-10-21 00:00:00,2023-10-28 00:00:00
2244055.2,4626409.5,764407,2016-09-21 00:00:00,2016-09-30 00:00:00
2251931.5,4626409.5,764413,2016-09-20 00:00:00,2016-09-20 00:00:00
2252858.2,4626872.5,764420,2016-09-20 00:00:00,2016-09-20 00:00:00
2228302.5,4626409.5,764422,2016-09-20 00:00:00,2016-09-20 00:00:00
2244518.5,4625946.0,764426,2016-10-04 00:00:00,2016-10-04 00:00:00
2228766.0,4618996.5,764430,2001-08-13 00:00:00,2001-08-18 00:00:00
2251005.0,4618533.0,764432,2017-10-09 00:00:00,2017-10-10 00:00:00
2236179.0,4615290.0,764439,2007-08-25 00:00:00,2007-08-27 00:00:00
2294093.0,4614363.0,764442,2010-08-04 00:00:00,2010-08-06 00:00:00
2238495.5,4613436.5,764443,2020-10-11 00:00:00,2020-10-11 00:00:00
2295019.8,4612973.0,764444,2010-09-19 00:00:00,2010-09-19 00:00:00
2295483.0,4613436.5,764445,2012-06-05 00:00:00,2012-06-06 00:00:00
2315405.5,4612510.0,764447,2001-07-04 00:00:00,2001-07-04 00:00:00
2225986.0,4610656.5,764448,2001-09-23 00:00:00,2001-09-29 00:00:00
2314015.5,4612046.5,764449,2001-07-04 00:00:00,2001-07-04 00:00:00
2315868.8,4611120.0,764450,2008-10-05 00:00:00,2008-10-09 00:00:00
2232009.0,4611120.0,764452,2016-09-16 00:00:00,2016-09-26 00:00:00
2272780.5,4611583.5,764453,2011-10-26 00:00:00,2011-10-26 00:00:00
2274634.0,4611120.0,764454,2011-09-29 00:00:00,2011-09-29 00:00:00
2245445.2,4610193.5,764455,2017-10-03 00:00:00,2017-10-03 00:00:00
2245445.2,4608803.5,764458,2017-10-02 00:00:00,2017-10-03 00:00:00
2295946.2,4609266.5,764459,2016-08-31 00:00:00,2016-08-31 00:00:00
2296409.5,4609266.5,764460,2016-10-19 00:00:00,2016-10-22 00:00:00
2298262.8,4609266.5,764461,2016-10-19 00:00:00,2016-10-19 00:00:00
2246835.0,4608340.0,764462,2016-09-04 00:00:00,2016-09-04 00:00:00
2227839.2,4605097.0,764465,2001-09-24 00:00:00,2001-10-03 00:00:00
2226912.8,4607877.0,764466,2008-09-11 00:00:00,2008-09-11 00:00:00
2245445.2,4606950.0,764467,2019-09-11 00:00:00,2019-09-13 00:00:00
2227376.0,4606950.0,764468,2016-09-27 00:00:00,2016-09-27 00:00:00
2227839.2,4604633.5,764469,2016-09-16 00:00:00,2016-09-24 00:00:00
2235715.5,4606950.0,764470,2014-10-06 00:00:00,2014-10-08 00:00:00
2227839.2,4605560.0,764471,2016-09-27 00:00:00,2016-09-27 00:00:00
2245445.2,4606023.5,764472,2019-09-13 00:00:00,2019-09-13 00:00:00
2250078.2,4605560.0,764473,2003-09-08 00:00:00,2003-09-12 00:00:00
2277877.0,4606023.5,764474,2001-09-11 00:00:00,2001-09-11 00:00:00
2225986.0,4605097.0,764476,2016-09-19 00:00:00,2016-09-22 00:00:00
2225986.0,4605560.0,764477,2001-09-30 00:00:00,2001-09-30 00:00:00
2245445.2,4605560.0,764478,2019-09-07 00:00:00,2019-09-07 00:00:00
2290386.5,4605560.0,764479,2012-09-19 00:00:00,2012-09-19 00:00:00
2245445.2,4605097.0,764481,2019-09-16 00:00:00,2019-09-16 00:00:00
2246835.0,4605097.0,764482,2019-09-04 00:00:00,2019-09-04 00:00:00
2247761.8,4604633.5,764483,2019-09-11 00:00:00,2019-09-12 00:00:00
2290849.8,4605097.0,764484,2007-09-08 00:00:00,2007-09-08 00:00:00
2231545.8,4603707.0,764490,2016-09-29 00:00:00,2016-09-30 00:00:00
2292703.0,4603243.5,764491,2007-09-06 00:00:00,2007-09-16 00:00:00
2292239.8,4604170.5,764492,2012-09-19 00:00:00,2012-09-19 00:00:00
2304286.0,4604170.5,764493,2012-09-19 00:00:00,2012-09-21 00:00:00
2293166.5,4603707.0,764494,2001-08-30 00:00:00,2001-08-30 00:00:00
2313088.8,4603243.5,764495,2011-10-24 00:00:00,2011-10-29 00:00:00
2224596.0,4602780.5,764497,2016-09-07 00:00:00,2016-09-10 00:00:00
2247761.8,4603243.5,764498,2019-08-07 00:00:00,2019-08-07 00:00:00
2276487.2,4603243.5,764499,2014-09-09 00:00:00,2014-09-13 00:00:00
2247298.5,4602780.5,764502,2019-09-05 00:00:00,2019-09-05 00:00:00
2290849.8,4602780.5,764503,2007-09-08 00:00:00,2007-09-08 00:00:00
2292239.8,4602780.5,764504,2012-09-19 00:00:00,2012-09-19 00:00:00
2293629.8,4602780.5,764505,2007-09-08 00:00:00,2007-09-08 00:00:00
2226912.8,4601853.5,764508,2016-09-04 00:00:00,2016-09-04 00:00:00
2278803.8,4601390.5,764509,2007-09-04 00:00:00,2007-09-09 00:00:00
2283436.8,4601390.5,764512,2001-07-04 00:00:00,2001-07-06 00:00:00
2283436.8,4600927.0,764513,2001-08-24 00:00:00,2001-08-25 00:00:00
2314015.5,4600464.0,764515,2011-09-10 00:00:00,2011-09-10 00:00:00
2316795.2,4600927.0,764516,2011-10-29 00:00:00,2011-10-29 00:00:00
2257028.0,4600464.0,764518,2022-10-10 00:00:00,2022-10-14 00:00:00
2267684.2,4600464.0,764519,2011-10-28 00:00:00,2011-10-28 00:00:00
2270464.0,4600464.0,764520,2011-09-29 00:00:00,2011-09-29 00:00:00
2278803.8,4600000.5,764521,2007-09-02 00:00:00,2007-09-02 00:00:00
2260734.5,4600000.5,764523,2016-09-06 00:00:00,2016-09-06 00:00:00
2279267.0,4600000.5,764524,2007-09-09 00:00:00,2007-09-09 00:00:00
2310309.0,4599537.0,764525,2015-10-29 00:00:00,2015-10-30 00:00:00
2318185.2,4600000.5,764526,2011-10-29 00:00:00,2011-10-29 00:00:00
2225986.0,4599074.0,764528,2016-09-21 00:00:00,2016-09-23 00:00:00
2252858.2,4599537.0,764529,2022-10-06 00:00:00,2022-10-18 00:00:00
2291776.5,4597684.0,764530,2001-06-23 00:00:00,2001-06-23 00:00:00
2224596.0,4598610.5,764532,2016-10-13 00:00:00,2016-10-13 00:00:00
2262587.8,4598610.5,764533,2011-11-02 00:00:00,2011-11-08 00:00:00
2277413.8,4599074.0,764534,2009-09-12 00:00:00,2009-09-12 00:00:00
2283436.8,4599074.0,764535,2019-10-09 00:00:00,2019-10-09 00:00:00
2277877.0,4598610.5,764539,2009-09-02 00:00:00,2009-09-02 00:00:00
2279730.2,4598610.5,764540,2009-09-30 00:00:00,2009-09-30 00:00:00
2253321.5,4598147.0,764545,2016-09-26 00:00:00,2016-09-26 00:00:00
2259807.8,4598147.0,764546,2011-11-02 00:00:00,2011-11-02 00:00:00
2293629.8,4597220.5,764547,2001-09-01 00:00:00,2001-09-02 00:00:00
2254711.5,4597684.0,764548,2016-10-04 00:00:00,2016-10-04 00:00:00
2257028.0,4597684.0,764549,2022-10-06 00:00:00,2022-10-06 00:00:00
2258881.2,4597220.5,764550,2022-10-05 00:00:00,2022-10-10 00:00:00
2291313.2,4597684.0,764551,2001-07-04 00:00:00,2001-07-04 00:00:00
2294556.2,4597684.0,764552,2003-07-30 00:00:00,2003-08-04 00:00:00
2229692.5,4596757.5,764553,2018-10-03 00:00:00,2018-10-04 00:00:00
2254711.5,4597220.5,764554,2016-09-25 00:00:00,2016-09-25 00:00:00
2292703.0,4596757.5,764555,2001-06-13 00:00:00,2001-06-13 00:00:00
2303359.2,4596294.0,764556,2007-09-05 00:00:00,2007-09-09 00:00:00
2293629.8,4596757.5,764558,2001-07-04 00:00:00,2001-07-04 00:00:00
2301506.0,4596757.5,764559,2011-09-11 00:00:00,2011-09-11 00:00:00
2294093.0,4596294.0,764561,2014-06-02 00:00:00,2014-06-02 00:00:00
2294556.2,4595830.5,764562,2014-05-26 00:00:00,2014-06-05 00:00:00
2295019.8,4596294.0,764563,2014-06-09 00:00:00,2014-06-09 00:00:00
2304749.2,4596294.0,764564,2007-09-09 00:00:00,2007-09-09 00:00:00
2253321.5,4595830.5,764565,2016-09-15 00:00:00,2016-09-16 00:00:00
2226449.2,4595367.5,764566,2011-10-24 00:00:00,2011-10-24 00:00:00
2235715.5,4594904.0,764567,2001-09-30 00:00:00,2001-10-05 00:00:00
2263051.0,4595367.5,764568,2011-10-23 00:00:00,2011-10-23 00:00:00
2279730.2,4595367.5,764569,2007-09-04 00:00:00,2007-09-04 00:00:00
2281120.2,4595367.5,764570,2001-08-31 00:00:00,2001-08-31 00:00:00
2293629.8,4595367.5,764571,2014-05-28 00:00:00,2014-05-28 00:00:00
2294556.2,4595367.5,764572,2003-08-03 00:00:00,2003-08-04 00:00:00
2306139.2,4595367.5,764573,2007-09-08 00:00:00,2007-09-08 00:00:00
2267220.8,4593514.0,764574,2011-09-08 00:00:00,2011-09-12 00:00:00
2279267.0,4594904.0,764575,2007-09-10 00:00:00,2007-09-16 00:00:00
2297336.2,4594904.0,764576,2009-09-12 00:00:00,2009-09-12 00:00:00
2309845.8,4593514.0,764577,2007-09-05 00:00:00,2007-09-09 00:00:00
2235252.2,4593977.5,764579,2022-10-09 00:00:00,2022-10-10 00:00:00
2236642.2,4594440.5,764580,2014-10-11 00:00:00,2014-10-11 00:00:00
2277413.8,4593977.5,764581,2001-08-25 00:00:00,2001-08-31 00:00:00
2280657.0,4594440.5,764582,2007-09-03 00:00:00,2007-09-04 00:00:00
2281583.5,4594440.5,764583,2007-08-23 00:00:00,2007-08-23 00:00:00
2233399.0,4593051.0,764584,2022-10-09 00:00:00,2022-10-14 00:00:00
2236642.2,4593514.0,764585,2022-09-26 00:00:00,2022-09-29 00:00:00
2236642.2,4593977.5,764586,2022-10-10 00:00:00,2022-10-10 00:00:00
2236642.2,4593514.0,764587,2001-10-02 00:00:00,2001-10-11 00:00:00
2255174.8,4593977.5,764588,2012-09-21 00:00:00,2012-09-23 00:00:00
2279267.0,4593977.5,764589,2007-09-16 00:00:00,2007-09-16 00:00:00
2280657.0,4593977.5,764590,2007-09-16 00:00:00,2007-09-16 00:00:00
2289923.2,4593051.0,764591,2001-09-07 00:00:00,2001-09-09 00:00:00
2303822.5,4593977.5,764592,2009-08-16 00:00:00,2009-08-18 00:00:00
2233399.0,4593514.0,764593,2022-09-28 00:00:00,2022-09-28 00:00:00
2235715.5,4593051.0,764594,2014-10-02 00:00:00,2014-10-09 00:00:00
2267220.8,4593514.0,764595,2001-09-06 00:00:00,2001-09-06 00:00:00
2270000.8,4593514.0,764596,2007-10-03 00:00:00,2007-10-03 00:00:00
2270464.0,4593514.0,764597,2007-10-15 00:00:00,2007-10-15 00:00:00
2271390.8,4592587.5,764598,2022-10-03 00:00:00,2022-10-10 00:00:00
2278803.8,4593514.0,764599,2007-09-09 00:00:00,2007-09-09 00:00:00
2260271.2,4591197.5,764604,2001-09-12 00:00:00,2001-09-16 00:00:00
2276487.2,4592587.5,764605,2001-09-15 00:00:00,2001-09-15 00:00:00
2271854.0,4592124.0,764607,2007-10-15 00:00:00,2007-10-15 00:00:00
2272317.2,4592124.0,764608,2007-10-01 00:00:00,2007-10-01 00:00:00
2273244.0,4592124.0,764609,2011-09-30 00:00:00,2011-09-30 00:00:00
2288996.5,4589807.5,764610,2001-09-06 00:00:00,2001-09-11 00:00:00
2296409.5,4591661.0,764611,2011-10-26 00:00:00,2011-10-26 00:00:00
2263977.8,4591197.5,764613,2001-09-30 00:00:00,2001-09-30 00:00:00
2264904.2,4591197.5,764614,2001-09-30 00:00:00,2001-09-30 00:00:00
2272780.5,4591197.5,764615,2011-09-24 00:00:00,2011-09-24 00:00:00
2272780.5,4591197.5,764616,2011-10-26 00:00:00,2011-10-26 00:00:00
2273707.2,4591197.5,764617,2011-09-24 00:00:00,2011-09-24 00:00:00
2279267.0,4591197.5,764618,2011-09-08 00:00:00,2011-09-10 00:00:00
2273244.0,4590734.0,764619,2023-10-02 00:00:00,2023-10-06 00:00:00
2288070.0,4590734.0,764620,2011-08-29 00:00:00,2011-09-03 00:00:00
2305675.8,4590734.0,764621,2021-06-22 00:00:00,2021-06-22 00:00:00
2263514.2,4589344.5,764623,2016-09-07 00:00:00,2016-09-15 00:00:00
2295483.0,4590271.0,764624,2011-09-25 00:00:00,2011-09-25 00:00:00
2296409.5,4590271.0,764625,2009-09-12 00:00:00,2009-09-20 00:00:00
2298726.2,4590271.0,764626,2011-09-27 00:00:00,2011-09-27 00:00:00
2305212.5,4590271.0,764627,2013-06-05 00:00:00,2013-06-07 00:00:00
2224596.0,4589807.5,764629,2016-09-13 00:00:00,2016-09-13 00:00:00
2262587.8,4589807.5,764630,2016-09-16 00:00:00,2016-09-16 00:00:00
2263051.0,4589344.5,764631,2001-09-06 00:00:00,2001-09-06 00:00:00
2265831.0,4588417.5,764632,2016-09-20 00:00:00,2016-09-29 00:00:00
2267220.8,4588417.5,764633,2011-10-20 00:00:00,2011-10-23 00:00:00
2306139.2,4589807.5,764634,2013-05-28 00:00:00,2013-05-28 00:00:00
2226912.8,4587954.5,764635,2018-10-03 00:00:00,2018-10-20 00:00:00
2228766.0,4588881.0,764636,2018-10-22 00:00:00,2018-10-24 00:00:00
2249615.0,4589344.5,764637,2001-09-30 00:00:00,2001-09-30 00:00:00
2262124.5,4586564.5,764638,2001-09-13 00:00:00,2001-09-17 00:00:00
2266757.5,4588417.5,764639,2007-04-13 00:00:00,2007-04-18 00:00:00
2273244.0,4588881.0,764640,2016-10-01 00:00:00,2016-10-02 00:00:00
2293629.8,4588417.5,764641,2001-09-06 00:00:00,2001-09-07 00:00:00
2295019.8,4589344.5,764642,2011-10-25 00:00:00,2011-10-26 00:00:00
2306139.2,4588881.0,764643,2010-06-04 00:00:00,2010-06-07 00:00:00
2245445.2,4588881.0,764646,2017-10-08 00:00:00,2017-10-10 00:00:00
2274634.0,4588881.0,764647,2011-09-26 00:00:00,2011-09-26 00:00:00
2278803.8,4588417.5,764648,2016-09-03 00:00:00,2016-09-03 00:00:00
2295946.2,4588417.5,764649,2011-09-28 00:00:00,2011-09-28 00:00:00
2252858.2,4587954.5,764652,2023-10-01 00:00:00,2023-10-05 00:00:00
2267220.8,4587954.5,764653,2001-10-02 00:00:00,2001-10-06 00:00:00
2267684.2,4588417.5,764654,2001-10-16 00:00:00,2001-10-18 00:00:00
2300579.5,4588417.5,764655,2011-09-24 00:00:00,2011-09-24 00:00:00
2307529.0,4588417.5,764656,2010-04-30 00:00:00,2010-04-30 00:00:00
2226912.8,4587954.5,764658,2020-10-03 00:00:00,2020-10-03 00:00:00
2295483.0,4587954.5,764659,2001-08-25 00:00:00,2001-08-25 00:00:00
2227839.2,4587491.0,764661,2018-10-21 00:00:00,2018-10-21 00:00:00
2297336.2,4587027.5,764662,2009-09-12 00:00:00,2009-09-15 00:00:00
2226912.8,4587027.5,764663,2020-09-30 00:00:00,2020-10-02 00:00:00
2227376.0,4587027.5,764664,2020-10-08 00:00:00,2020-10-08 00:00:00
2266294.2,4587027.5,764665,2016-09-24 00:00:00,2016-09-24 00:00:00
2275560.5,4587027.5,764666,2011-10-26 00:00:00,2011-10-26 00:00:00
2279267.0,4586564.5,764667,2011-09-03 00:00:00,2011-09-10 00:00:00
2290386.5,4587027.5,764668,2001-08-23 00:00:00,2001-08-23 00:00:00
2225986.0,4585638.0,764669,2022-10-06 00:00:00,2022-10-16 00:00:00
2226912.8,4586564.5,764670,2023-10-15 00:00:00,2023-10-17 00:00:00
2255638.0,4586564.5,764671,2007-09-03 00:00:00,2007-09-03 00:00:00
2267684.2,4585638.0,764672,2007-09-25 00:00:00,2007-09-29 00:00:00
2291776.5,4586564.5,764673,2009-07-06 00:00:00,2009-07-10 00:00:00
2292703.0,4586101.0,764674,2001-09-07 00:00:00,2001-09-07 00:00:00
2298262.8,4586564.5,764675,2009-09-21 00:00:00,2009-09-21 00:00:00
2225986.0,4585638.0,764678,2017-10-09 00:00:00,2017-10-14 00:00:00
2262124.5,4586101.0,764679,2011-08-18 00:00:00,2011-08-18 00:00:00
2276487.2,4586101.0,764680,2011-09-25 00:00:00,2011-09-25 00:00:00
2297336.2,4586101.0,764681,2011-09-16 00:00:00,2011-09-23 00:00:00
2296873.0,4585638.0,764682,2009-08-20 00:00:00,2009-08-25 00:00:00
2224596.0,4585638.0,764685,2019-10-13 00:00:00,2019-10-14 00:00:00
2224596.0,4585174.5,764686,2021-10-23 00:00:00,2021-10-28 00:00:00
2225522.8,4585174.5,764687,2005-10-06 00:00:00,2005-10-06 00:00:00
2266294.2,4585638.0,764688,2007-09-14 00:00:00,2007-09-14 00:00:00
2276023.8,4585638.0,764689,2007-10-03 00:00:00,2007-10-03 00:00:00
2291313.2,4585174.5,764690,2019-10-11 00:00:00,2019-10-13 00:00:00
2294093.0,4585174.5,764691,2019-10-11 00:00:00,2019-10-13 00:00:00
2262124.5,4585174.5,764698,2011-09-09 00:00:00,2011-09-10 00:00:00
2266294.2,4585174.5,764699,2001-09-30 00:00:00,2001-09-30 00:00:00
2278803.8,4584711.0,764700,2011-10-27 00:00:00,2011-10-27 00:00:00
2261197.8,4584711.0,764710,2024-06-21 00:00:00,2024-06-22 00:00:00
2297799.5,4584711.0,764711,2009-09-15 00:00:00,2009-09-15 00:00:00
2291776.5,4583321.0,764718,2019-10-11 00:00:00,2019-10-13 00:00:00
2295483.0,4584248.0,764719,2009-09-21 00:00:00,2009-09-21 00:00:00
2225059.5,4583784.5,764724,2019-10-14 00:00:00,2019-10-14 00:00:00
2224596.0,4583321.0,764728,2018-10-09 00:00:00,2018-10-12 00:00:00
2225986.0,4582394.5,764731,2019-10-14 00:00:00,2019-10-18 00:00:00
2225522.8,4582394.5,764732,2018-10-09 00:00:00,2018-10-09 00:00:00
2265367.5,4581931.5,764733,2001-09-30 00:00:00,2001-09-30 00:00:00
2225059.5,4581931.5,764735,2008-10-01 00:00:00,2008-10-01 00:00:00
2225986.0,4581931.5,764736,2018-09-29 00:00:00,2018-09-29 00:00:00
2227376.0,4581931.5,764737,2018-10-02 00:00:00,2018-10-02 00:00:00
2263977.8,4581931.5,764738,2001-09-29 00:00:00,2001-10-08 00:00:00
2273707.2,4581931.5,764739,2012-09-21 00:00:00,2012-09-21 00:00:00
2274634.0,4581931.5,764740,2012-09-21 00:00:00,2012-09-21 00:00:00
2296409.5,4581931.5,764741,2011-10-02 00:00:00,2011-10-02 00:00:00
2274634.0,4581468.0,764742,2012-09-27 00:00:00,2012-09-27 00:00:00
2265367.5,4581004.5,764744,2001-09-30 00:00:00,2001-09-30 00:00:00
2227376.0,4580541.5,764746,2018-10-02 00:00:00,2018-10-03 00:00:00
2264904.2,4578225.0,764747,2001-09-26 00:00:00,2001-09-30 00:00:00
2314942.0,4580541.5,764748,2011-09-09 00:00:00,2011-09-11 00:00:00
2283900.2,4579614.5,764750,2023-09-29 00:00:00,2023-09-30 00:00:00
2270464.0,4578688.0,764752,2015-10-27 00:00:00,2015-10-30 00:00:00
2270000.8,4579614.5,764753,2011-10-28 00:00:00,2011-10-28 00:00:00
2307992.5,4579151.5,764755,2001-07-04 00:00:00,2001-07-04 00:00:00
2250078.2,4577298.0,764760,2016-11-14 00:00:00,2016-11-15 00:00:00
2257028.0,4576835.0,764761,2008-09-30 00:00:00,2008-10-05 00:00:00
2270927.2,4576835.0,764764,2022-10-09 00:00:00,2022-10-14 00:00:00
2268610.8,4575445.0,764765,2011-09-24 00:00:00,2011-09-24 00:00:00
2270000.8,4575445.0,764766,2001-09-15 00:00:00,2001-09-15 00:00:00
2270464.0,4575445.0,764767,2019-10-09 00:00:00,2019-10-09 00:00:00
2309382.2,4575445.0,764768,2001-08-26 00:00:00,2001-08-26 00:00:00
2312162.2,4575445.0,764769,2009-08-27 00:00:00,2009-08-27 00:00:00
2312625.5,4574981.5,764772,2011-09-12 00:00:00,2011-09-12 00:00:00
2270000.8,4574518.5,764775,2019-09-30 00:00:00,2019-09-30 00:00:00
2271390.8,4574518.5,764776,2011-11-02 00:00:00,2011-11-02 00:00:00
2314015.5,4574518.5,764777,2011-10-28 00:00:00,2011-10-28 00:00:00
2270000.8,4567105.5,764783,2022-10-03 00:00:00,2022-10-20 00:00:00
2269537.5,4573128.5,764784,2022-10-18 00:00:00,2022-10-18 00:00:00
2265367.5,4571275.0,764787,2001-09-11 00:00:00,2001-09-14 00:00:00
2270000.8,4572665.0,764788,2019-10-09 00:00:00,2019-10-14 00:00:00
2264904.2,4572201.5,764789,2011-09-27 00:00:00,2011-09-29 00:00:00
2269537.5,4571738.5,764791,2022-03-11 00:00:00,2022-03-21 00:00:00
2270000.8,4571738.5,764792,2012-10-13 00:00:00,2012-10-13 00:00:00
2273707.2,4571738.5,764793,2011-08-29 00:00:00,2011-09-01 00:00:00
2274634.0,4570812.0,764794,2011-08-31 00:00:00,2011-09-03 00:00:00
2225522.8,4571275.0,764802,2021-10-25 00:00:00,2021-10-31 00:00:00
2247298.5,4571275.0,764803,2008-06-14 00:00:00,2008-06-14 00:00:00
2269537.5,4571275.0,764804,2007-10-01 00:00:00,2007-10-06 00:00:00
2268610.8,4571275.0,764805,2022-10-19 00:00:00,2022-10-19 00:00:00
2270000.8,4570812.0,764806,2007-10-15 00:00:00,2007-10-17 00:00:00
2270464.0,4571275.0,764807,2021-10-15 00:00:00,2021-10-19 00:00:00
2270464.0,4569885.0,764819,2021-10-15 00:00:00,2021-10-27 00:00:00
2269074.0,4570348.5,764820,2019-09-26 00:00:00,2019-10-02 00:00:00
2269537.5,4570812.0,764821,2022-10-20 00:00:00,2022-10-20 00:00:00
2270000.8,4570812.0,764822,2011-10-26 00:00:00,2011-10-26 00:00:00
2270927.2,4570812.0,764823,2007-10-04 00:00:00,2007-10-07 00:00:00
2282047.0,4569885.0,764824,2009-09-17 00:00:00,2009-09-19 00:00:00
2224596.0,4570348.5,764831,2022-10-15 00:00:00,2022-10-15 00:00:00
2268610.8,4570348.5,764832,2021-10-14 00:00:00,2021-10-14 00:00:00
2269074.0,4568032.0,764833,2011-10-23 00:00:00,2011-11-02 00:00:00
2276950.5,4570348.5,764834,2011-09-28 00:00:00,2011-09-28 00:00:00
2280193.8,4570348.5,764835,2009-09-21 00:00:00,2009-09-21 00:00:00
2224596.0,4569885.0,764844,2023-10-05 00:00:00,2023-10-05 00:00:00
2226449.2,4569885.0,764845,2021-11-01 00:00:00,2021-11-01 00:00:00
2247298.5,4569885.0,764846,2008-06-10 00:00:00,2008-06-12 00:00:00
2270000.8,4569422.0,764847,2007-10-03 00:00:00,2007-10-03 00:00:00
2225059.5,4569422.0,764848,2011-11-01 00:00:00,2011-11-01 00:00:00
2270927.2,4569885.0,764849,2019-10-09 00:00:00,2019-10-10 00:00:00
2270000.8,4569422.0,764853,2021-10-07 00:00:00,2021-10-07 00:00:00
2270927.2,4569422.0,764854,2021-10-28 00:00:00,2021-10-28 00:00:00
2227839.2,4568032.0,764860,2014-10-07 00:00:00,2014-10-18 00:00:00
2225059.5,4568495.0,764864,2011-11-08 00:00:00,2011-11-08 00:00:00
2225986.0,4568032.0,764865,2023-10-08 00:00:00,2023-10-08 00:00:00
2270000.8,4568495.0,764866,2021-10-04 00:00:00,2021-10-04 00:00:00
2224596.0,4568032.0,764873,2004-10-19 00:00:00,2004-10-19 00:00:00
2225059.5,4568032.0,764874,2011-10-31 00:00:00,2011-11-01 00:00:00
2225522.8,4568032.0,764875,2005-10-04 00:00:00,2005-10-09 00:00:00
2225522.8,4567568.5,764876,2012-09-25 00:00:00,2012-10-04 00:00:00
2225986.0,4568032.0,764877,2014-10-09 00:00:00,2014-10-09 00:00:00
2225986.0,4568032.0,764878,2022-10-04 00:00:00,2022-10-04 00:00:00
2270464.0,4568032.0,764879,2019-10-01 00:00:00,2019-10-01 00:00:00
2270927.2,4567568.5,764880,2019-10-09 00:00:00,2019-10-14 00:00:00
2278340.5,4568032.0,764881,2011-09-30 00:00:00,2011-09-30 00:00:00
2225059.5,4567568.5,764887,2012-09-26 00:00:00,2012-09-26 00:00:00
2224596.0,4567105.5,764888,2021-10-21 00:00:00,2021-10-30 00:00:00
2231545.8,4567105.5,764889,2016-10-03 00:00:00,2016-10-08 00:00:00
2263977.8,4567568.5,764890,2001-09-23 00:00:00,2001-09-23 00:00:00
2270927.2,4567568.5,764891,2011-10-03 00:00:00,2011-10-03 00:00:00
2276487.2,4567568.5,764892,2011-09-25 00:00:00,2011-09-25 00:00:00
2277413.8,4567568.5,764893,2011-10-01 00:00:00,2011-10-01 00:00:00
2287143.2,4567568.5,764894,2011-09-26 00:00:00,2011-09-26 00:00:00
2225059.5,4567105.5,764897,2015-10-09 00:00:00,2015-10-14 00:00:00
2225986.0,4567105.5,764898,2012-10-14 00:00:00,2012-10-14 00:00:00
2227376.0,4567105.5,764899,2023-10-07 00:00:00,2023-10-07 00:00:00
2232009.0,4567105.5,764900,2014-09-08 00:00:00,2014-09-08 00:00:00
2277413.8,4565715.5,764903,2011-09-26 00:00:00,2011-09-27 00:00:00
2284826.8,4566642.0,764904,2009-09-17 00:00:00,2009-09-17 00:00:00
2225522.8,4566178.5,764910,2014-09-05 00:00:00,2014-09-06 00:00:00
2232009.0,4564788.5,764911,2014-09-01 00:00:00,2014-09-09 00:00:00
2276487.2,4566178.5,764912,2011-09-25 00:00:00,2011-09-25 00:00:00
2274170.5,4563399.0,764921,2011-08-26 00:00:00,2011-08-29 00:00:00
2270000.8,4563862.0,764927,2005-10-09 00:00:00,2005-10-16 00:00:00
2270000.8,4563862.0,764928,2018-10-01 00:00:00,2018-10-03 00:00:00
2227839.2,4561545.5,764931,2014-09-03 00:00:00,2014-09-09 00:00:00
2270464.0,4564325.5,764932,2022-09-26 00:00:00,2022-09-30 00:00:00
2271854.0,4563399.0,764933,2022-10-08 00:00:00,2022-10-10 00:00:00
2239885.5,4561082.0,764941,2014-09-04 00:00:00,2014-09-10 00:00:00
2269537.5,4563399.0,764945,2012-09-22 00:00:00,2012-09-22 00:00:00
2270000.8,4563399.0,764946,2012-10-07 00:00:00,2012-10-14 00:00:00
2270927.2,4563399.0,764947,2022-10-18 00:00:00,2022-10-18 00:00:00
2269537.5,4562935.5,764950,2005-10-17 00:00:00,2005-10-17 00:00:00
2228302.5,4561082.0,764953,2001-08-10 00:00:00,2001-08-14 00:00:00
2255174.8,4562472.0,764954,2019-09-16 00:00:00,2019-09-16 00:00:00
2269537.5,4562472.0,764955,2012-10-14 00:00:00,2012-10-14 00:00:00
2270000.8,4562472.0,764956,2012-10-02 00:00:00,2012-10-02 00:00:00
2270464.0,4562472.0,764957,2012-10-09 00:00:00,2012-10-09 00:00:00
2271390.8,4562472.0,764958,2018-09-14 00:00:00,2018-09-15 00:00:00
2242202.0,4562009.0,764959,2014-09-08 00:00:00,2014-09-09 00:00:00
2270927.2,4561545.5,764960,2012-09-15 00:00:00,2012-09-22 00:00:00
2269537.5,4561545.5,764964,2012-09-08 00:00:00,2012-09-08 00:00:00
2271854.0,4560619.0,764965,2018-09-12 00:00:00,2018-09-19 00:00:00
2276950.5,4560619.0,764966,2009-09-19 00:00:00,2009-09-21 00:00:00
2238495.5,4560619.0,764969,2014-08-31 00:00:00,2014-09-02 00:00:00
2241738.8,4561082.0,764970,2014-09-08 00:00:00,2014-09-09 00:00:00
2270927.2,4561082.0,764971,2020-09-27 00:00:00,2020-10-04 00:00:00
2271854.0,4558765.5,764972,2022-10-08 00:00:00,2022-10-14 00:00:00
2271854.0,4561082.0,764973,2018-10-03 00:00:00,2018-10-03 00:00:00
2270927.2,4560619.0,764974,2022-09-24 00:00:00,2022-09-24 00:00:00
2271390.8,4560619.0,764975,2011-10-23 00:00:00,2011-10-25 00:00:00
2271390.8,4560619.0,764976,2022-10-21 00:00:00,2022-10-21 00:00:00
2279730.2,4560619.0,764977,2011-09-09 00:00:00,2011-09-09 00:00:00
2279730.2,4560619.0,764978,2009-09-16 00:00:00,2009-09-17 00:00:00
2270927.2,4559692.5,764979,2012-10-10 00:00:00,2012-10-14 00:00:00
2271390.8,4560155.5,764980,2020-10-11 00:00:00,2020-10-11 00:00:00
2239885.5,4559692.5,764982,2014-09-08 00:00:00,2014-09-09 00:00:00
2271854.0,4559692.5,764983,2011-10-01 00:00:00,2011-10-01 00:00:00
2271854.0,4559229.0,764985,2020-09-02 00:00:00,2020-09-02 00:00:00
2271854.0,4557839.0,764989,2011-10-19 00:00:00,2011-10-23 00:00:00
2271390.8,4558765.5,764990,2020-11-10 00:00:00,2020-11-10 00:00:00
2270464.0,4555986.0,765003,2019-09-27 00:00:00,2019-09-27 00:00:00
2234789.0,4555522.5,765005,2024-07-19 00:00:00,2024-07-20 00:00:00
2249615.0,4555059.0,765007,2020-10-10 00:00:00,2020-10-10 00:00:00
2234325.8,4554596.0,765008,2024-07-18 00:00:00,2024-07-19 00:00:00
2252394.8,4552742.5,765009,2014-09-08 00:00:00,2014-09-14 00:00:00
2250541.5,4550889.5,765016,2014-09-17 00:00:00,2014-09-17 00:00:00
2251005.0,4550889.5,765017,2014-09-08 00:00:00,2014-09-11 00:00:00
2253321.5,4549962.5,765020,2014-08-31 00:00:00,2014-08-31 00:00:00
2237568.8,4544866.0,765039,2022-10-02 00:00:00,2022-10-02 00:00:00
2237105.5,4543476.5,765046,2022-10-08 00:00:00,2022-10-17 00:00:00
2235715.5,4543476.5,765050,2011-11-01 00:00:00,2011-11-01 00:00:00
2277877.0,4543013.0,765055,2004-08-09 00:00:00,2004-08-09 00:00:00
2237105.5,4542086.5,765060,2011-11-01 00:00:00,2011-11-04 00:00:00
2234789.0,4540696.5,765069,2011-11-01 00:00:00,2011-11-02 00:00:00
2235715.5,4540233.0,765078,2020-10-08 00:00:00,2020-10-11 00:00:00
2236642.2,4539770.0,765080,2011-11-01 00:00:00,2011-11-01 00:00:00
2237105.5,4539770.0,765081,2020-10-15 00:00:00,2020-10-15 00:00:00
2281583.5,4538843.0,765095,2015-09-05 00:00:00,2015-09-07 00:00:00
2234789.0,4536990.0,765116,2017-10-08 00:00:00,2017-10-10 00:00:00
2231545.8,4536063.5,765128,2014-09-08 00:00:00,2014-09-09 00:00:00
2233862.2,4535600.0,765143,2007-10-04 00:00:00,2007-10-04 00:00:00
2233862.2,4535600.0,765144,2010-09-24 00:00:00,2010-09-24 00:00:00
2234789.0,4535600.0,765145,2012-10-12 00:00:00,2012-10-12 00:00:00
2232009.0,4534210.0,765152,2014-09-28 00:00:00,2014-10-04 00:00:00
2230155.8,4533746.5,765158,2022-10-05 00:00:00,2022-10-17 00:00:00
2232935.8,4534673.5,765159,2022-10-08 00:00:00,2022-10-08 00:00:00
2233399.0,4534673.5,765160,2022-10-14 00:00:00,2022-10-14 00:00:00
2230619.2,4534210.0,765171,2022-09-26 00:00:00,2022-09-26 00:00:00
2232472.5,4534210.0,765172,2007-10-04 00:00:00,2007-10-04 00:00:00
2232935.8,4533746.5,765173,2010-09-27 00:00:00,2010-09-27 00:00:00
2244518.5,4533746.5,765174,2018-10-03 00:00:00,2018-10-05 00:00:00
2244055.2,4534210.0,765175,2018-10-14 00:00:00,2018-10-14 00:00:00
2233862.2,4533283.5,765178,2022-10-10 00:00:00,2022-10-16 00:00:00
2242665.2,4533283.5,765179,2018-10-03 00:00:00,2018-10-17 00:00:00
2227376.0,4532357.0,765187,2019-10-09 00:00:00,2019-10-14 00:00:00
2228766.0,4532820.0,765188,2022-10-14 00:00:00,2022-10-17 00:00:00
2228766.0,4533283.5,765189,2022-09-26 00:00:00,2022-09-26 00:00:00
2241738.8,4533283.5,765190,2005-10-01 00:00:00,2005-10-01 00:00:00
2226912.8,4532357.0,765197,2022-10-10 00:00:00,2022-10-14 00:00:00
2227376.0,4532820.0,765198,2022-09-25 00:00:00,2022-09-26 00:00:00
2229692.5,4532820.0,765199,2014-10-05 00:00:00,2014-10-07 00:00:00
2229229.2,4532357.0,765200,2022-10-04 00:00:00,2022-10-08 00:00:00
2234325.8,4532820.0,765201,2010-09-27 00:00:00,2010-10-01 00:00:00
2236642.2,4532820.0,765202,2012-10-09 00:00:00,2012-10-09 00:00:00
2237568.8,4532820.0,765203,2012-09-30 00:00:00,2012-09-30 00:00:00
2239885.5,4532357.0,765210,2008-10-06 00:00:00,2008-10-06 00:00:00
2226912.8,4530967.0,765219,2019-09-16 00:00:00,2019-09-24 00:00:00
2227839.2,4530967.0,765220,2022-09-26 00:00:00,2022-10-03 00:00:00
2225986.0,4531430.0,765233,2008-10-08 00:00:00,2008-10-08 00:00:00
2227376.0,4531430.0,765234,2022-10-14 00:00:00,2022-10-14 00:00:00
2227839.2,4530967.0,765241,2019-09-02 00:00:00,2019-09-02 00:00:00
2227839.2,4530967.0,765242,2019-10-16 00:00:00,2019-10-16 00:00:00
2226449.2,4530503.5,765250,2008-10-07 00:00:00,2008-10-07 00:00:00
2225986.0,4530040.0,765255,2007-05-06 00:00:00,2007-05-10 00:00:00
2275097.2,4528187.0,765271,2003-10-07 00:00:00,2003-10-07 00:00:00
2272317.2,4524944.0,765281,2003-10-05 00:00:00,2003-10-10 00:00:00
2294093.0,4525407.0,765287,2003-10-04 00:00:00,2003-10-10 00:00:00
2249615.0,4521237.5,765318,2016-06-21 00:00:00,2016-06-28 00:00:00
2248688.2,4518457.5,765345,2007-05-22 00:00:00,2007-05-22 00:00:00
2268147.5,4517531.0,765352,2021-10-06 00:00:00,2021-10-10 00:00:00
2270000.8,4517067.5,765357,2021-10-10 00:00:00,2021-10-10 00:00:00
2270464.0,4517067.5,765358,2021-10-19 00:00:00,2021-10-19 00:00:00
2268147.5,4510118.0,765463,2020-09-14 00:00:00,2020-09-14 00:00:00
2266294.2,4507801.0,765538,2001-09-30 00:00:00,2001-10-06 00:00:00
2260734.5,4501778.0,765629,2003-10-10 00:00:00,2003-10-10 00:00:00
2261197.8,4501778.0,765630,2003-10-04 00:00:00,2003-10-04 00:00:00
2256564.8,4497145.0,765710,2023-06-16 00:00:00,2023-06-16 00:00:00
2253321.5,4493902.0,765748,2009-09-13 00:00:00,2009-09-13 00:00:00
2279267.0,4486025.5,765884,2015-10-07 00:00:00,2015-10-07 00:00:00
2282510.2,4486025.5,765885,2011-10-28 00:00:00,2011-10-28 00:00:00
2280193.8,4483245.5,765886,2011-10-22 00:00:00,2011-10-28 00:00:00
2280657.0,4485562.0,765903,2011-11-05 00:00:00,2011-11-05 00:00:00
2285753.5,4484635.5,765922,2011-10-27 00:00:00,2011-10-28 00:00:00
2284363.5,4483709.0,765930,2011-10-21 00:00:00,2011-10-21 00:00:00
2286216.8,4483709.0,765931,2011-10-21 00:00:00,2011-10-21 00:00:00
2280193.8,4483709.0,765946,2011-11-04 00:00:00,2011-11-04 00:00:00
2281120.2,4483709.0,765947,2011-11-04 00:00:00,2011-11-04 00:00:00
2284826.8,4483709.0,765948,2011-10-27 00:00:00,2011-10-28 00:00:00
2241275.2,4477222.5,765979,2004-10-09 00:00:00,2004-10-21 00:00:00
2280193.8,4482319.0,765980,2011-10-29 00:00:00,2011-10-29 00:00:00
2241275.2,4481392.5,766007,2004-10-13 00:00:00,2004-10-13 00:00:00
2235252.2,4480466.0,766018,2024-06-13 00:00:00,2024-06-20 00:00:00
2241275.2,4480466.0,766036,2004-10-07 00:00:00,2004-10-07 00:00:00
2244518.5,4476296.0,766109,2013-07-27 00:00:00,2013-07-29 00:00:00
2240812.0,4475832.5,766159,2004-10-21 00:00:00,2004-10-21 00:00:00
2244518.5,4473979.5,766160,2008-06-18 00:00:00,2008-06-20 00:00:00
2252858.2,4465640.0,766330,2023-07-15 00:00:00,2023-07-19 00:00:00
2248688.2,4459153.5,766784,2023-08-19 00:00:00,2023-08-25 00:00:00
2295483.0,4464250.0,766785,2007-09-24 00:00:00,2007-09-24 00:00:00
2253321.5,4461470.0,767009,2023-09-03 00:00:00,2023-09-03 00:00:00
2244981.8,4456837.0,767163,2001-11-06 00:00:00,2001-11-09 00:00:00
2253321.5,4453593.5,767305,2004-07-06 00:00:00,2004-07-13 00:00:00
2251931.5,4454520.5,767358,2004-06-03 00:00:00,2004-06-03 00:00:00
1699663.6,4447571.5,767583,2001-08-15 00:00:00,2001-08-25 00:00:00
1698736.6,4447571.5,767584,2003-07-03 00:00:00,2003-07-08 00:00:00
1696419.6,4447571.5,767585,2003-07-21 00:00:00,2003-07-21 00:00:00
1700589.6,4447107.5,767586,2007-07-23 00:00:00,2007-07-25 00:00:00
1696419.6,4451740.5,767587,2008-08-20 00:00:00,2008-08-28 00:00:00
1696883.6,4448961.5,767588,2010-08-23 00:00:00,2010-08-29 00:00:00
1694103.6,4450350.5,767589,2011-08-04 00:00:00,2011-08-12 00:00:00
1705222.6,4448497.5,767590,2005-08-02 00:00:00,2005-08-05 00:00:00
1708929.6,4448497.5,767591,2007-08-21 00:00:00,2007-08-25 00:00:00
1716805.6,4449887.5,767594,2007-07-19 00:00:00,2007-07-25 00:00:00
1728851.6,4438304.5,767595,2011-07-18 00:00:00,2011-07-25 00:00:00
1720048.6,4441548.5,767598,2024-07-06 00:00:00,2024-07-26 00:00:00
1821050.6,4447571.5,767614,2011-11-02 00:00:00,2011-11-18 00:00:00
1823830.6,4445254.5,767615,2008-10-05 00:00:00,2008-10-12 00:00:00
1843753.6,4446644.5,767616,2007-09-22 00:00:00,2007-09-28 00:00:00
1844216.6,4445717.5,767617,2008-09-26 00:00:00,2008-10-12 00:00:00
1845606.6,4447107.5,767621,2011-09-28 00:00:00,2011-10-09 00:00:00
1844216.6,4447107.5,767623,2017-09-28 00:00:00,2017-10-07 00:00:00
1840973.6,4444791.5,767624,2021-08-03 00:00:00,2021-08-08 00:00:00
1846996.6,4448497.5,767625,2008-10-02 00:00:00,2008-10-06 00:00:00
1846996.6,4447571.5,767626,2008-10-12 00:00:00,2008-10-12 00:00:00
1848386.6,4446644.5,767628,2008-10-02 00:00:00,2008-10-07 00:00:00
1888694.6,4448034.5,767638,2015-10-26 00:00:00,2015-11-08 00:00:00
2009155.6,4441084.5,767674,2006-08-17 00:00:00,2006-08-27 00:00:00
2223206.8,4722315.5,767763,2001-06-22 00:00:00,2001-06-24 00:00:00
2227839.8,4687567.5,767764,2001-06-23 00:00:00,2001-06-24 00:00:00
2225059.8,4719072.5,767830,2001-07-05 00:00:00,2001-07-05 00:00:00
2229229.8,4702856.5,767831,2001-08-05 00:00:00,2001-08-10 00:00:00
2226449.8,4676910.5,767832,2001-08-10 00:00:00,2001-08-20 00:00:00
2224133.8,4567105.5,767871,2002-10-23 00:00:00,2002-10-23 00:00:00
2224133.8,4722778.5,767890,2004-06-08 00:00:00,2004-06-09 00:00:00
2224133.8,4724168.5,767891,2004-06-21 00:00:00,2004-06-24 00:00:00
2224596.8,4722778.5,767892,2004-07-17 00:00:00,2004-07-20 00:00:00
2224133.8,4596757.5,767911,2004-09-21 00:00:00,2004-09-21 00:00:00
2225059.8,4596757.5,767913,2004-10-08 00:00:00,2004-10-19 00:00:00
2225059.8,4584711.5,767914,2004-10-12 00:00:00,2004-10-17 00:00:00
2225522.8,4567569.5,767915,2004-10-08 00:00:00,2004-10-13 00:00:00
2223669.8,4598147.5,767967,2005-10-16 00:00:00,2005-10-24 00:00:00
2224133.8,4583785.5,767968,2005-10-04 00:00:00,2005-10-13 00:00:00
2224596.8,4726022.5,768007,2006-07-28 00:00:00,2006-08-02 00:00:00
2223669.8,4723705.5,768008,2006-08-17 00:00:00,2006-08-17 00:00:00
2224133.8,4719535.5,768009,2006-07-28 00:00:00,2006-07-28 00:00:00
2224133.8,4531893.5,768032,2007-04-16 00:00:00,2007-04-16 00:00:00
2224133.8,4726022.5,768033,2007-05-31 00:00:00,2007-05-31 00:00:00
2224133.8,4582858.5,768050,2007-09-24 00:00:00,2007-10-05 00:00:00
2224133.8,4678764.5,768051,2008-02-16 00:00:00,2008-02-16 00:00:00
2224133.8,4679690.5,768052,2008-02-23 00:00:00,2008-02-23 00:00:00
2222743.8,4680617.5,768112,2008-08-23 00:00:00,2008-08-24 00:00:00
2223669.8,4598611.5,768113,2008-10-01 00:00:00,2008-10-01 00:00:00
2224133.8,4582395.5,768114,2008-09-30 00:00:00,2008-10-07 00:00:00
2214866.8,4565715.5,768115,2008-09-30 00:00:00,2008-10-23 00:00:00
2223669.8,4531430.5,768116,2008-10-06 00:00:00,2008-10-21 00:00:00
2243128.8,4452204.5,768117,2008-07-28 00:00:00,2008-07-31 00:00:00
2224133.8,4598147.5,768150,2009-11-15 00:00:00,2009-11-17 00:00:00
2224133.8,4597221.5,768175,2010-11-01 00:00:00,2010-11-05 00:00:00
2223206.8,4726022.5,768190,2011-08-03 00:00:00,2011-08-07 00:00:00
2225522.8,4596757.5,768196,2011-10-21 00:00:00,2011-11-03 00:00:00
2224133.8,4574982.5,768197,2011-11-02 00:00:00,2011-11-03 00:00:00
2224133.8,4570348.5,768198,2011-11-01 00:00:00,2011-11-01 00:00:00
2224133.8,4527724.5,768199,2011-11-01 00:00:00,2011-11-03 00:00:00
2219963.8,4694516.5,768212,2012-08-24 00:00:00,2012-08-31 00:00:00
2224133.8,4694980.5,768216,2012-09-13 00:00:00,2012-09-13 00:00:00
2224133.8,4600000.5,768218,2012-10-12 00:00:00,2012-10-12 00:00:00
2224133.8,4598147.5,768313,2015-11-01 00:00:00,2015-11-01 00:00:00
2224133.8,4569422.5,768314,2015-10-31 00:00:00,2015-10-31 00:00:00
2225059.8,4604170.5,768335,2016-09-06 00:00:00,2016-09-13 00:00:00
2224596.8,4629189.5,768341,2016-09-27 00:00:00,2016-09-28 00:00:00
2224133.8,4617606.5,768342,2016-09-27 00:00:00,2016-09-30 00:00:00
2224596.8,4602317.5,768343,2016-09-22 00:00:00,2016-09-24 00:00:00
2224596.8,4595831.5,768344,2016-09-19 00:00:00,2016-09-21 00:00:00
2223206.8,4588881.5,768345,2016-09-21 00:00:00,2016-09-21 00:00:00
2224133.8,4724632.5,768379,2018-08-09 00:00:00,2018-08-12 00:00:00
2225059.8,4629652.5,768385,2018-10-01 00:00:00,2018-10-04 00:00:00
2224133.8,4531430.5,768386,2018-10-12 00:00:00,2018-10-12 00:00:00
2224133.8,4530040.5,768387,2018-09-27 00:00:00,2018-09-27 00:00:00
2224133.8,4584248.5,768413,2019-10-22 00:00:00,2019-10-25 00:00:00
2224133.8,4551816.5,768416,2020-09-17 00:00:00,2020-09-19 00:00:00
2224596.8,4588418.5,768418,2020-10-06 00:00:00,2020-10-11 00:00:00
2219963.8,4567105.5,768437,2022-10-04 00:00:00,2022-10-21 00:00:00
2224133.8,4530967.5,768438,2022-10-10 00:00:00,2022-10-10 00:00:00
2222743.8,4712585.5,768439,2023-06-09 00:00:00,2023-06-23 00:00:00
2224596.8,4628726.5,768444,2023-10-12 00:00:00,2023-10-19 00:00:00
2224133.8,4619460.5,768445,2023-10-27 00:00:00,2023-10-27 00:00:00
2223669.8,4599537.5,768446,2023-10-19 00:00:00,2023-10-19 00:00:00
2224133.8,4567569.5,768447,2023-10-04 00:00:00,2023-10-28 00:00:00
2227376.8,4674594.5,768449,2024-07-15 00:00:00,2024-07-25 00:00:00
2337644.8,4445717.5,768545,2013-05-22 00:00:00,2013-05-27 00:00:00
